[12:35:10] ============================================================
[12:35:10] Phase 2: pose-conditioned regression
[12:35:10] 출력: out_classifier2
[12:35:10] 디바이스: cuda
[12:35:10] 데이터셋 로딩... fmt=oxford  with_label=True
[12:35:26] 파라미터 수: 495,461
[12:35:26] [pretrain] extractor 이식: 81개 레이어 완료, 1개 크기 불일치 → 랜덤 초기화
[12:35:26]   → 랜덤 초기화 레이어: ['net.1.weight']
[12:35:26] [pretrain] cls 체크포인트 키 불일치, pose_classifier 랜덤 초기화
[12:35:26] train set 클래스 가중치 계산...
[12:35:45]   weights: [1.182 0.77  0.996 1.205 1.112 1.178 0.557]
[12:35:45] [two-stage] Stage 1: MSE (epoch 1~30)
[12:35:45] 총 100 epoch (시작 1)
[12:35:55]   Epoch 001 [  50/2849]  reg=0.2233  cls=1.9929  rmse=0.8505
[12:35:56]   Epoch 001 [ 100/2849]  reg=0.2334  cls=1.8543  rmse=0.8439
[12:35:56]   Epoch 001 [ 150/2849]  reg=0.2400  cls=1.7538  rmse=0.8429
[12:35:57]   Epoch 001 [ 200/2849]  reg=0.2456  cls=1.5803  rmse=0.8422
[12:35:57]   Epoch 001 [ 250/2849]  reg=0.2158  cls=1.4880  rmse=0.8558
[12:35:58]   Epoch 001 [ 300/2849]  reg=0.2509  cls=1.6597  rmse=0.8644
[12:35:58]   Epoch 001 [ 350/2849]  reg=0.2291  cls=1.4351  rmse=0.8607
[12:35:59]   Epoch 001 [ 400/2849]  reg=0.2186  cls=1.5078  rmse=0.8602
[12:35:59]   Epoch 001 [ 450/2849]  reg=0.2159  cls=1.4836  rmse=0.8576
[12:36:00]   Epoch 001 [ 500/2849]  reg=0.2400  cls=1.4550  rmse=0.8554
[12:36:00]   Epoch 001 [ 550/2849]  reg=0.2372  cls=1.4649  rmse=0.8539
[12:36:01]   Epoch 001 [ 600/2849]  reg=0.2160  cls=1.3265  rmse=0.8527
[12:36:01]   Epoch 001 [ 650/2849]  reg=0.2616  cls=1.3078  rmse=0.8517
[12:36:02]   Epoch 001 [ 700/2849]  reg=0.2458  cls=1.3376  rmse=0.8509
[12:36:02]   Epoch 001 [ 750/2849]  reg=0.2281  cls=1.2133  rmse=0.8501
[12:36:03]   Epoch 001 [ 800/2849]  reg=0.2280  cls=1.1829  rmse=0.8496
[12:36:03]   Epoch 001 [ 850/2849]  reg=0.2166  cls=1.2058  rmse=0.8488
[12:36:04]   Epoch 001 [ 900/2849]  reg=0.2375  cls=1.1726  rmse=0.8479
[12:36:05]   Epoch 001 [ 950/2849]  reg=0.2281  cls=1.2186  rmse=0.8473
[12:36:05]   Epoch 001 [1000/2849]  reg=0.2298  cls=1.1086  rmse=0.8466
[12:36:06]   Epoch 001 [1050/2849]  reg=0.2379  cls=1.1306  rmse=0.8469
[12:36:06]   Epoch 001 [1100/2849]  reg=0.2265  cls=1.2225  rmse=0.8468
[12:36:07]   Epoch 001 [1150/2849]  reg=0.2269  cls=1.0569  rmse=0.8464
[12:36:07]   Epoch 001 [1200/2849]  reg=0.2353  cls=0.9776  rmse=0.8465
[12:36:08]   Epoch 001 [1250/2849]  reg=0.2300  cls=1.1223  rmse=0.8460
[12:36:08]   Epoch 001 [1300/2849]  reg=0.2261  cls=0.9609  rmse=0.8458
[12:36:09]   Epoch 001 [1350/2849]  reg=0.2379  cls=1.0244  rmse=0.8454
[12:36:09]   Epoch 001 [1400/2849]  reg=0.2202  cls=0.9802  rmse=0.8451
[12:36:10]   Epoch 001 [1450/2849]  reg=0.2312  cls=1.0040  rmse=0.8449
[12:36:10]   Epoch 001 [1500/2849]  reg=0.2295  cls=1.0291  rmse=0.8448
[12:36:11]   Epoch 001 [1550/2849]  reg=0.2358  cls=0.9883  rmse=0.8444
[12:36:11]   Epoch 001 [1600/2849]  reg=0.2427  cls=0.9443  rmse=0.8442
[12:36:12]   Epoch 001 [1650/2849]  reg=0.2367  cls=1.0942  rmse=0.8440
[12:36:12]   Epoch 001 [1700/2849]  reg=0.2298  cls=0.9779  rmse=0.8437
[12:36:13]   Epoch 001 [1750/2849]  reg=0.2408  cls=0.8933  rmse=0.8451
[12:36:14]   Epoch 001 [1800/2849]  reg=0.2175  cls=0.8736  rmse=0.8446
[12:36:14]   Epoch 001 [1850/2849]  reg=0.2280  cls=1.0638  rmse=0.8442
[12:36:14]   Epoch 001 [1900/2849]  reg=0.2109  cls=0.9307  rmse=0.8455
[12:36:15]   Epoch 001 [1950/2849]  reg=0.2231  cls=0.9218  rmse=0.8450
[12:36:15]   Epoch 001 [2000/2849]  reg=0.2411  cls=0.7929  rmse=0.8444
[12:36:16]   Epoch 001 [2050/2849]  reg=0.2320  cls=0.9005  rmse=0.8438
[12:36:16]   Epoch 001 [2100/2849]  reg=0.2116  cls=0.8589  rmse=0.8431
[12:36:17]   Epoch 001 [2150/2849]  reg=0.2206  cls=0.8159  rmse=0.8426
[12:36:18]   Epoch 001 [2200/2849]  reg=0.2298  cls=0.8589  rmse=0.8420
[12:36:18]   Epoch 001 [2250/2849]  reg=0.2252  cls=0.7525  rmse=0.8411
[12:36:19]   Epoch 001 [2300/2849]  reg=0.1889  cls=0.7851  rmse=0.8402
[12:36:19]   Epoch 001 [2350/2849]  reg=0.1882  cls=0.8268  rmse=0.8391
[12:36:20]   Epoch 001 [2400/2849]  reg=0.2081  cls=0.9126  rmse=0.8379
[12:36:20]   Epoch 001 [2450/2849]  reg=0.2021  cls=0.8169  rmse=0.8365
[12:36:21]   Epoch 001 [2500/2849]  reg=0.1951  cls=0.7585  rmse=0.8351
[12:36:21]   Epoch 001 [2550/2849]  reg=0.2071  cls=0.8175  rmse=0.8336
[12:36:22]   Epoch 001 [2600/2849]  reg=0.1934  cls=0.8364  rmse=0.8321
[12:36:22]   Epoch 001 [2650/2849]  reg=0.1627  cls=0.9029  rmse=0.8307
[12:36:23]   Epoch 001 [2700/2849]  reg=0.1769  cls=0.8077  rmse=0.8291
[12:36:23]   Epoch 001 [2750/2849]  reg=0.1889  cls=0.8958  rmse=0.8275
[12:36:24]   Epoch 001 [2800/2849]  reg=0.1673  cls=0.7833  rmse=0.8258
[12:36:36] Epoch 001/100  lr=2.80e-05  train[reg=0.2324 cls=1.1294 rmse=0.8241]  val[rmse=0.7152 cls=1.0386 xyz=(0.403,0.591,0.027) acc=0.689]  (50.4s)
[12:36:36]   ckpt 저장: out_classifier2\checkpoints\best.pth
[12:36:45]   Epoch 002 [  50/2849]  reg=0.1978  cls=0.7948  rmse=0.7258
[12:36:45]   Epoch 002 [ 100/2849]  reg=0.1631  cls=0.8754  rmse=0.7203
[12:36:46]   Epoch 002 [ 150/2849]  reg=0.1514  cls=0.8895  rmse=0.7161
[12:36:46]   Epoch 002 [ 200/2849]  reg=0.1694  cls=0.8907  rmse=0.7257
[12:36:47]   Epoch 002 [ 250/2849]  reg=0.1459  cls=0.7499  rmse=0.7150
[12:36:48]   Epoch 002 [ 300/2849]  reg=0.1407  cls=0.7480  rmse=0.7076
[12:36:48]   Epoch 002 [ 350/2849]  reg=0.1348  cls=0.7754  rmse=0.7013
[12:36:49]   Epoch 002 [ 400/2849]  reg=0.1424  cls=0.6748  rmse=0.6949
[12:36:49]   Epoch 002 [ 450/2849]  reg=0.1464  cls=0.7401  rmse=0.6886
[12:36:50]   Epoch 002 [ 500/2849]  reg=0.1048  cls=0.6785  rmse=0.6838
[12:36:50]   Epoch 002 [ 550/2849]  reg=0.1244  cls=0.7192  rmse=0.6795
[12:36:51]   Epoch 002 [ 600/2849]  reg=0.1204  cls=0.7917  rmse=0.6745
[12:36:51]   Epoch 002 [ 650/2849]  reg=0.1453  cls=0.8174  rmse=0.6706
[12:36:52]   Epoch 002 [ 700/2849]  reg=0.1255  cls=0.7699  rmse=0.6660
[12:36:52]   Epoch 002 [ 750/2849]  reg=0.1272  cls=0.7348  rmse=0.6619
[12:36:53]   Epoch 002 [ 800/2849]  reg=0.1311  cls=0.7481  rmse=0.6578
[12:36:53]   Epoch 002 [ 850/2849]  reg=0.1281  cls=0.6821  rmse=0.6536
[12:36:54]   Epoch 002 [ 900/2849]  reg=0.1019  cls=0.6947  rmse=0.6499
[12:36:55]   Epoch 002 [ 950/2849]  reg=0.1153  cls=0.6948  rmse=0.6467
[12:36:55]   Epoch 002 [1000/2849]  reg=0.1002  cls=0.6951  rmse=0.6435
[12:36:56]   Epoch 002 [1050/2849]  reg=0.1213  cls=0.7914  rmse=0.6406
[12:36:56]   Epoch 002 [1100/2849]  reg=0.1208  cls=0.7733  rmse=0.6375
[12:36:57]   Epoch 002 [1150/2849]  reg=0.1029  cls=0.7039  rmse=0.6351
[12:36:57]   Epoch 002 [1200/2849]  reg=0.0907  cls=0.6860  rmse=0.6324
[12:36:58]   Epoch 002 [1250/2849]  reg=0.1077  cls=0.6984  rmse=0.6302
[12:36:58]   Epoch 002 [1300/2849]  reg=0.0862  cls=0.7163  rmse=0.6281
[12:36:59]   Epoch 002 [1350/2849]  reg=0.1127  cls=0.6018  rmse=0.6257
[12:36:59]   Epoch 002 [1400/2849]  reg=0.1134  cls=0.7453  rmse=0.6231
[12:37:00]   Epoch 002 [1450/2849]  reg=0.1011  cls=0.7950  rmse=0.6214
[12:37:00]   Epoch 002 [1500/2849]  reg=0.1000  cls=0.6551  rmse=0.6193
[12:37:01]   Epoch 002 [1550/2849]  reg=0.0964  cls=0.7221  rmse=0.6171
[12:37:01]   Epoch 002 [1600/2849]  reg=0.0922  cls=0.6854  rmse=0.6149
[12:37:02]   Epoch 002 [1650/2849]  reg=0.0890  cls=0.7224  rmse=0.6129
[12:37:02]   Epoch 002 [1700/2849]  reg=0.1135  cls=0.6235  rmse=0.6108
[12:37:03]   Epoch 002 [1750/2849]  reg=0.0903  cls=0.5845  rmse=0.6090
[12:37:03]   Epoch 002 [1800/2849]  reg=0.0989  cls=0.6390  rmse=0.6072
[12:37:04]   Epoch 002 [1850/2849]  reg=0.0965  cls=0.5840  rmse=0.6051
[12:37:04]   Epoch 002 [1900/2849]  reg=0.0982  cls=0.5774  rmse=0.6033
[12:37:05]   Epoch 002 [1950/2849]  reg=0.0852  cls=0.7211  rmse=0.6016
[12:37:05]   Epoch 002 [2000/2849]  reg=0.0984  cls=0.6128  rmse=0.5998
[12:37:06]   Epoch 002 [2050/2849]  reg=0.0982  cls=0.6654  rmse=0.5981
[12:37:06]   Epoch 002 [2100/2849]  reg=0.0981  cls=0.5939  rmse=0.5964
[12:37:07]   Epoch 002 [2150/2849]  reg=0.1021  cls=0.7005  rmse=0.5947
[12:37:08]   Epoch 002 [2200/2849]  reg=0.0900  cls=0.8100  rmse=0.5930
[12:37:08]   Epoch 002 [2250/2849]  reg=0.0898  cls=0.6202  rmse=0.5932
[12:37:09]   Epoch 002 [2300/2849]  reg=0.0849  cls=0.6130  rmse=0.5917
[12:37:09]   Epoch 002 [2350/2849]  reg=0.1005  cls=0.6205  rmse=0.5902
[12:37:10]   Epoch 002 [2400/2849]  reg=0.0798  cls=0.5320  rmse=0.5886
[12:37:10]   Epoch 002 [2450/2849]  reg=0.0966  cls=0.5115  rmse=0.5874
[12:37:11]   Epoch 002 [2500/2849]  reg=0.0862  cls=0.6328  rmse=0.5861
[12:37:11]   Epoch 002 [2550/2849]  reg=0.0882  cls=0.5603  rmse=0.5847
[12:37:12]   Epoch 002 [2600/2849]  reg=0.0881  cls=0.6574  rmse=0.5833
[12:37:12]   Epoch 002 [2650/2849]  reg=0.0805  cls=0.5524  rmse=0.5821
[12:37:13]   Epoch 002 [2700/2849]  reg=0.0876  cls=0.5521  rmse=0.5821
[12:37:13]   Epoch 002 [2750/2849]  reg=0.0898  cls=0.6274  rmse=0.5808
[12:37:14]   Epoch 002 [2800/2849]  reg=0.0908  cls=0.6919  rmse=0.5796
[12:37:26] Epoch 002/100  lr=4.60e-05  train[reg=0.1196 cls=0.7055 rmse=0.5798]  val[rmse=0.4889 cls=0.8672 xyz=(0.318,0.370,0.027) acc=0.801]  (50.0s)
[12:37:26]   ckpt 저장: out_classifier2\checkpoints\best.pth
[12:37:35]   Epoch 003 [  50/2849]  reg=0.0804  cls=0.6944  rmse=0.5227
[12:37:36]   Epoch 003 [ 100/2849]  reg=0.0898  cls=0.7168  rmse=0.5146
[12:37:36]   Epoch 003 [ 150/2849]  reg=0.0909  cls=0.6921  rmse=0.5091
[12:37:37]   Epoch 003 [ 200/2849]  reg=0.0779  cls=0.6597  rmse=0.5252
[12:37:37]   Epoch 003 [ 250/2849]  reg=0.1046  cls=0.7399  rmse=0.5196
[12:37:38]   Epoch 003 [ 300/2849]  reg=0.0824  cls=0.5335  rmse=0.5157
[12:37:38]   Epoch 003 [ 350/2849]  reg=0.0602  cls=0.6603  rmse=0.5118
[12:37:39]   Epoch 003 [ 400/2849]  reg=0.0672  cls=0.4834  rmse=0.5096
[12:37:39]   Epoch 003 [ 450/2849]  reg=0.0694  cls=0.6192  rmse=0.5069
[12:37:40]   Epoch 003 [ 500/2849]  reg=0.0894  cls=0.5660  rmse=0.5058
[12:37:40]   Epoch 003 [ 550/2849]  reg=0.0757  cls=0.6359  rmse=0.5050
[12:37:41]   Epoch 003 [ 600/2849]  reg=0.0664  cls=0.5561  rmse=0.5102
[12:37:41]   Epoch 003 [ 650/2849]  reg=0.0782  cls=0.6111  rmse=0.5083
[12:37:42]   Epoch 003 [ 700/2849]  reg=0.0752  cls=0.6141  rmse=0.5062
[12:37:43]   Epoch 003 [ 750/2849]  reg=0.0677  cls=0.6027  rmse=0.5048
[12:37:43]   Epoch 003 [ 800/2849]  reg=0.0710  cls=0.5277  rmse=0.5042
[12:37:44]   Epoch 003 [ 850/2849]  reg=0.0746  cls=0.6403  rmse=0.5027
[12:37:44]   Epoch 003 [ 900/2849]  reg=0.0686  cls=0.5159  rmse=0.5017
[12:37:45]   Epoch 003 [ 950/2849]  reg=0.0992  cls=0.4934  rmse=0.5003
[12:37:45]   Epoch 003 [1000/2849]  reg=0.0854  cls=0.5867  rmse=0.4993
[12:37:46]   Epoch 003 [1050/2849]  reg=0.0875  cls=0.5995  rmse=0.4985
[12:37:47]   Epoch 003 [1100/2849]  reg=0.0679  cls=0.5113  rmse=0.4974
[12:37:47]   Epoch 003 [1150/2849]  reg=0.0762  cls=0.5254  rmse=0.4973
[12:37:48]   Epoch 003 [1200/2849]  reg=0.0695  cls=0.5362  rmse=0.4963
[12:37:48]   Epoch 003 [1250/2849]  reg=0.0951  cls=0.6215  rmse=0.4957
[12:37:49]   Epoch 003 [1300/2849]  reg=0.0793  cls=0.5208  rmse=0.4947
[12:37:49]   Epoch 003 [1350/2849]  reg=0.0700  cls=0.5504  rmse=0.4935
[12:37:50]   Epoch 003 [1400/2849]  reg=0.0833  cls=0.6510  rmse=0.4927
[12:37:50]   Epoch 003 [1450/2849]  reg=0.0744  cls=0.4640  rmse=0.4918
[12:37:51]   Epoch 003 [1500/2849]  reg=0.0765  cls=0.5967  rmse=0.4913
[12:37:52]   Epoch 003 [1550/2849]  reg=0.0773  cls=0.5794  rmse=0.4905
[12:37:52]   Epoch 003 [1600/2849]  reg=0.0706  cls=0.4967  rmse=0.4899
[12:37:53]   Epoch 003 [1650/2849]  reg=0.0857  cls=0.5381  rmse=0.4915
[12:37:53]   Epoch 003 [1700/2849]  reg=0.0849  cls=0.5071  rmse=0.4905
[12:37:54]   Epoch 003 [1750/2849]  reg=0.0633  cls=0.5678  rmse=0.4895
[12:37:54]   Epoch 003 [1800/2849]  reg=0.0647  cls=0.6230  rmse=0.4886
[12:37:55]   Epoch 003 [1850/2849]  reg=0.0572  cls=0.5274  rmse=0.4880
[12:37:56]   Epoch 003 [1900/2849]  reg=0.0679  cls=0.6051  rmse=0.4872
[12:37:56]   Epoch 003 [1950/2849]  reg=0.0630  cls=0.6449  rmse=0.4867
[12:37:57]   Epoch 003 [2000/2849]  reg=0.0652  cls=0.6007  rmse=0.4862
[12:37:57]   Epoch 003 [2050/2849]  reg=0.0688  cls=0.6255  rmse=0.4853
[12:37:58]   Epoch 003 [2100/2849]  reg=0.0794  cls=0.5190  rmse=0.4845
[12:37:58]   Epoch 003 [2150/2849]  reg=0.0534  cls=0.5905  rmse=0.4836
[12:37:59]   Epoch 003 [2200/2849]  reg=0.0783  cls=0.5116  rmse=0.4828
[12:37:59]   Epoch 003 [2250/2849]  reg=0.0608  cls=0.5349  rmse=0.4819
[12:38:00]   Epoch 003 [2300/2849]  reg=0.0739  cls=0.4937  rmse=0.4812
[12:38:01]   Epoch 003 [2350/2849]  reg=0.0659  cls=0.5545  rmse=0.4803
[12:38:01]   Epoch 003 [2400/2849]  reg=0.0566  cls=0.5592  rmse=0.4796
[12:38:02]   Epoch 003 [2450/2849]  reg=0.0573  cls=0.5336  rmse=0.4790
[12:38:02]   Epoch 003 [2500/2849]  reg=0.0597  cls=0.4901  rmse=0.4784
[12:38:03]   Epoch 003 [2550/2849]  reg=0.0705  cls=0.6841  rmse=0.4792
[12:38:03]   Epoch 003 [2600/2849]  reg=0.0603  cls=0.5890  rmse=0.4787
[12:38:04]   Epoch 003 [2650/2849]  reg=0.0664  cls=0.5107  rmse=0.4780
[12:38:05]   Epoch 003 [2700/2849]  reg=0.0699  cls=0.5832  rmse=0.4773
[12:38:05]   Epoch 003 [2750/2849]  reg=0.0580  cls=0.6169  rmse=0.4765
[12:38:06]   Epoch 003 [2800/2849]  reg=0.0596  cls=0.6060  rmse=0.4758
[12:38:18] Epoch 003/100  lr=6.40e-05  train[reg=0.0823 cls=0.5664 rmse=0.4751]  val[rmse=0.4258 cls=0.7363 xyz=(0.288,0.312,0.027) acc=0.855]  (51.8s)
[12:38:18]   ckpt 저장: out_classifier2\checkpoints\best.pth
[12:38:27]   Epoch 004 [  50/2849]  reg=0.0817  cls=0.5106  rmse=0.4379
[12:38:28]   Epoch 004 [ 100/2849]  reg=0.0556  cls=0.5555  rmse=0.4336
[12:38:28]   Epoch 004 [ 150/2849]  reg=0.0594  cls=0.5106  rmse=0.4317
[12:38:29]   Epoch 004 [ 200/2849]  reg=0.0755  cls=0.4534  rmse=0.4321
[12:38:29]   Epoch 004 [ 250/2849]  reg=0.0598  cls=0.5744  rmse=0.4338
[12:38:30]   Epoch 004 [ 300/2849]  reg=0.0674  cls=0.6011  rmse=0.4335
[12:38:31]   Epoch 004 [ 350/2849]  reg=0.0676  cls=0.5441  rmse=0.4441
[12:38:31]   Epoch 004 [ 400/2849]  reg=0.0636  cls=0.4830  rmse=0.4411
[12:38:32]   Epoch 004 [ 450/2849]  reg=0.0603  cls=0.5435  rmse=0.4404
[12:38:32]   Epoch 004 [ 500/2849]  reg=0.0602  cls=0.4460  rmse=0.4387
[12:38:33]   Epoch 004 [ 550/2849]  reg=0.0504  cls=0.5326  rmse=0.4378
[12:38:33]   Epoch 004 [ 600/2849]  reg=0.0621  cls=0.5369  rmse=0.4362
[12:38:34]   Epoch 004 [ 650/2849]  reg=0.0586  cls=0.4896  rmse=0.4344
[12:38:34]   Epoch 004 [ 700/2849]  reg=0.0556  cls=0.5396  rmse=0.4329
[12:38:35]   Epoch 004 [ 750/2849]  reg=0.0638  cls=0.5155  rmse=0.4323
[12:38:35]   Epoch 004 [ 800/2849]  reg=0.0621  cls=0.5190  rmse=0.4314
[12:38:36]   Epoch 004 [ 850/2849]  reg=0.0522  cls=0.5408  rmse=0.4307
[12:38:36]   Epoch 004 [ 900/2849]  reg=0.0710  cls=0.5999  rmse=0.4339
[12:38:37]   Epoch 004 [ 950/2849]  reg=0.0620  cls=0.4516  rmse=0.4324
[12:38:37]   Epoch 004 [1000/2849]  reg=0.0649  cls=0.4616  rmse=0.4311
[12:38:38]   Epoch 004 [1050/2849]  reg=0.0729  cls=0.4725  rmse=0.4299
[12:38:38]   Epoch 004 [1100/2849]  reg=0.0418  cls=0.4340  rmse=0.4290
[12:38:39]   Epoch 004 [1150/2849]  reg=0.0639  cls=0.4771  rmse=0.4281
[12:38:40]   Epoch 004 [1200/2849]  reg=0.0582  cls=0.5329  rmse=0.4269
[12:38:40]   Epoch 004 [1250/2849]  reg=0.0522  cls=0.5461  rmse=0.4259
[12:38:41]   Epoch 004 [1300/2849]  reg=0.0587  cls=0.4859  rmse=0.4246
[12:38:41]   Epoch 004 [1350/2849]  reg=0.0663  cls=0.5496  rmse=0.4237
[12:38:42]   Epoch 004 [1400/2849]  reg=0.0653  cls=0.4662  rmse=0.4228
[12:38:42]   Epoch 004 [1450/2849]  reg=0.0523  cls=0.4449  rmse=0.4218
[12:38:43]   Epoch 004 [1500/2849]  reg=0.0556  cls=0.5738  rmse=0.4219
[12:38:43]   Epoch 004 [1550/2849]  reg=0.0498  cls=0.4943  rmse=0.4208
[12:38:44]   Epoch 004 [1600/2849]  reg=0.0442  cls=0.4964  rmse=0.4200
[12:38:44]   Epoch 004 [1650/2849]  reg=0.0510  cls=0.4738  rmse=0.4192
[12:38:45]   Epoch 004 [1700/2849]  reg=0.0626  cls=0.4815  rmse=0.4185
[12:38:45]   Epoch 004 [1750/2849]  reg=0.0459  cls=0.5011  rmse=0.4177
[12:38:46]   Epoch 004 [1800/2849]  reg=0.0462  cls=0.4749  rmse=0.4170
[12:38:46]   Epoch 004 [1850/2849]  reg=0.0479  cls=0.5848  rmse=0.4161
[12:38:47]   Epoch 004 [1900/2849]  reg=0.0469  cls=0.4967  rmse=0.4154
[12:38:47]   Epoch 004 [1950/2849]  reg=0.0479  cls=0.4500  rmse=0.4167
[12:38:48]   Epoch 004 [2000/2849]  reg=0.0479  cls=0.4393  rmse=0.4159
[12:38:48]   Epoch 004 [2050/2849]  reg=0.0513  cls=0.5612  rmse=0.4154
[12:38:49]   Epoch 004 [2100/2849]  reg=0.0542  cls=0.4163  rmse=0.4147
[12:38:49]   Epoch 004 [2150/2849]  reg=0.0488  cls=0.5133  rmse=0.4140
[12:38:50]   Epoch 004 [2200/2849]  reg=0.0494  cls=0.5599  rmse=0.4133
[12:38:50]   Epoch 004 [2250/2849]  reg=0.0452  cls=0.4779  rmse=0.4126
[12:38:51]   Epoch 004 [2300/2849]  reg=0.0491  cls=0.4266  rmse=0.4134
[12:38:51]   Epoch 004 [2350/2849]  reg=0.0500  cls=0.4241  rmse=0.4128
[12:38:52]   Epoch 004 [2400/2849]  reg=0.0489  cls=0.5229  rmse=0.4121
[12:38:52]   Epoch 004 [2450/2849]  reg=0.0463  cls=0.4758  rmse=0.4113
[12:38:53]   Epoch 004 [2500/2849]  reg=0.0607  cls=0.5230  rmse=0.4106
[12:38:53]   Epoch 004 [2550/2849]  reg=0.0455  cls=0.4946  rmse=0.4108
[12:38:54]   Epoch 004 [2600/2849]  reg=0.0391  cls=0.5171  rmse=0.4101
[12:38:54]   Epoch 004 [2650/2849]  reg=0.0494  cls=0.5090  rmse=0.4098
[12:38:55]   Epoch 004 [2700/2849]  reg=0.0429  cls=0.5102  rmse=0.4092
[12:38:55]   Epoch 004 [2750/2849]  reg=0.0538  cls=0.4475  rmse=0.4085
[12:38:56]   Epoch 004 [2800/2849]  reg=0.0405  cls=0.5250  rmse=0.4080
[12:39:07] Epoch 004/100  lr=8.20e-05  train[reg=0.0627 cls=0.5033 rmse=0.4074]  val[rmse=0.3618 cls=0.6892 xyz=(0.252,0.258,0.027) acc=0.866]  (49.8s)
[12:39:07]   ckpt 저장: out_classifier2\checkpoints\best.pth
[12:39:16]   Epoch 005 [  50/2849]  reg=0.0490  cls=0.5192  rmse=0.3684
[12:39:17]   Epoch 005 [ 100/2849]  reg=0.0575  cls=0.5348  rmse=0.3681
[12:39:18]   Epoch 005 [ 150/2849]  reg=0.0442  cls=0.4542  rmse=0.3685
[12:39:18]   Epoch 005 [ 200/2849]  reg=0.0483  cls=0.4853  rmse=0.3686
[12:39:19]   Epoch 005 [ 250/2849]  reg=0.0430  cls=0.4591  rmse=0.3826
[12:39:19]   Epoch 005 [ 300/2849]  reg=0.0603  cls=0.5331  rmse=0.3804
[12:39:20]   Epoch 005 [ 350/2849]  reg=0.0374  cls=0.4725  rmse=0.3795
[12:39:20]   Epoch 005 [ 400/2849]  reg=0.0443  cls=0.4668  rmse=0.3779
[12:39:21]   Epoch 005 [ 450/2849]  reg=0.0400  cls=0.4457  rmse=0.3766
[12:39:21]   Epoch 005 [ 500/2849]  reg=0.0393  cls=0.4563  rmse=0.3827
[12:39:22]   Epoch 005 [ 550/2849]  reg=0.0430  cls=0.5129  rmse=0.3809
[12:39:22]   Epoch 005 [ 600/2849]  reg=0.0396  cls=0.4866  rmse=0.3793
[12:39:23]   Epoch 005 [ 650/2849]  reg=0.0383  cls=0.5498  rmse=0.3785
[12:39:23]   Epoch 005 [ 700/2849]  reg=0.0433  cls=0.4580  rmse=0.3781
[12:39:24]   Epoch 005 [ 750/2849]  reg=0.0428  cls=0.4540  rmse=0.3769
[12:39:24]   Epoch 005 [ 800/2849]  reg=0.0353  cls=0.4136  rmse=0.3757
[12:39:25]   Epoch 005 [ 850/2849]  reg=0.0384  cls=0.4480  rmse=0.3747
[12:39:25]   Epoch 005 [ 900/2849]  reg=0.0368  cls=0.5040  rmse=0.3744
[12:39:26]   Epoch 005 [ 950/2849]  reg=0.0418  cls=0.5241  rmse=0.3749
[12:39:26]   Epoch 005 [1000/2849]  reg=0.0450  cls=0.5315  rmse=0.3783
[12:39:27]   Epoch 005 [1050/2849]  reg=0.0461  cls=0.4971  rmse=0.3772
[12:39:27]   Epoch 005 [1100/2849]  reg=0.0355  cls=0.4340  rmse=0.3760
[12:39:28]   Epoch 005 [1150/2849]  reg=0.0336  cls=0.4268  rmse=0.3756
[12:39:29]   Epoch 005 [1200/2849]  reg=0.0337  cls=0.4782  rmse=0.3745
[12:39:29]   Epoch 005 [1250/2849]  reg=0.0384  cls=0.4231  rmse=0.3735
[12:39:30]   Epoch 005 [1300/2849]  reg=0.0318  cls=0.5475  rmse=0.3725
[12:39:30]   Epoch 005 [1350/2849]  reg=0.0366  cls=0.4116  rmse=0.3721
[12:39:31]   Epoch 005 [1400/2849]  reg=0.0590  cls=0.4579  rmse=0.3714
[12:39:31]   Epoch 005 [1450/2849]  reg=0.0453  cls=0.5747  rmse=0.3706
[12:39:32]   Epoch 005 [1500/2849]  reg=0.0473  cls=0.4438  rmse=0.3699
[12:39:32]   Epoch 005 [1550/2849]  reg=0.0372  cls=0.5133  rmse=0.3699
[12:39:33]   Epoch 005 [1600/2849]  reg=0.0334  cls=0.5923  rmse=0.3693
[12:39:33]   Epoch 005 [1650/2849]  reg=0.0339  cls=0.4363  rmse=0.3684
[12:39:34]   Epoch 005 [1700/2849]  reg=0.0321  cls=0.4497  rmse=0.3676
[12:39:34]   Epoch 005 [1750/2849]  reg=0.0397  cls=0.4340  rmse=0.3667
[12:39:35]   Epoch 005 [1800/2849]  reg=0.0392  cls=0.4369  rmse=0.3664
[12:39:35]   Epoch 005 [1850/2849]  reg=0.0338  cls=0.4645  rmse=0.3658
[12:39:36]   Epoch 005 [1900/2849]  reg=0.0350  cls=0.5457  rmse=0.3652
[12:39:36]   Epoch 005 [1950/2849]  reg=0.0340  cls=0.4839  rmse=0.3645
[12:39:37]   Epoch 005 [2000/2849]  reg=0.0353  cls=0.3940  rmse=0.3639
[12:39:37]   Epoch 005 [2050/2849]  reg=0.0324  cls=0.3911  rmse=0.3636
[12:39:38]   Epoch 005 [2100/2849]  reg=0.0355  cls=0.4383  rmse=0.3630
[12:39:39]   Epoch 005 [2150/2849]  reg=0.0430  cls=0.4403  rmse=0.3625
[12:39:39]   Epoch 005 [2200/2849]  reg=0.0401  cls=0.4988  rmse=0.3619
[12:39:40]   Epoch 005 [2250/2849]  reg=0.0367  cls=0.4691  rmse=0.3619
[12:39:40]   Epoch 005 [2300/2849]  reg=0.0363  cls=0.4334  rmse=0.3616
[12:39:41]   Epoch 005 [2350/2849]  reg=0.0389  cls=0.4280  rmse=0.3626
[12:39:41]   Epoch 005 [2400/2849]  reg=0.0326  cls=0.4014  rmse=0.3623
[12:39:42]   Epoch 005 [2450/2849]  reg=0.0360  cls=0.4556  rmse=0.3618
[12:39:42]   Epoch 005 [2500/2849]  reg=0.0474  cls=0.5644  rmse=0.3613
[12:39:43]   Epoch 005 [2550/2849]  reg=0.0379  cls=0.4493  rmse=0.3608
[12:39:43]   Epoch 005 [2600/2849]  reg=0.0320  cls=0.4164  rmse=0.3605
[12:39:44]   Epoch 005 [2650/2849]  reg=0.0388  cls=0.4023  rmse=0.3600
[12:39:44]   Epoch 005 [2700/2849]  reg=0.0374  cls=0.5293  rmse=0.3598
[12:39:45]   Epoch 005 [2750/2849]  reg=0.0528  cls=0.4386  rmse=0.3593
[12:39:45]   Epoch 005 [2800/2849]  reg=0.0436  cls=0.4312  rmse=0.3589
[12:39:57] Epoch 005/100  lr=1.00e-04  train[reg=0.0503 cls=0.4649 rmse=0.3585]  val[rmse=0.3234 cls=0.6561 xyz=(0.233,0.223,0.027) acc=0.882]  (49.1s)
[12:39:57]   ckpt 저장: out_classifier2\checkpoints\best.pth
[12:40:06]   Epoch 006 [  50/2849]  reg=0.0374  cls=0.4240  rmse=0.3330
[12:40:06]   Epoch 006 [ 100/2849]  reg=0.0300  cls=0.4570  rmse=0.3307
[12:40:07]   Epoch 006 [ 150/2849]  reg=0.0325  cls=0.4430  rmse=0.3298
[12:40:07]   Epoch 006 [ 200/2849]  reg=0.0370  cls=0.4230  rmse=0.3338
[12:40:08]   Epoch 006 [ 250/2849]  reg=0.0382  cls=0.3831  rmse=0.3326
[12:40:08]   Epoch 006 [ 300/2849]  reg=0.0281  cls=0.4136  rmse=0.3319
[12:40:09]   Epoch 006 [ 350/2849]  reg=0.0488  cls=0.4168  rmse=0.3314
[12:40:09]   Epoch 006 [ 400/2849]  reg=0.0357  cls=0.3592  rmse=0.3310
[12:40:10]   Epoch 006 [ 450/2849]  reg=0.0300  cls=0.4575  rmse=0.3302
[12:40:10]   Epoch 006 [ 500/2849]  reg=0.0311  cls=0.4628  rmse=0.3298
[12:40:11]   Epoch 006 [ 550/2849]  reg=0.0323  cls=0.4579  rmse=0.3298
[12:40:11]   Epoch 006 [ 600/2849]  reg=0.0364  cls=0.4093  rmse=0.3298
[12:40:12]   Epoch 006 [ 650/2849]  reg=0.0342  cls=0.3894  rmse=0.3292
[12:40:12]   Epoch 006 [ 700/2849]  reg=0.0419  cls=0.5268  rmse=0.3287
[12:40:13]   Epoch 006 [ 750/2849]  reg=0.0301  cls=0.4498  rmse=0.3286
[12:40:13]   Epoch 006 [ 800/2849]  reg=0.0370  cls=0.4899  rmse=0.3281
[12:40:14]   Epoch 006 [ 850/2849]  reg=0.0333  cls=0.4228  rmse=0.3293
[12:40:15]   Epoch 006 [ 900/2849]  reg=0.0340  cls=0.4312  rmse=0.3290
[12:40:15]   Epoch 006 [ 950/2849]  reg=0.0325  cls=0.4627  rmse=0.3327
[12:40:16]   Epoch 006 [1000/2849]  reg=0.0311  cls=0.4078  rmse=0.3320
[12:40:16]   Epoch 006 [1050/2849]  reg=0.0393  cls=0.4011  rmse=0.3320
[12:40:17]   Epoch 006 [1100/2849]  reg=0.0361  cls=0.4800  rmse=0.3316
[12:40:17]   Epoch 006 [1150/2849]  reg=0.0403  cls=0.4941  rmse=0.3311
[12:40:18]   Epoch 006 [1200/2849]  reg=0.0357  cls=0.4973  rmse=0.3307
[12:40:18]   Epoch 006 [1250/2849]  reg=0.0318  cls=0.4131  rmse=0.3312
[12:40:19]   Epoch 006 [1300/2849]  reg=0.0420  cls=0.3898  rmse=0.3313
[12:40:19]   Epoch 006 [1350/2849]  reg=0.0355  cls=0.5281  rmse=0.3307
[12:40:20]   Epoch 006 [1400/2849]  reg=0.0333  cls=0.4174  rmse=0.3303
[12:40:20]   Epoch 006 [1450/2849]  reg=0.2837  cls=0.4034  rmse=0.3308
[12:40:21]   Epoch 006 [1500/2849]  reg=0.0389  cls=0.4825  rmse=0.3304
[12:40:21]   Epoch 006 [1550/2849]  reg=0.0389  cls=0.4280  rmse=0.3300
[12:40:22]   Epoch 006 [1600/2849]  reg=0.0466  cls=0.5038  rmse=0.3329
[12:40:22]   Epoch 006 [1650/2849]  reg=0.0354  cls=0.4566  rmse=0.3324
[12:40:23]   Epoch 006 [1700/2849]  reg=0.0291  cls=0.4343  rmse=0.3320
[12:40:23]   Epoch 006 [1750/2849]  reg=0.0407  cls=0.4836  rmse=0.3316
[12:40:24]   Epoch 006 [1800/2849]  reg=0.0291  cls=0.4203  rmse=0.3312
[12:40:24]   Epoch 006 [1850/2849]  reg=0.0383  cls=0.4845  rmse=0.3309
[12:40:25]   Epoch 006 [1900/2849]  reg=0.0274  cls=0.4644  rmse=0.3303
[12:40:25]   Epoch 006 [1950/2849]  reg=0.0379  cls=0.4003  rmse=0.3299
[12:40:26]   Epoch 006 [2000/2849]  reg=0.0316  cls=0.4570  rmse=0.3295
[12:40:26]   Epoch 006 [2050/2849]  reg=0.0330  cls=0.4380  rmse=0.3290
[12:40:27]   Epoch 006 [2100/2849]  reg=0.0342  cls=0.4023  rmse=0.3288
[12:40:27]   Epoch 006 [2150/2849]  reg=0.0343  cls=0.4574  rmse=0.3285
[12:40:28]   Epoch 006 [2200/2849]  reg=0.0325  cls=0.3919  rmse=0.3282
[12:40:28]   Epoch 006 [2250/2849]  reg=0.0345  cls=0.4677  rmse=0.3277
[12:40:29]   Epoch 006 [2300/2849]  reg=0.0282  cls=0.3911  rmse=0.3274
[12:40:29]   Epoch 006 [2350/2849]  reg=0.0232  cls=0.4159  rmse=0.3271
[12:40:30]   Epoch 006 [2400/2849]  reg=0.0301  cls=0.4131  rmse=0.3270
[12:40:31]   Epoch 006 [2450/2849]  reg=0.0347  cls=0.4457  rmse=0.3267
[12:40:31]   Epoch 006 [2500/2849]  reg=0.0356  cls=0.4221  rmse=0.3265
[12:40:32]   Epoch 006 [2550/2849]  reg=0.0264  cls=0.5089  rmse=0.3261
[12:40:32]   Epoch 006 [2600/2849]  reg=0.0432  cls=0.4193  rmse=0.3260
[12:40:33]   Epoch 006 [2650/2849]  reg=0.0401  cls=0.4228  rmse=0.3259
[12:40:33]   Epoch 006 [2700/2849]  reg=0.0349  cls=0.3844  rmse=0.3258
[12:40:34]   Epoch 006 [2750/2849]  reg=0.0362  cls=0.4139  rmse=0.3257
[12:40:34]   Epoch 006 [2800/2849]  reg=0.0374  cls=0.3957  rmse=0.3282
[12:40:45] Epoch 006/100  lr=1.00e-04  train[reg=0.0434 cls=0.4385 rmse=0.3279]  val[rmse=0.2968 cls=0.6480 xyz=(0.218,0.200,0.027) acc=0.886]  (48.7s)
[12:40:45]   ckpt 저장: out_classifier2\checkpoints\best.pth
[12:40:55]   Epoch 007 [  50/2849]  reg=0.2341  cls=0.4168  rmse=0.3302
[12:40:55]   Epoch 007 [ 100/2849]  reg=0.0404  cls=0.3829  rmse=0.3192
[12:40:56]   Epoch 007 [ 150/2849]  reg=0.0310  cls=0.5537  rmse=0.3152
[12:40:56]   Epoch 007 [ 200/2849]  reg=0.0333  cls=0.4058  rmse=0.3149
[12:40:57]   Epoch 007 [ 250/2849]  reg=0.0337  cls=0.4925  rmse=0.3131
[12:40:57]   Epoch 007 [ 300/2849]  reg=0.0280  cls=0.4233  rmse=0.3112
[12:40:58]   Epoch 007 [ 350/2849]  reg=0.0249  cls=0.4988  rmse=0.3112
[12:40:58]   Epoch 007 [ 400/2849]  reg=0.0273  cls=0.3577  rmse=0.3104
[12:40:59]   Epoch 007 [ 450/2849]  reg=0.0309  cls=0.4317  rmse=0.3106
[12:40:59]   Epoch 007 [ 500/2849]  reg=0.0301  cls=0.4123  rmse=0.3098
[12:41:00]   Epoch 007 [ 550/2849]  reg=0.0273  cls=0.3877  rmse=0.3092
[12:41:00]   Epoch 007 [ 600/2849]  reg=0.0358  cls=0.3880  rmse=0.3087
[12:41:01]   Epoch 007 [ 650/2849]  reg=0.0317  cls=0.4658  rmse=0.3083
[12:41:01]   Epoch 007 [ 700/2849]  reg=0.0307  cls=0.3577  rmse=0.3081
[12:41:02]   Epoch 007 [ 750/2849]  reg=0.0304  cls=0.4534  rmse=0.3082
[12:41:02]   Epoch 007 [ 800/2849]  reg=0.0319  cls=0.4011  rmse=0.3079
[12:41:03]   Epoch 007 [ 850/2849]  reg=0.0298  cls=0.4119  rmse=0.3084
[12:41:03]   Epoch 007 [ 900/2849]  reg=0.0309  cls=0.4458  rmse=0.3085
[12:41:04]   Epoch 007 [ 950/2849]  reg=0.0275  cls=0.4560  rmse=0.3081
[12:41:04]   Epoch 007 [1000/2849]  reg=0.0330  cls=0.3818  rmse=0.3081
[12:41:05]   Epoch 007 [1050/2849]  reg=0.0299  cls=0.3681  rmse=0.3081
[12:41:05]   Epoch 007 [1100/2849]  reg=0.0364  cls=0.3939  rmse=0.3086
[12:41:06]   Epoch 007 [1150/2849]  reg=0.0312  cls=0.3918  rmse=0.3087
[12:41:06]   Epoch 007 [1200/2849]  reg=0.0274  cls=0.3810  rmse=0.3147
[12:41:07]   Epoch 007 [1250/2849]  reg=0.0336  cls=0.3882  rmse=0.3140
[12:41:07]   Epoch 007 [1300/2849]  reg=0.0226  cls=0.4680  rmse=0.3133
[12:41:08]   Epoch 007 [1350/2849]  reg=0.0269  cls=0.3990  rmse=0.3127
[12:41:08]   Epoch 007 [1400/2849]  reg=0.0305  cls=0.4346  rmse=0.3122
[12:41:09]   Epoch 007 [1450/2849]  reg=0.0284  cls=0.4738  rmse=0.3117
[12:41:09]   Epoch 007 [1500/2849]  reg=0.0284  cls=0.4187  rmse=0.3115
[12:41:10]   Epoch 007 [1550/2849]  reg=0.0299  cls=0.3474  rmse=0.3112
[12:41:10]   Epoch 007 [1600/2849]  reg=0.0277  cls=0.3513  rmse=0.3108
[12:41:11]   Epoch 007 [1650/2849]  reg=0.0292  cls=0.3657  rmse=0.3107
[12:41:11]   Epoch 007 [1700/2849]  reg=0.0292  cls=0.3303  rmse=0.3129
[12:41:12]   Epoch 007 [1750/2849]  reg=0.0252  cls=0.4620  rmse=0.3124
[12:41:12]   Epoch 007 [1800/2849]  reg=0.0258  cls=0.3936  rmse=0.3120
[12:41:13]   Epoch 007 [1850/2849]  reg=0.0289  cls=0.4118  rmse=0.3136
[12:41:13]   Epoch 007 [1900/2849]  reg=0.0300  cls=0.4191  rmse=0.3130
[12:41:14]   Epoch 007 [1950/2849]  reg=0.0357  cls=0.3972  rmse=0.3126
[12:41:14]   Epoch 007 [2000/2849]  reg=0.0349  cls=0.4025  rmse=0.3122
[12:41:15]   Epoch 007 [2050/2849]  reg=0.0296  cls=0.4351  rmse=0.3118
[12:41:15]   Epoch 007 [2100/2849]  reg=0.0294  cls=0.3742  rmse=0.3118
[12:41:16]   Epoch 007 [2150/2849]  reg=0.0300  cls=0.4202  rmse=0.3114
[12:41:16]   Epoch 007 [2200/2849]  reg=0.0236  cls=0.4096  rmse=0.3110
[12:41:17]   Epoch 007 [2250/2849]  reg=0.0270  cls=0.5146  rmse=0.3108
[12:41:17]   Epoch 007 [2300/2849]  reg=0.0323  cls=0.4120  rmse=0.3107
[12:41:18]   Epoch 007 [2350/2849]  reg=0.0370  cls=0.4270  rmse=0.3104
[12:41:18]   Epoch 007 [2400/2849]  reg=0.0298  cls=0.4129  rmse=0.3100
[12:41:19]   Epoch 007 [2450/2849]  reg=0.0311  cls=0.3825  rmse=0.3097
[12:41:19]   Epoch 007 [2500/2849]  reg=0.0276  cls=0.3635  rmse=0.3095
[12:41:20]   Epoch 007 [2550/2849]  reg=0.0351  cls=0.5143  rmse=0.3095
[12:41:20]   Epoch 007 [2600/2849]  reg=0.0287  cls=0.4154  rmse=0.3091
[12:41:21]   Epoch 007 [2650/2849]  reg=0.0351  cls=0.3559  rmse=0.3088
[12:41:21]   Epoch 007 [2700/2849]  reg=0.0293  cls=0.3722  rmse=0.3086
[12:41:22]   Epoch 007 [2750/2849]  reg=0.0313  cls=0.4708  rmse=0.3083
[12:41:23]   Epoch 007 [2800/2849]  reg=0.0391  cls=0.4356  rmse=0.3080
[12:41:34] Epoch 007/100  lr=9.99e-05  train[reg=0.0392 cls=0.4223 rmse=0.3078]  val[rmse=0.2807 cls=0.6245 xyz=(0.208,0.187,0.027) acc=0.893]  (48.2s)
[12:41:34]   ckpt 저장: out_classifier2\checkpoints\best.pth
[12:41:43]   Epoch 008 [  50/2849]  reg=0.0336  cls=0.3606  rmse=0.2931
[12:41:43]   Epoch 008 [ 100/2849]  reg=0.0295  cls=0.4623  rmse=0.2915
[12:41:44]   Epoch 008 [ 150/2849]  reg=0.0282  cls=0.3789  rmse=0.2915
[12:41:44]   Epoch 008 [ 200/2849]  reg=0.0279  cls=0.4567  rmse=0.2913
[12:41:45]   Epoch 008 [ 250/2849]  reg=0.0318  cls=0.4277  rmse=0.2915
[12:41:45]   Epoch 008 [ 300/2849]  reg=0.0283  cls=0.3927  rmse=0.2929
[12:41:46]   Epoch 008 [ 350/2849]  reg=0.0288  cls=0.4845  rmse=0.2925
[12:41:46]   Epoch 008 [ 400/2849]  reg=0.0296  cls=0.4205  rmse=0.2918
[12:41:47]   Epoch 008 [ 450/2849]  reg=0.0233  cls=0.3663  rmse=0.2914
[12:41:47]   Epoch 008 [ 500/2849]  reg=0.0251  cls=0.4150  rmse=0.3001
[12:41:48]   Epoch 008 [ 550/2849]  reg=0.0303  cls=0.4419  rmse=0.2998
[12:41:48]   Epoch 008 [ 600/2849]  reg=0.0296  cls=0.4569  rmse=0.3060
[12:41:49]   Epoch 008 [ 650/2849]  reg=0.0239  cls=0.4422  rmse=0.3049
[12:41:49]   Epoch 008 [ 700/2849]  reg=0.0225  cls=0.4024  rmse=0.3038
[12:41:50]   Epoch 008 [ 750/2849]  reg=0.0250  cls=0.3617  rmse=0.3027
[12:41:50]   Epoch 008 [ 800/2849]  reg=0.0299  cls=0.4030  rmse=0.3029
[12:41:51]   Epoch 008 [ 850/2849]  reg=0.0270  cls=0.4507  rmse=0.3017
[12:41:51]   Epoch 008 [ 900/2849]  reg=0.0256  cls=0.4346  rmse=0.3010
[12:41:52]   Epoch 008 [ 950/2849]  reg=0.0274  cls=0.4435  rmse=0.3012
[12:41:53]   Epoch 008 [1000/2849]  reg=0.0352  cls=0.5033  rmse=0.3007
[12:41:53]   Epoch 008 [1050/2849]  reg=0.0253  cls=0.3710  rmse=0.3000
[12:41:54]   Epoch 008 [1100/2849]  reg=0.0335  cls=0.4030  rmse=0.2991
[12:41:54]   Epoch 008 [1150/2849]  reg=0.0266  cls=0.4153  rmse=0.2987
[12:41:55]   Epoch 008 [1200/2849]  reg=0.0291  cls=0.3942  rmse=0.2991
[12:41:55]   Epoch 008 [1250/2849]  reg=0.0275  cls=0.4304  rmse=0.2992
[12:41:56]   Epoch 008 [1300/2849]  reg=0.0231  cls=0.4328  rmse=0.2986
[12:41:56]   Epoch 008 [1350/2849]  reg=0.0243  cls=0.3461  rmse=0.2981
[12:41:57]   Epoch 008 [1400/2849]  reg=0.0251  cls=0.4310  rmse=0.2975
[12:41:57]   Epoch 008 [1450/2849]  reg=0.0257  cls=0.3517  rmse=0.2996
[12:41:58]   Epoch 008 [1500/2849]  reg=0.0273  cls=0.4254  rmse=0.2995
[12:41:58]   Epoch 008 [1550/2849]  reg=0.0352  cls=0.3783  rmse=0.2991
[12:41:59]   Epoch 008 [1600/2849]  reg=0.0248  cls=0.4170  rmse=0.2987
[12:41:59]   Epoch 008 [1650/2849]  reg=0.0274  cls=0.4280  rmse=0.2983
[12:42:00]   Epoch 008 [1700/2849]  reg=0.0270  cls=0.3897  rmse=0.3002
[12:42:00]   Epoch 008 [1750/2849]  reg=0.0205  cls=0.3713  rmse=0.2996
[12:42:01]   Epoch 008 [1800/2849]  reg=0.0308  cls=0.4667  rmse=0.2997
[12:42:01]   Epoch 008 [1850/2849]  reg=0.0329  cls=0.4606  rmse=0.2993
[12:42:02]   Epoch 008 [1900/2849]  reg=0.0286  cls=0.3769  rmse=0.2988
[12:42:02]   Epoch 008 [1950/2849]  reg=0.0213  cls=0.3991  rmse=0.2983
[12:42:03]   Epoch 008 [2000/2849]  reg=0.0231  cls=0.3641  rmse=0.2978
[12:42:03]   Epoch 008 [2050/2849]  reg=0.0233  cls=0.3557  rmse=0.2975
[12:42:04]   Epoch 008 [2100/2849]  reg=0.0226  cls=0.4058  rmse=0.2972
[12:42:04]   Epoch 008 [2150/2849]  reg=0.0187  cls=0.4550  rmse=0.2968
[12:42:05]   Epoch 008 [2200/2849]  reg=0.2589  cls=0.3916  rmse=0.2970
[12:42:05]   Epoch 008 [2250/2849]  reg=0.0295  cls=0.4200  rmse=0.2968
[12:42:06]   Epoch 008 [2300/2849]  reg=0.0295  cls=0.4694  rmse=0.2964
[12:42:06]   Epoch 008 [2350/2849]  reg=0.0280  cls=0.3751  rmse=0.2961
[12:42:07]   Epoch 008 [2400/2849]  reg=0.0307  cls=0.3815  rmse=0.2961
[12:42:07]   Epoch 008 [2450/2849]  reg=0.0243  cls=0.4645  rmse=0.2958
[12:42:08]   Epoch 008 [2500/2849]  reg=0.0287  cls=0.4376  rmse=0.2958
[12:42:08]   Epoch 008 [2550/2849]  reg=0.0333  cls=0.4000  rmse=0.2954
[12:42:09]   Epoch 008 [2600/2849]  reg=0.0246  cls=0.4069  rmse=0.2953
[12:42:09]   Epoch 008 [2650/2849]  reg=0.0229  cls=0.4246  rmse=0.2950
[12:42:10]   Epoch 008 [2700/2849]  reg=0.0294  cls=0.3572  rmse=0.2948
[12:42:10]   Epoch 008 [2750/2849]  reg=0.0219  cls=0.4064  rmse=0.2945
[12:42:11]   Epoch 008 [2800/2849]  reg=0.0253  cls=0.4176  rmse=0.2942
[12:42:23] Epoch 008/100  lr=9.98e-05  train[reg=0.0365 cls=0.4102 rmse=0.2939]  val[rmse=0.2650 cls=0.6407 xyz=(0.197,0.175,0.027) acc=0.895]  (49.0s)
[12:42:23]   ckpt 저장: out_classifier2\checkpoints\best.pth
[12:42:32]   Epoch 009 [  50/2849]  reg=0.0224  cls=0.3822  rmse=0.2752
[12:42:33]   Epoch 009 [ 100/2849]  reg=0.0218  cls=0.3942  rmse=0.2782
[12:42:33]   Epoch 009 [ 150/2849]  reg=0.0288  cls=0.4001  rmse=0.2820
[12:42:34]   Epoch 009 [ 200/2849]  reg=0.0227  cls=0.4012  rmse=0.2809
[12:42:34]   Epoch 009 [ 250/2849]  reg=0.0329  cls=0.3720  rmse=0.2872
[12:42:35]   Epoch 009 [ 300/2849]  reg=0.0279  cls=0.4278  rmse=0.2859
[12:42:35]   Epoch 009 [ 350/2849]  reg=0.0297  cls=0.3646  rmse=0.2848
[12:42:36]   Epoch 009 [ 400/2849]  reg=0.0268  cls=0.3575  rmse=0.2853
[12:42:37]   Epoch 009 [ 450/2849]  reg=0.0265  cls=0.4382  rmse=0.2846
[12:42:37]   Epoch 009 [ 500/2849]  reg=0.0287  cls=0.3954  rmse=0.2851
[12:42:38]   Epoch 009 [ 550/2849]  reg=0.0237  cls=0.4714  rmse=0.2858
[12:42:38]   Epoch 009 [ 600/2849]  reg=0.0249  cls=0.3793  rmse=0.2854
[12:42:39]   Epoch 009 [ 650/2849]  reg=0.0257  cls=0.3729  rmse=0.2849
[12:42:39]   Epoch 009 [ 700/2849]  reg=0.0255  cls=0.3734  rmse=0.2844
[12:42:40]   Epoch 009 [ 750/2849]  reg=0.0240  cls=0.3787  rmse=0.2840
[12:42:40]   Epoch 009 [ 800/2849]  reg=0.0255  cls=0.4825  rmse=0.2838
[12:42:41]   Epoch 009 [ 850/2849]  reg=0.0247  cls=0.4079  rmse=0.2835
[12:42:42]   Epoch 009 [ 900/2849]  reg=0.0291  cls=0.3897  rmse=0.2834
[12:42:42]   Epoch 009 [ 950/2849]  reg=0.0242  cls=0.4385  rmse=0.2871
[12:42:43]   Epoch 009 [1000/2849]  reg=0.0317  cls=0.3485  rmse=0.2871
[12:42:43]   Epoch 009 [1050/2849]  reg=0.0212  cls=0.4475  rmse=0.2866
[12:42:44]   Epoch 009 [1100/2849]  reg=0.0241  cls=0.4017  rmse=0.2861
[12:42:44]   Epoch 009 [1150/2849]  reg=0.0292  cls=0.3556  rmse=0.2859
[12:42:45]   Epoch 009 [1200/2849]  reg=0.0213  cls=0.3742  rmse=0.2886
[12:42:45]   Epoch 009 [1250/2849]  reg=0.0230  cls=0.3549  rmse=0.2881
[12:42:46]   Epoch 009 [1300/2849]  reg=0.0223  cls=0.3447  rmse=0.2876
[12:42:46]   Epoch 009 [1350/2849]  reg=0.0281  cls=0.4251  rmse=0.2872
[12:42:47]   Epoch 009 [1400/2849]  reg=0.0240  cls=0.4467  rmse=0.2868
[12:42:47]   Epoch 009 [1450/2849]  reg=0.0256  cls=0.3913  rmse=0.2863
[12:42:48]   Epoch 009 [1500/2849]  reg=0.0247  cls=0.4051  rmse=0.2867
[12:42:49]   Epoch 009 [1550/2849]  reg=0.0248  cls=0.3663  rmse=0.2861
[12:42:49]   Epoch 009 [1600/2849]  reg=0.0201  cls=0.4200  rmse=0.2861
[12:42:50]   Epoch 009 [1650/2849]  reg=0.0213  cls=0.3860  rmse=0.2881
[12:42:50]   Epoch 009 [1700/2849]  reg=0.0261  cls=0.3869  rmse=0.2877
[12:42:51]   Epoch 009 [1750/2849]  reg=0.0279  cls=0.4103  rmse=0.2874
[12:42:51]   Epoch 009 [1800/2849]  reg=0.0273  cls=0.3280  rmse=0.2870
[12:42:52]   Epoch 009 [1850/2849]  reg=0.0303  cls=0.3849  rmse=0.2870
[12:42:52]   Epoch 009 [1900/2849]  reg=0.0276  cls=0.4033  rmse=0.2870
[12:42:53]   Epoch 009 [1950/2849]  reg=0.0232  cls=0.3914  rmse=0.2870
[12:42:54]   Epoch 009 [2000/2849]  reg=0.0227  cls=0.4231  rmse=0.2869
[12:42:54]   Epoch 009 [2050/2849]  reg=0.0255  cls=0.3819  rmse=0.2866
[12:42:55]   Epoch 009 [2100/2849]  reg=0.0184  cls=0.3598  rmse=0.2861
[12:42:55]   Epoch 009 [2150/2849]  reg=0.0250  cls=0.4319  rmse=0.2858
[12:42:56]   Epoch 009 [2200/2849]  reg=0.0198  cls=0.3604  rmse=0.2858
[12:42:56]   Epoch 009 [2250/2849]  reg=0.0215  cls=0.3490  rmse=0.2871
[12:42:57]   Epoch 009 [2300/2849]  reg=0.0230  cls=0.3641  rmse=0.2867
[12:42:57]   Epoch 009 [2350/2849]  reg=0.0216  cls=0.3760  rmse=0.2865
[12:42:58]   Epoch 009 [2400/2849]  reg=0.0271  cls=0.3751  rmse=0.2861
[12:42:58]   Epoch 009 [2450/2849]  reg=0.0180  cls=0.3309  rmse=0.2858
[12:42:59]   Epoch 009 [2500/2849]  reg=0.0228  cls=0.3486  rmse=0.2855
[12:42:59]   Epoch 009 [2550/2849]  reg=0.0212  cls=0.4451  rmse=0.2851
[12:43:00]   Epoch 009 [2600/2849]  reg=0.0244  cls=0.4342  rmse=0.2848
[12:43:00]   Epoch 009 [2650/2849]  reg=0.0214  cls=0.3667  rmse=0.2845
[12:43:01]   Epoch 009 [2700/2849]  reg=0.0274  cls=0.4410  rmse=0.2843
[12:43:02]   Epoch 009 [2750/2849]  reg=0.0245  cls=0.4111  rmse=0.2840
[12:43:02]   Epoch 009 [2800/2849]  reg=0.0269  cls=0.3666  rmse=0.2837
[12:43:14] Epoch 009/100  lr=9.96e-05  train[reg=0.0345 cls=0.4001 rmse=0.2835]  val[rmse=0.2625 cls=0.6485 xyz=(0.195,0.173,0.027) acc=0.896]  (51.6s)
[12:43:14]   ckpt 저장: out_classifier2\checkpoints\best.pth
[12:43:24]   Epoch 010 [  50/2849]  reg=0.0323  cls=0.3944  rmse=0.2633
[12:43:25]   Epoch 010 [ 100/2849]  reg=0.0260  cls=0.4120  rmse=0.2669
[12:43:25]   Epoch 010 [ 150/2849]  reg=0.0184  cls=0.4082  rmse=0.2671
[12:43:26]   Epoch 010 [ 200/2849]  reg=0.0287  cls=0.3413  rmse=0.2709
[12:43:26]   Epoch 010 [ 250/2849]  reg=0.0251  cls=0.3730  rmse=0.2710
[12:43:27]   Epoch 010 [ 300/2849]  reg=0.0227  cls=0.3911  rmse=0.2838
[12:43:27]   Epoch 010 [ 350/2849]  reg=0.0240  cls=0.3862  rmse=0.2831
[12:43:28]   Epoch 010 [ 400/2849]  reg=0.0281  cls=0.3906  rmse=0.2823
[12:43:28]   Epoch 010 [ 450/2849]  reg=0.0254  cls=0.4141  rmse=0.2809
[12:43:29]   Epoch 010 [ 500/2849]  reg=0.0283  cls=0.3401  rmse=0.2801
[12:43:29]   Epoch 010 [ 550/2849]  reg=0.0224  cls=0.4660  rmse=0.2791
[12:43:30]   Epoch 010 [ 600/2849]  reg=0.0229  cls=0.4155  rmse=0.2778
[12:43:30]   Epoch 010 [ 650/2849]  reg=0.0215  cls=0.4089  rmse=0.2772
[12:43:31]   Epoch 010 [ 700/2849]  reg=0.0288  cls=0.4329  rmse=0.2764
[12:43:32]   Epoch 010 [ 750/2849]  reg=0.0235  cls=0.5071  rmse=0.2757
[12:43:32]   Epoch 010 [ 800/2849]  reg=0.0246  cls=0.3362  rmse=0.2750
[12:43:33]   Epoch 010 [ 850/2849]  reg=0.0259  cls=0.4028  rmse=0.2745
[12:43:33]   Epoch 010 [ 900/2849]  reg=0.0171  cls=0.3366  rmse=0.2747
[12:43:34]   Epoch 010 [ 950/2849]  reg=0.0207  cls=0.4068  rmse=0.2748
[12:43:34]   Epoch 010 [1000/2849]  reg=0.0189  cls=0.3911  rmse=0.2749
[12:43:35]   Epoch 010 [1050/2849]  reg=0.0203  cls=0.3676  rmse=0.2746
[12:43:35]   Epoch 010 [1100/2849]  reg=0.0269  cls=0.3960  rmse=0.2741
[12:43:36]   Epoch 010 [1150/2849]  reg=0.0283  cls=0.3883  rmse=0.2736
[12:43:36]   Epoch 010 [1200/2849]  reg=0.0253  cls=0.3808  rmse=0.2733
[12:43:37]   Epoch 010 [1250/2849]  reg=0.0266  cls=0.3712  rmse=0.2735
[12:43:37]   Epoch 010 [1300/2849]  reg=0.0217  cls=0.3305  rmse=0.2738
[12:43:38]   Epoch 010 [1350/2849]  reg=0.0272  cls=0.4036  rmse=0.2733
[12:43:38]   Epoch 010 [1400/2849]  reg=0.0291  cls=0.3642  rmse=0.2738
[12:43:39]   Epoch 010 [1450/2849]  reg=0.0208  cls=0.4073  rmse=0.2735
[12:43:39]   Epoch 010 [1500/2849]  reg=0.0232  cls=0.3555  rmse=0.2733
[12:43:40]   Epoch 010 [1550/2849]  reg=0.0281  cls=0.4109  rmse=0.2732
[12:43:40]   Epoch 010 [1600/2849]  reg=0.0314  cls=0.3832  rmse=0.2729
[12:43:41]   Epoch 010 [1650/2849]  reg=0.0266  cls=0.4368  rmse=0.2726
[12:43:41]   Epoch 010 [1700/2849]  reg=0.0249  cls=0.3911  rmse=0.2724
[12:43:42]   Epoch 010 [1750/2849]  reg=0.0209  cls=0.3725  rmse=0.2720
[12:43:43]   Epoch 010 [1800/2849]  reg=0.0225  cls=0.3890  rmse=0.2721
[12:43:43]   Epoch 010 [1850/2849]  reg=0.0253  cls=0.4703  rmse=0.2723
[12:43:44]   Epoch 010 [1900/2849]  reg=0.0313  cls=0.4216  rmse=0.2740
[12:43:44]   Epoch 010 [1950/2849]  reg=0.0253  cls=0.4036  rmse=0.2739
[12:43:45]   Epoch 010 [2000/2849]  reg=0.0189  cls=0.4194  rmse=0.2736
[12:43:45]   Epoch 010 [2050/2849]  reg=0.0243  cls=0.3785  rmse=0.2733
[12:43:46]   Epoch 010 [2100/2849]  reg=0.0210  cls=0.3999  rmse=0.2732
[12:43:46]   Epoch 010 [2150/2849]  reg=0.0212  cls=0.3938  rmse=0.2733
[12:43:47]   Epoch 010 [2200/2849]  reg=0.0230  cls=0.4518  rmse=0.2731
[12:43:47]   Epoch 010 [2250/2849]  reg=0.0284  cls=0.3322  rmse=0.2733
[12:43:48]   Epoch 010 [2300/2849]  reg=0.0234  cls=0.3617  rmse=0.2731
[12:43:48]   Epoch 010 [2350/2849]  reg=0.0257  cls=0.3567  rmse=0.2727
[12:43:49]   Epoch 010 [2400/2849]  reg=0.0274  cls=0.4038  rmse=0.2725
[12:43:50]   Epoch 010 [2450/2849]  reg=0.0200  cls=0.3450  rmse=0.2722
[12:43:50]   Epoch 010 [2500/2849]  reg=0.0228  cls=0.3798  rmse=0.2721
[12:43:51]   Epoch 010 [2550/2849]  reg=0.0210  cls=0.3945  rmse=0.2720
[12:43:51]   Epoch 010 [2600/2849]  reg=0.0314  cls=0.4312  rmse=0.2733
[12:43:52]   Epoch 010 [2650/2849]  reg=0.0194  cls=0.3418  rmse=0.2731
[12:43:52]   Epoch 010 [2700/2849]  reg=0.0166  cls=0.4172  rmse=0.2746
[12:43:53]   Epoch 010 [2750/2849]  reg=0.0220  cls=0.3642  rmse=0.2744
[12:43:53]   Epoch 010 [2800/2849]  reg=0.0233  cls=0.3619  rmse=0.2745
[12:44:05] Epoch 010/100  lr=9.94e-05  train[reg=0.0329 cls=0.3929 rmse=0.2745]  val[rmse=0.2592 cls=0.6480 xyz=(0.194,0.170,0.027) acc=0.897]  (51.0s)
[12:44:05]   ckpt 저장: out_classifier2\checkpoints\best.pth
[12:44:05]   ckpt 저장: out_classifier2\checkpoints\epoch_010.pth
[12:44:15]   Epoch 011 [  50/2849]  reg=0.0190  cls=0.3631  rmse=0.2623
[12:44:16]   Epoch 011 [ 100/2849]  reg=0.0288  cls=0.3986  rmse=0.2707
[12:44:16]   Epoch 011 [ 150/2849]  reg=0.0229  cls=0.3828  rmse=0.2681
[12:44:17]   Epoch 011 [ 200/2849]  reg=0.0211  cls=0.3351  rmse=0.2683
[12:44:17]   Epoch 011 [ 250/2849]  reg=0.0197  cls=0.4113  rmse=0.2661
[12:44:18]   Epoch 011 [ 300/2849]  reg=0.0201  cls=0.4288  rmse=0.2649
[12:44:19]   Epoch 011 [ 350/2849]  reg=0.0227  cls=0.3900  rmse=0.2638
[12:44:19]   Epoch 011 [ 400/2849]  reg=0.0218  cls=0.3496  rmse=0.2656
[12:44:20]   Epoch 011 [ 450/2849]  reg=0.0254  cls=0.3468  rmse=0.2657
[12:44:20]   Epoch 011 [ 500/2849]  reg=0.0194  cls=0.3515  rmse=0.2653
[12:44:21]   Epoch 011 [ 550/2849]  reg=0.0193  cls=0.4441  rmse=0.2648
[12:44:21]   Epoch 011 [ 600/2849]  reg=0.0234  cls=0.3784  rmse=0.2644
[12:44:22]   Epoch 011 [ 650/2849]  reg=0.0219  cls=0.4011  rmse=0.2637
[12:44:22]   Epoch 011 [ 700/2849]  reg=0.0189  cls=0.3985  rmse=0.2632
[12:44:23]   Epoch 011 [ 750/2849]  reg=0.0232  cls=0.3806  rmse=0.2630
[12:44:24]   Epoch 011 [ 800/2849]  reg=0.0206  cls=0.3803  rmse=0.2633
[12:44:24]   Epoch 011 [ 850/2849]  reg=0.0207  cls=0.3754  rmse=0.2637
[12:44:25]   Epoch 011 [ 900/2849]  reg=0.0237  cls=0.3784  rmse=0.2636
[12:44:25]   Epoch 011 [ 950/2849]  reg=0.1914  cls=0.3863  rmse=0.2645
[12:44:26]   Epoch 011 [1000/2849]  reg=0.0208  cls=0.3542  rmse=0.2640
[12:44:26]   Epoch 011 [1050/2849]  reg=0.0210  cls=0.3448  rmse=0.2637
[12:44:27]   Epoch 011 [1100/2849]  reg=0.0224  cls=0.4218  rmse=0.2634
[12:44:28]   Epoch 011 [1150/2849]  reg=0.0163  cls=0.3593  rmse=0.2633
[12:44:28]   Epoch 011 [1200/2849]  reg=0.0182  cls=0.3784  rmse=0.2632
[12:44:29]   Epoch 011 [1250/2849]  reg=0.0202  cls=0.4271  rmse=0.2630
[12:44:29]   Epoch 011 [1300/2849]  reg=0.0236  cls=0.3838  rmse=0.2629
[12:44:30]   Epoch 011 [1350/2849]  reg=0.0197  cls=0.4540  rmse=0.2629
[12:44:30]   Epoch 011 [1400/2849]  reg=0.0223  cls=0.3990  rmse=0.2632
[12:44:31]   Epoch 011 [1450/2849]  reg=0.0194  cls=0.4042  rmse=0.2630
[12:44:32]   Epoch 011 [1500/2849]  reg=0.0273  cls=0.3654  rmse=0.2633
[12:44:32]   Epoch 011 [1550/2849]  reg=0.0252  cls=0.3851  rmse=0.2631
[12:44:33]   Epoch 011 [1600/2849]  reg=0.0232  cls=0.3780  rmse=0.2630
[12:44:33]   Epoch 011 [1650/2849]  reg=0.0171  cls=0.3952  rmse=0.2627
[12:44:34]   Epoch 011 [1700/2849]  reg=0.0160  cls=0.3412  rmse=0.2626
[12:44:34]   Epoch 011 [1750/2849]  reg=0.0235  cls=0.4280  rmse=0.2632
[12:44:35]   Epoch 011 [1800/2849]  reg=0.0239  cls=0.3591  rmse=0.2630
[12:44:35]   Epoch 011 [1850/2849]  reg=0.0191  cls=0.3157  rmse=0.2628
[12:44:36]   Epoch 011 [1900/2849]  reg=0.0285  cls=0.3965  rmse=0.2633
[12:44:36]   Epoch 011 [1950/2849]  reg=0.0177  cls=0.4147  rmse=0.2633
[12:44:37]   Epoch 011 [2000/2849]  reg=0.0176  cls=0.4012  rmse=0.2634
[12:44:38]   Epoch 011 [2050/2849]  reg=0.0278  cls=0.3358  rmse=0.2633
[12:44:38]   Epoch 011 [2100/2849]  reg=0.0198  cls=0.4092  rmse=0.2631
[12:44:39]   Epoch 011 [2150/2849]  reg=0.0178  cls=0.4062  rmse=0.2650
[12:44:39]   Epoch 011 [2200/2849]  reg=0.0256  cls=0.4313  rmse=0.2651
[12:44:40]   Epoch 011 [2250/2849]  reg=0.0258  cls=0.4573  rmse=0.2649
[12:44:40]   Epoch 011 [2300/2849]  reg=0.0266  cls=0.4083  rmse=0.2648
[12:44:41]   Epoch 011 [2350/2849]  reg=0.0201  cls=0.3418  rmse=0.2645
[12:44:42]   Epoch 011 [2400/2849]  reg=0.0215  cls=0.4436  rmse=0.2645
[12:44:42]   Epoch 011 [2450/2849]  reg=0.0213  cls=0.4028  rmse=0.2642
[12:44:43]   Epoch 011 [2500/2849]  reg=0.0243  cls=0.3507  rmse=0.2657
[12:44:43]   Epoch 011 [2550/2849]  reg=0.0186  cls=0.3318  rmse=0.2670
[12:44:44]   Epoch 011 [2600/2849]  reg=0.0205  cls=0.4050  rmse=0.2669
[12:44:44]   Epoch 011 [2650/2849]  reg=0.0173  cls=0.3115  rmse=0.2681
[12:44:45]   Epoch 011 [2700/2849]  reg=0.0191  cls=0.4336  rmse=0.2680
[12:44:45]   Epoch 011 [2750/2849]  reg=0.0208  cls=0.4041  rmse=0.2679
[12:44:46]   Epoch 011 [2800/2849]  reg=0.0212  cls=0.4205  rmse=0.2677
[12:44:58] Epoch 011/100  lr=9.91e-05  train[reg=0.0316 cls=0.3865 rmse=0.2675]  val[rmse=0.2515 cls=0.6512 xyz=(0.189,0.164,0.027) acc=0.895]  (52.8s)
[12:44:58]   ckpt 저장: out_classifier2\checkpoints\best.pth
[12:45:08]   Epoch 012 [  50/2849]  reg=0.0210  cls=0.3549  rmse=0.2611
[12:45:09]   Epoch 012 [ 100/2849]  reg=0.0226  cls=0.3863  rmse=0.2573
[12:45:09]   Epoch 012 [ 150/2849]  reg=0.0204  cls=0.4066  rmse=0.2562
[12:45:10]   Epoch 012 [ 200/2849]  reg=0.0156  cls=0.4183  rmse=0.2556
[12:45:10]   Epoch 012 [ 250/2849]  reg=0.0235  cls=0.3964  rmse=0.2553
[12:45:11]   Epoch 012 [ 300/2849]  reg=0.0174  cls=0.4197  rmse=0.2569
[12:45:11]   Epoch 012 [ 350/2849]  reg=0.0195  cls=0.4045  rmse=0.2678
[12:45:12]   Epoch 012 [ 400/2849]  reg=0.0221  cls=0.3911  rmse=0.2680
[12:45:12]   Epoch 012 [ 450/2849]  reg=0.0211  cls=0.3949  rmse=0.2671
[12:45:13]   Epoch 012 [ 500/2849]  reg=0.0215  cls=0.3952  rmse=0.2657
[12:45:14]   Epoch 012 [ 550/2849]  reg=0.0255  cls=0.4658  rmse=0.2656
[12:45:14]   Epoch 012 [ 600/2849]  reg=0.0203  cls=0.3949  rmse=0.2656
[12:45:15]   Epoch 012 [ 650/2849]  reg=0.0210  cls=0.3662  rmse=0.2645
[12:45:15]   Epoch 012 [ 700/2849]  reg=0.0181  cls=0.3387  rmse=0.2639
[12:45:16]   Epoch 012 [ 750/2849]  reg=0.0183  cls=0.3817  rmse=0.2630
[12:45:16]   Epoch 012 [ 800/2849]  reg=0.0239  cls=0.3721  rmse=0.2634
[12:45:17]   Epoch 012 [ 850/2849]  reg=0.0226  cls=0.3820  rmse=0.2626
[12:45:17]   Epoch 012 [ 900/2849]  reg=0.0286  cls=0.3516  rmse=0.2621
[12:45:18]   Epoch 012 [ 950/2849]  reg=0.0276  cls=0.4266  rmse=0.2658
[12:45:19]   Epoch 012 [1000/2849]  reg=0.0199  cls=0.3450  rmse=0.2654
[12:45:19]   Epoch 012 [1050/2849]  reg=0.0182  cls=0.3332  rmse=0.2687
[12:45:20]   Epoch 012 [1100/2849]  reg=0.0210  cls=0.3644  rmse=0.2680
[12:45:20]   Epoch 012 [1150/2849]  reg=0.0168  cls=0.4727  rmse=0.2673
[12:45:21]   Epoch 012 [1200/2849]  reg=0.0192  cls=0.3471  rmse=0.2668
[12:45:21]   Epoch 012 [1250/2849]  reg=0.0220  cls=0.4324  rmse=0.2662
[12:45:22]   Epoch 012 [1300/2849]  reg=0.0198  cls=0.4270  rmse=0.2658
[12:45:22]   Epoch 012 [1350/2849]  reg=0.0243  cls=0.3896  rmse=0.2657
[12:45:23]   Epoch 012 [1400/2849]  reg=0.0221  cls=0.3727  rmse=0.2657
[12:45:23]   Epoch 012 [1450/2849]  reg=0.0224  cls=0.3634  rmse=0.2653
[12:45:24]   Epoch 012 [1500/2849]  reg=0.0244  cls=0.3894  rmse=0.2648
[12:45:24]   Epoch 012 [1550/2849]  reg=0.0203  cls=0.4406  rmse=0.2644
[12:45:25]   Epoch 012 [1600/2849]  reg=0.0226  cls=0.3975  rmse=0.2641
[12:45:25]   Epoch 012 [1650/2849]  reg=0.0253  cls=0.3494  rmse=0.2636
[12:45:26]   Epoch 012 [1700/2849]  reg=0.0225  cls=0.3603  rmse=0.2634
[12:45:27]   Epoch 012 [1750/2849]  reg=0.0163  cls=0.4138  rmse=0.2632
[12:45:27]   Epoch 012 [1800/2849]  reg=0.0212  cls=0.3513  rmse=0.2627
[12:45:28]   Epoch 012 [1850/2849]  reg=0.0246  cls=0.3704  rmse=0.2625
[12:45:28]   Epoch 012 [1900/2849]  reg=0.0250  cls=0.3478  rmse=0.2645
[12:45:29]   Epoch 012 [1950/2849]  reg=0.0251  cls=0.3673  rmse=0.2642
[12:45:29]   Epoch 012 [2000/2849]  reg=0.0242  cls=0.4036  rmse=0.2640
[12:45:30]   Epoch 012 [2050/2849]  reg=0.0188  cls=0.3488  rmse=0.2636
[12:45:30]   Epoch 012 [2100/2849]  reg=0.0219  cls=0.3560  rmse=0.2634
[12:45:31]   Epoch 012 [2150/2849]  reg=0.0254  cls=0.3709  rmse=0.2632
[12:45:31]   Epoch 012 [2200/2849]  reg=0.0180  cls=0.4081  rmse=0.2628
[12:45:32]   Epoch 012 [2250/2849]  reg=0.0255  cls=0.4065  rmse=0.2626
[12:45:32]   Epoch 012 [2300/2849]  reg=0.0258  cls=0.3760  rmse=0.2623
[12:45:33]   Epoch 012 [2350/2849]  reg=0.0185  cls=0.4314  rmse=0.2625
[12:45:33]   Epoch 012 [2400/2849]  reg=0.0291  cls=0.3364  rmse=0.2630
[12:45:34]   Epoch 012 [2450/2849]  reg=0.0200  cls=0.3426  rmse=0.2627
[12:45:34]   Epoch 012 [2500/2849]  reg=0.0237  cls=0.4757  rmse=0.2630
[12:45:35]   Epoch 012 [2550/2849]  reg=0.0253  cls=0.3521  rmse=0.2628
[12:45:36]   Epoch 012 [2600/2849]  reg=0.0247  cls=0.3992  rmse=0.2630
[12:45:36]   Epoch 012 [2650/2849]  reg=0.0180  cls=0.3724  rmse=0.2627
[12:45:37]   Epoch 012 [2700/2849]  reg=0.0190  cls=0.3436  rmse=0.2624
[12:45:37]   Epoch 012 [2750/2849]  reg=0.0231  cls=0.3691  rmse=0.2624
[12:45:38]   Epoch 012 [2800/2849]  reg=0.0174  cls=0.3208  rmse=0.2621
[12:45:50] Epoch 012/100  lr=9.88e-05  train[reg=0.0307 cls=0.3813 rmse=0.2619]  val[rmse=0.2426 cls=0.6353 xyz=(0.182,0.158,0.027) acc=0.903]  (51.6s)
[12:45:50]   ckpt 저장: out_classifier2\checkpoints\best.pth
[12:46:00]   Epoch 013 [  50/2849]  reg=0.0207  cls=0.3800  rmse=0.2525
[12:46:00]   Epoch 013 [ 100/2849]  reg=0.0183  cls=0.3532  rmse=0.2507
[12:46:01]   Epoch 013 [ 150/2849]  reg=0.0224  cls=0.3287  rmse=0.2521
[12:46:01]   Epoch 013 [ 200/2849]  reg=0.0207  cls=0.3864  rmse=0.2525
[12:46:02]   Epoch 013 [ 250/2849]  reg=0.0218  cls=0.3917  rmse=0.2524
[12:46:02]   Epoch 013 [ 300/2849]  reg=0.0204  cls=0.3751  rmse=0.2521
[12:46:03]   Epoch 013 [ 350/2849]  reg=0.0281  cls=0.3613  rmse=0.2532
[12:46:04]   Epoch 013 [ 400/2849]  reg=0.0194  cls=0.3530  rmse=0.2528
[12:46:04]   Epoch 013 [ 450/2849]  reg=0.0162  cls=0.4493  rmse=0.2534
[12:46:05]   Epoch 013 [ 500/2849]  reg=0.0219  cls=0.3769  rmse=0.2540
[12:46:05]   Epoch 013 [ 550/2849]  reg=0.0202  cls=0.3460  rmse=0.2536
[12:46:06]   Epoch 013 [ 600/2849]  reg=0.0201  cls=0.3390  rmse=0.2536
[12:46:06]   Epoch 013 [ 650/2849]  reg=0.0199  cls=0.3742  rmse=0.2532
[12:46:07]   Epoch 013 [ 700/2849]  reg=0.0202  cls=0.3755  rmse=0.2524
[12:46:08]   Epoch 013 [ 750/2849]  reg=0.0229  cls=0.4202  rmse=0.2529
[12:46:08]   Epoch 013 [ 800/2849]  reg=0.0202  cls=0.3403  rmse=0.2528
[12:46:09]   Epoch 013 [ 850/2849]  reg=0.0187  cls=0.3587  rmse=0.2532
[12:46:09]   Epoch 013 [ 900/2849]  reg=0.0222  cls=0.3778  rmse=0.2582
[12:46:10]   Epoch 013 [ 950/2849]  reg=0.0237  cls=0.3977  rmse=0.2577
[12:46:10]   Epoch 013 [1000/2849]  reg=0.0223  cls=0.4149  rmse=0.2574
[12:46:11]   Epoch 013 [1050/2849]  reg=0.0205  cls=0.3905  rmse=0.2606
[12:46:11]   Epoch 013 [1100/2849]  reg=0.0197  cls=0.3724  rmse=0.2607
[12:46:12]   Epoch 013 [1150/2849]  reg=0.0236  cls=0.3090  rmse=0.2605
[12:46:13]   Epoch 013 [1200/2849]  reg=0.0275  cls=0.3736  rmse=0.2609
[12:46:13]   Epoch 013 [1250/2849]  reg=0.0230  cls=0.4824  rmse=0.2610
[12:46:14]   Epoch 013 [1300/2849]  reg=0.0211  cls=0.3807  rmse=0.2604
[12:46:14]   Epoch 013 [1350/2849]  reg=0.0180  cls=0.4178  rmse=0.2596
[12:46:15]   Epoch 013 [1400/2849]  reg=0.0251  cls=0.3389  rmse=0.2592
[12:46:15]   Epoch 013 [1450/2849]  reg=0.0200  cls=0.3830  rmse=0.2589
[12:46:16]   Epoch 013 [1500/2849]  reg=0.0185  cls=0.3995  rmse=0.2611
[12:46:17]   Epoch 013 [1550/2849]  reg=0.0213  cls=0.3319  rmse=0.2611
[12:46:17]   Epoch 013 [1600/2849]  reg=0.0237  cls=0.3969  rmse=0.2609
[12:46:18]   Epoch 013 [1650/2849]  reg=0.0205  cls=0.4211  rmse=0.2605
[12:46:18]   Epoch 013 [1700/2849]  reg=0.0197  cls=0.3584  rmse=0.2601
[12:46:19]   Epoch 013 [1750/2849]  reg=0.0214  cls=0.4200  rmse=0.2622
[12:46:19]   Epoch 013 [1800/2849]  reg=0.0177  cls=0.3672  rmse=0.2618
[12:46:20]   Epoch 013 [1850/2849]  reg=0.0228  cls=0.3540  rmse=0.2614
[12:46:20]   Epoch 013 [1900/2849]  reg=0.0226  cls=0.3535  rmse=0.2611
[12:46:21]   Epoch 013 [1950/2849]  reg=0.0222  cls=0.4218  rmse=0.2607
[12:46:22]   Epoch 013 [2000/2849]  reg=0.0204  cls=0.3248  rmse=0.2604
[12:46:22]   Epoch 013 [2050/2849]  reg=0.0156  cls=0.4078  rmse=0.2604
[12:46:23]   Epoch 013 [2100/2849]  reg=0.0248  cls=0.3849  rmse=0.2606
[12:46:23]   Epoch 013 [2150/2849]  reg=0.0228  cls=0.3367  rmse=0.2602
[12:46:24]   Epoch 013 [2200/2849]  reg=0.0134  cls=0.3642  rmse=0.2602
[12:46:24]   Epoch 013 [2250/2849]  reg=0.0205  cls=0.3288  rmse=0.2602
[12:46:25]   Epoch 013 [2300/2849]  reg=0.0223  cls=0.3382  rmse=0.2601
[12:46:25]   Epoch 013 [2350/2849]  reg=0.0248  cls=0.3667  rmse=0.2599
[12:46:26]   Epoch 013 [2400/2849]  reg=0.0226  cls=0.3884  rmse=0.2595
[12:46:26]   Epoch 013 [2450/2849]  reg=0.0161  cls=0.3682  rmse=0.2593
[12:46:27]   Epoch 013 [2500/2849]  reg=0.0241  cls=0.3588  rmse=0.2590
[12:46:28]   Epoch 013 [2550/2849]  reg=0.0207  cls=0.4252  rmse=0.2588
[12:46:28]   Epoch 013 [2600/2849]  reg=0.0224  cls=0.4290  rmse=0.2586
[12:46:29]   Epoch 013 [2650/2849]  reg=0.0209  cls=0.3738  rmse=0.2583
[12:46:29]   Epoch 013 [2700/2849]  reg=0.0181  cls=0.4216  rmse=0.2580
[12:46:30]   Epoch 013 [2750/2849]  reg=0.0196  cls=0.4185  rmse=0.2578
[12:46:30]   Epoch 013 [2800/2849]  reg=0.0184  cls=0.3402  rmse=0.2575
[12:46:43] Epoch 013/100  lr=9.84e-05  train[reg=0.0299 cls=0.3769 rmse=0.2573]  val[rmse=0.2399 cls=0.6228 xyz=(0.180,0.157,0.027) acc=0.903]  (52.9s)
[12:46:43]   ckpt 저장: out_classifier2\checkpoints\best.pth
[12:46:53]   Epoch 014 [  50/2849]  reg=0.0183  cls=0.3922  rmse=0.2428
[12:46:54]   Epoch 014 [ 100/2849]  reg=0.0189  cls=0.4435  rmse=0.2434
[12:46:54]   Epoch 014 [ 150/2849]  reg=0.0206  cls=0.3908  rmse=0.2433
[12:46:55]   Epoch 014 [ 200/2849]  reg=0.0211  cls=0.3776  rmse=0.2429
[12:46:55]   Epoch 014 [ 250/2849]  reg=0.0217  cls=0.4008  rmse=0.2454
[12:46:56]   Epoch 014 [ 300/2849]  reg=0.0239  cls=0.3454  rmse=0.2454
[12:46:57]   Epoch 014 [ 350/2849]  reg=0.0188  cls=0.3517  rmse=0.2458
[12:46:57]   Epoch 014 [ 400/2849]  reg=0.0179  cls=0.3702  rmse=0.2460
[12:46:58]   Epoch 014 [ 450/2849]  reg=0.0159  cls=0.3729  rmse=0.2571
[12:46:58]   Epoch 014 [ 500/2849]  reg=0.0223  cls=0.4064  rmse=0.2633
[12:46:59]   Epoch 014 [ 550/2849]  reg=0.0247  cls=0.3612  rmse=0.2619
[12:46:59]   Epoch 014 [ 600/2849]  reg=0.0197  cls=0.4279  rmse=0.2605
[12:47:00]   Epoch 014 [ 650/2849]  reg=0.0228  cls=0.4096  rmse=0.2594
[12:47:00]   Epoch 014 [ 700/2849]  reg=0.0181  cls=0.3498  rmse=0.2582
[12:47:01]   Epoch 014 [ 750/2849]  reg=0.0176  cls=0.3757  rmse=0.2574
[12:47:02]   Epoch 014 [ 800/2849]  reg=0.0209  cls=0.3597  rmse=0.2564
[12:47:02]   Epoch 014 [ 850/2849]  reg=0.0191  cls=0.3412  rmse=0.2555
[12:47:03]   Epoch 014 [ 900/2849]  reg=0.0186  cls=0.3378  rmse=0.2546
[12:47:03]   Epoch 014 [ 950/2849]  reg=0.0209  cls=0.3201  rmse=0.2544
[12:47:04]   Epoch 014 [1000/2849]  reg=0.0193  cls=0.3468  rmse=0.2547
[12:47:04]   Epoch 014 [1050/2849]  reg=0.0222  cls=0.3525  rmse=0.2550
[12:47:05]   Epoch 014 [1100/2849]  reg=0.0187  cls=0.3846  rmse=0.2562
[12:47:05]   Epoch 014 [1150/2849]  reg=0.0233  cls=0.4061  rmse=0.2556
[12:47:06]   Epoch 014 [1200/2849]  reg=0.0176  cls=0.4934  rmse=0.2561
[12:47:06]   Epoch 014 [1250/2849]  reg=0.0179  cls=0.3257  rmse=0.2554
[12:47:07]   Epoch 014 [1300/2849]  reg=0.0147  cls=0.3678  rmse=0.2578
[12:47:07]   Epoch 014 [1350/2849]  reg=0.0216  cls=0.3885  rmse=0.2573
[12:47:08]   Epoch 014 [1400/2849]  reg=0.0184  cls=0.3586  rmse=0.2567
[12:47:09]   Epoch 014 [1450/2849]  reg=0.0159  cls=0.4118  rmse=0.2562
[12:47:09]   Epoch 014 [1500/2849]  reg=0.0225  cls=0.3698  rmse=0.2565
[12:47:10]   Epoch 014 [1550/2849]  reg=0.0190  cls=0.3825  rmse=0.2562
[12:47:10]   Epoch 014 [1600/2849]  reg=0.0203  cls=0.3421  rmse=0.2562
[12:47:11]   Epoch 014 [1650/2849]  reg=0.0194  cls=0.3584  rmse=0.2565
[12:47:11]   Epoch 014 [1700/2849]  reg=0.0185  cls=0.3913  rmse=0.2562
[12:47:12]   Epoch 014 [1750/2849]  reg=0.0234  cls=0.3671  rmse=0.2558
[12:47:12]   Epoch 014 [1800/2849]  reg=0.0277  cls=0.3738  rmse=0.2554
[12:47:12]   Epoch 014 [1850/2849]  reg=0.0139  cls=0.4156  rmse=0.2551
[12:47:13]   Epoch 014 [1900/2849]  reg=0.0225  cls=0.4155  rmse=0.2551
[12:47:13]   Epoch 014 [1950/2849]  reg=0.0182  cls=0.3308  rmse=0.2548
[12:47:14]   Epoch 014 [2000/2849]  reg=0.0186  cls=0.4017  rmse=0.2548
[12:47:15]   Epoch 014 [2050/2849]  reg=5.6888  cls=0.3880  rmse=0.2564
[12:47:15]   Epoch 014 [2100/2849]  reg=0.0184  cls=0.3752  rmse=0.2560
[12:47:16]   Epoch 014 [2150/2849]  reg=0.0184  cls=0.3568  rmse=0.2557
[12:47:16]   Epoch 014 [2200/2849]  reg=0.0216  cls=0.3810  rmse=0.2555
[12:47:17]   Epoch 014 [2250/2849]  reg=0.0210  cls=0.3737  rmse=0.2551
[12:47:17]   Epoch 014 [2300/2849]  reg=0.0241  cls=0.3881  rmse=0.2548
[12:47:18]   Epoch 014 [2350/2849]  reg=0.0222  cls=0.3577  rmse=0.2546
[12:47:18]   Epoch 014 [2400/2849]  reg=0.0168  cls=0.3942  rmse=0.2543
[12:47:19]   Epoch 014 [2450/2849]  reg=0.0191  cls=0.3633  rmse=0.2541
[12:47:19]   Epoch 014 [2500/2849]  reg=0.0216  cls=0.3664  rmse=0.2541
[12:47:20]   Epoch 014 [2550/2849]  reg=0.0206  cls=0.3859  rmse=0.2540
[12:47:20]   Epoch 014 [2600/2849]  reg=0.0206  cls=0.3409  rmse=0.2538
[12:47:21]   Epoch 014 [2650/2849]  reg=0.0168  cls=0.3879  rmse=0.2536
[12:47:21]   Epoch 014 [2700/2849]  reg=0.0222  cls=0.3056  rmse=0.2533
[12:47:22]   Epoch 014 [2750/2849]  reg=0.0192  cls=0.3172  rmse=0.2532
[12:47:22]   Epoch 014 [2800/2849]  reg=0.0207  cls=0.3733  rmse=0.2530
[12:47:33] Epoch 014/100  lr=9.80e-05  train[reg=0.0291 cls=0.3737 rmse=0.2528]  val[rmse=0.2369 cls=0.5966 xyz=(0.178,0.154,0.027) acc=0.906]  (50.5s)
[12:47:33]   ckpt 저장: out_classifier2\checkpoints\best.pth
[12:47:43]   Epoch 015 [  50/2849]  reg=0.0238  cls=0.3838  rmse=0.2439
[12:47:43]   Epoch 015 [ 100/2849]  reg=0.0154  cls=0.4051  rmse=0.2474
[12:47:44]   Epoch 015 [ 150/2849]  reg=0.0176  cls=0.3450  rmse=0.2716
[12:47:44]   Epoch 015 [ 200/2849]  reg=0.0208  cls=0.3604  rmse=0.2644
[12:47:45]   Epoch 015 [ 250/2849]  reg=0.0214  cls=0.4327  rmse=0.2604
[12:47:45]   Epoch 015 [ 300/2849]  reg=0.0155  cls=0.3420  rmse=0.2576
[12:47:46]   Epoch 015 [ 350/2849]  reg=0.0170  cls=0.3915  rmse=0.2571
[12:47:46]   Epoch 015 [ 400/2849]  reg=0.0165  cls=0.3386  rmse=0.2545
[12:47:47]   Epoch 015 [ 450/2849]  reg=0.0214  cls=0.3846  rmse=0.2538
[12:47:47]   Epoch 015 [ 500/2849]  reg=0.0221  cls=0.3474  rmse=0.2525
[12:47:48]   Epoch 015 [ 550/2849]  reg=0.0203  cls=0.3582  rmse=0.2515
[12:47:48]   Epoch 015 [ 600/2849]  reg=0.0225  cls=0.3715  rmse=0.2507
[12:47:49]   Epoch 015 [ 650/2849]  reg=0.0160  cls=0.3789  rmse=0.2500
[12:47:49]   Epoch 015 [ 700/2849]  reg=0.0177  cls=0.3427  rmse=0.2494
[12:47:50]   Epoch 015 [ 750/2849]  reg=0.0165  cls=0.3615  rmse=0.2488
[12:47:50]   Epoch 015 [ 800/2849]  reg=0.0177  cls=0.3839  rmse=0.2489
[12:47:51]   Epoch 015 [ 850/2849]  reg=0.0199  cls=0.3633  rmse=0.2488
[12:47:51]   Epoch 015 [ 900/2849]  reg=0.0186  cls=0.3817  rmse=0.2485
[12:47:52]   Epoch 015 [ 950/2849]  reg=0.0165  cls=0.4146  rmse=0.2478
[12:47:52]   Epoch 015 [1000/2849]  reg=0.0184  cls=0.3440  rmse=0.2477
[12:47:53]   Epoch 015 [1050/2849]  reg=0.0187  cls=0.3182  rmse=0.2473
[12:47:53]   Epoch 015 [1100/2849]  reg=0.0179  cls=0.3310  rmse=0.2469
[12:47:54]   Epoch 015 [1150/2849]  reg=0.0176  cls=0.3510  rmse=0.2466
[12:47:54]   Epoch 015 [1200/2849]  reg=0.0232  cls=0.4779  rmse=0.2478
[12:47:55]   Epoch 015 [1250/2849]  reg=0.0258  cls=0.3945  rmse=0.2475
[12:47:55]   Epoch 015 [1300/2849]  reg=0.0205  cls=0.4011  rmse=0.2474
[12:47:56]   Epoch 015 [1350/2849]  reg=0.0194  cls=0.3390  rmse=0.2470
[12:47:56]   Epoch 015 [1400/2849]  reg=0.0179  cls=0.3884  rmse=0.2496
[12:47:57]   Epoch 015 [1450/2849]  reg=0.0216  cls=0.4449  rmse=0.2521
[12:47:58]   Epoch 015 [1500/2849]  reg=0.0203  cls=0.4227  rmse=0.2517
[12:47:58]   Epoch 015 [1550/2849]  reg=0.0164  cls=0.3883  rmse=0.2512
[12:47:59]   Epoch 015 [1600/2849]  reg=0.0220  cls=0.3535  rmse=0.2516
[12:47:59]   Epoch 015 [1650/2849]  reg=0.0185  cls=0.3814  rmse=0.2537
[12:48:00]   Epoch 015 [1700/2849]  reg=0.0231  cls=0.3664  rmse=0.2534
[12:48:00]   Epoch 015 [1750/2849]  reg=0.0196  cls=0.4014  rmse=0.2537
[12:48:01]   Epoch 015 [1800/2849]  reg=0.0179  cls=0.3301  rmse=0.2533
[12:48:01]   Epoch 015 [1850/2849]  reg=0.0191  cls=0.4261  rmse=0.2529
[12:48:02]   Epoch 015 [1900/2849]  reg=0.0156  cls=0.3962  rmse=0.2527
[12:48:02]   Epoch 015 [1950/2849]  reg=0.0187  cls=0.3461  rmse=0.2522
[12:48:03]   Epoch 015 [2000/2849]  reg=0.0213  cls=0.3112  rmse=0.2519
[12:48:03]   Epoch 015 [2050/2849]  reg=0.0182  cls=0.3711  rmse=0.2518
[12:48:04]   Epoch 015 [2100/2849]  reg=0.0175  cls=0.3496  rmse=0.2514
[12:48:04]   Epoch 015 [2150/2849]  reg=0.0179  cls=0.3439  rmse=0.2514
[12:48:05]   Epoch 015 [2200/2849]  reg=0.0203  cls=0.4365  rmse=0.2511
[12:48:06]   Epoch 015 [2250/2849]  reg=0.0198  cls=0.3204  rmse=0.2509
[12:48:06]   Epoch 015 [2300/2849]  reg=0.0204  cls=0.3440  rmse=0.2510
[12:48:07]   Epoch 015 [2350/2849]  reg=0.0157  cls=0.3323  rmse=0.2508
[12:48:07]   Epoch 015 [2400/2849]  reg=0.0204  cls=0.3438  rmse=0.2506
[12:48:08]   Epoch 015 [2450/2849]  reg=0.0145  cls=0.3393  rmse=0.2505
[12:48:08]   Epoch 015 [2500/2849]  reg=0.0188  cls=0.3782  rmse=0.2502
[12:48:09]   Epoch 015 [2550/2849]  reg=0.0237  cls=0.3553  rmse=0.2500
[12:48:09]   Epoch 015 [2600/2849]  reg=0.0165  cls=0.4181  rmse=0.2497
[12:48:10]   Epoch 015 [2650/2849]  reg=0.0169  cls=0.3579  rmse=0.2496
[12:48:10]   Epoch 015 [2700/2849]  reg=0.0197  cls=0.3941  rmse=0.2498
[12:48:11]   Epoch 015 [2750/2849]  reg=0.0143  cls=0.3778  rmse=0.2496
[12:48:12]   Epoch 015 [2800/2849]  reg=0.0193  cls=0.3836  rmse=0.2493
[12:48:23] Epoch 015/100  lr=9.76e-05  train[reg=0.0286 cls=0.3701 rmse=0.2493]  val[rmse=0.2333 cls=0.6118 xyz=(0.174,0.153,0.027) acc=0.909]  (50.0s)
[12:48:23]   ckpt 저장: out_classifier2\checkpoints\best.pth
[12:48:33]   Epoch 016 [  50/2849]  reg=0.0270  cls=0.3980  rmse=0.2390
[12:48:33]   Epoch 016 [ 100/2849]  reg=0.0235  cls=0.5043  rmse=0.2397
[12:48:34]   Epoch 016 [ 150/2849]  reg=0.0187  cls=0.3704  rmse=0.2444
[12:48:34]   Epoch 016 [ 200/2849]  reg=0.0162  cls=0.3616  rmse=0.2427
[12:48:35]   Epoch 016 [ 250/2849]  reg=0.0267  cls=0.3773  rmse=0.2421
[12:48:35]   Epoch 016 [ 300/2849]  reg=0.0154  cls=0.3747  rmse=0.2413
[12:48:36]   Epoch 016 [ 350/2849]  reg=0.0138  cls=0.3390  rmse=0.2406
[12:48:37]   Epoch 016 [ 400/2849]  reg=0.0161  cls=0.3796  rmse=0.2406
[12:48:37]   Epoch 016 [ 450/2849]  reg=0.0203  cls=0.3293  rmse=0.2501
[12:48:38]   Epoch 016 [ 500/2849]  reg=0.0154  cls=0.3292  rmse=0.2489
[12:48:38]   Epoch 016 [ 550/2849]  reg=0.0150  cls=0.3966  rmse=0.2490
[12:48:39]   Epoch 016 [ 600/2849]  reg=0.0225  cls=0.4542  rmse=0.2479
[12:48:39]   Epoch 016 [ 650/2849]  reg=0.0144  cls=0.3932  rmse=0.2476
[12:48:40]   Epoch 016 [ 700/2849]  reg=0.0204  cls=0.3467  rmse=0.2470
[12:48:40]   Epoch 016 [ 750/2849]  reg=0.0188  cls=0.3388  rmse=0.2463
[12:48:41]   Epoch 016 [ 800/2849]  reg=0.0187  cls=0.3651  rmse=0.2462
[12:48:41]   Epoch 016 [ 850/2849]  reg=0.0212  cls=0.3896  rmse=0.2464
[12:48:42]   Epoch 016 [ 900/2849]  reg=0.0177  cls=0.3719  rmse=0.2457
[12:48:42]   Epoch 016 [ 950/2849]  reg=0.0222  cls=0.3577  rmse=0.2499
[12:48:43]   Epoch 016 [1000/2849]  reg=0.0222  cls=0.3954  rmse=0.2491
[12:48:43]   Epoch 016 [1050/2849]  reg=0.0181  cls=0.4381  rmse=0.2497
[12:48:44]   Epoch 016 [1100/2849]  reg=0.0222  cls=0.3457  rmse=0.2527
[12:48:45]   Epoch 016 [1150/2849]  reg=0.0190  cls=0.3777  rmse=0.2525
[12:48:45]   Epoch 016 [1200/2849]  reg=0.0263  cls=0.3445  rmse=0.2524
[12:48:46]   Epoch 016 [1250/2849]  reg=0.0215  cls=0.3613  rmse=0.2518
[12:48:46]   Epoch 016 [1300/2849]  reg=0.0260  cls=0.4411  rmse=0.2512
[12:48:47]   Epoch 016 [1350/2849]  reg=0.0197  cls=0.3724  rmse=0.2504
[12:48:47]   Epoch 016 [1400/2849]  reg=0.0226  cls=0.4322  rmse=0.2500
[12:48:48]   Epoch 016 [1450/2849]  reg=0.0153  cls=0.3629  rmse=0.2523
[12:48:48]   Epoch 016 [1500/2849]  reg=0.0221  cls=0.3368  rmse=0.2518
[12:48:49]   Epoch 016 [1550/2849]  reg=0.0172  cls=0.3557  rmse=0.2513
[12:48:49]   Epoch 016 [1600/2849]  reg=0.0205  cls=0.4037  rmse=0.2507
[12:48:50]   Epoch 016 [1650/2849]  reg=0.0166  cls=0.3264  rmse=0.2502
[12:48:50]   Epoch 016 [1700/2849]  reg=0.0235  cls=0.3442  rmse=0.2498
[12:48:51]   Epoch 016 [1750/2849]  reg=0.0217  cls=0.3922  rmse=0.2497
[12:48:51]   Epoch 016 [1800/2849]  reg=0.0225  cls=0.3435  rmse=0.2493
[12:48:52]   Epoch 016 [1850/2849]  reg=0.0216  cls=0.3655  rmse=0.2489
[12:48:52]   Epoch 016 [1900/2849]  reg=0.0157  cls=0.3912  rmse=0.2486
[12:48:53]   Epoch 016 [1950/2849]  reg=0.0218  cls=0.3797  rmse=0.2486
[12:48:53]   Epoch 016 [2000/2849]  reg=0.0159  cls=0.3358  rmse=0.2485
[12:48:54]   Epoch 016 [2050/2849]  reg=0.0160  cls=0.3663  rmse=0.2481
[12:48:55]   Epoch 016 [2100/2849]  reg=0.0183  cls=0.3538  rmse=0.2480
[12:48:55]   Epoch 016 [2150/2849]  reg=0.0163  cls=0.4890  rmse=0.2478
[12:48:56]   Epoch 016 [2200/2849]  reg=0.0150  cls=0.3427  rmse=0.2475
[12:48:56]   Epoch 016 [2250/2849]  reg=0.0133  cls=0.3895  rmse=0.2472
[12:48:57]   Epoch 016 [2300/2849]  reg=0.0193  cls=0.4380  rmse=0.2470
[12:48:57]   Epoch 016 [2350/2849]  reg=0.0168  cls=0.3569  rmse=0.2468
[12:48:58]   Epoch 016 [2400/2849]  reg=0.0159  cls=0.3241  rmse=0.2465
[12:48:58]   Epoch 016 [2450/2849]  reg=0.0183  cls=0.3395  rmse=0.2463
[12:48:59]   Epoch 016 [2500/2849]  reg=0.0243  cls=0.3176  rmse=0.2460
[12:48:59]   Epoch 016 [2550/2849]  reg=0.0177  cls=0.3519  rmse=0.2462
[12:49:00]   Epoch 016 [2600/2849]  reg=0.0193  cls=0.4067  rmse=0.2459
[12:49:00]   Epoch 016 [2650/2849]  reg=0.0161  cls=0.3456  rmse=0.2458
[12:49:01]   Epoch 016 [2700/2849]  reg=0.0187  cls=0.3717  rmse=0.2456
[12:49:01]   Epoch 016 [2750/2849]  reg=0.0175  cls=0.3402  rmse=0.2454
[12:49:02]   Epoch 016 [2800/2849]  reg=0.0189  cls=0.3863  rmse=0.2453
[12:49:13] Epoch 016/100  lr=9.71e-05  train[reg=0.0279 cls=0.3668 rmse=0.2452]  val[rmse=0.2314 cls=0.5967 xyz=(0.172,0.152,0.027) acc=0.912]  (49.3s)
[12:49:13]   ckpt 저장: out_classifier2\checkpoints\best.pth
[12:49:22]   Epoch 017 [  50/2849]  reg=0.0171  cls=0.3844  rmse=0.2452
[12:49:23]   Epoch 017 [ 100/2849]  reg=0.0143  cls=0.3841  rmse=0.2484
[12:49:23]   Epoch 017 [ 150/2849]  reg=0.0257  cls=0.3836  rmse=0.2430
[12:49:24]   Epoch 017 [ 200/2849]  reg=0.0268  cls=0.3532  rmse=0.2631
[12:49:24]   Epoch 017 [ 250/2849]  reg=0.0216  cls=0.3260  rmse=0.2600
[12:49:25]   Epoch 017 [ 300/2849]  reg=0.0133  cls=0.3993  rmse=0.2563
[12:49:25]   Epoch 017 [ 350/2849]  reg=0.0227  cls=0.3458  rmse=0.2533
[12:49:26]   Epoch 017 [ 400/2849]  reg=0.0145  cls=0.3533  rmse=0.2513
[12:49:26]   Epoch 017 [ 450/2849]  reg=0.0193  cls=0.3784  rmse=0.2506
[12:49:27]   Epoch 017 [ 500/2849]  reg=0.0176  cls=0.3629  rmse=0.2498
[12:49:27]   Epoch 017 [ 550/2849]  reg=0.0209  cls=0.3151  rmse=0.2488
[12:49:28]   Epoch 017 [ 600/2849]  reg=0.0172  cls=0.3568  rmse=0.2475
[12:49:28]   Epoch 017 [ 650/2849]  reg=0.0174  cls=0.4094  rmse=0.2467
[12:49:29]   Epoch 017 [ 700/2849]  reg=0.0173  cls=0.3662  rmse=0.2457
[12:49:29]   Epoch 017 [ 750/2849]  reg=0.0127  cls=0.4190  rmse=0.2454
[12:49:30]   Epoch 017 [ 800/2849]  reg=0.0255  cls=0.4076  rmse=0.2452
[12:49:30]   Epoch 017 [ 850/2849]  reg=0.0149  cls=0.3887  rmse=0.2447
[12:49:31]   Epoch 017 [ 900/2849]  reg=0.0161  cls=0.3895  rmse=0.2447
[12:49:32]   Epoch 017 [ 950/2849]  reg=0.0182  cls=0.3269  rmse=0.2440
[12:49:32]   Epoch 017 [1000/2849]  reg=0.0200  cls=0.3985  rmse=0.2434
[12:49:33]   Epoch 017 [1050/2849]  reg=0.0311  cls=0.3410  rmse=0.2430
[12:49:33]   Epoch 017 [1100/2849]  reg=0.0207  cls=0.4352  rmse=0.2427
[12:49:34]   Epoch 017 [1150/2849]  reg=0.0174  cls=0.4266  rmse=0.2422
[12:49:34]   Epoch 017 [1200/2849]  reg=0.0149  cls=0.3730  rmse=0.2417
[12:49:35]   Epoch 017 [1250/2849]  reg=0.0205  cls=0.3877  rmse=0.2421
[12:49:35]   Epoch 017 [1300/2849]  reg=0.0195  cls=0.3395  rmse=0.2422
[12:49:36]   Epoch 017 [1350/2849]  reg=0.0215  cls=0.3394  rmse=0.2417
[12:49:36]   Epoch 017 [1400/2849]  reg=0.0175  cls=0.3272  rmse=0.2414
[12:49:37]   Epoch 017 [1450/2849]  reg=0.0197  cls=0.3397  rmse=0.2411
[12:49:37]   Epoch 017 [1500/2849]  reg=0.0177  cls=0.4518  rmse=0.2434
[12:49:38]   Epoch 017 [1550/2849]  reg=0.0181  cls=0.3268  rmse=0.2433
[12:49:38]   Epoch 017 [1600/2849]  reg=0.0229  cls=0.3692  rmse=0.2455
[12:49:39]   Epoch 017 [1650/2849]  reg=0.0156  cls=0.3796  rmse=0.2451
[12:49:39]   Epoch 017 [1700/2849]  reg=0.0163  cls=0.4191  rmse=0.2447
[12:49:40]   Epoch 017 [1750/2849]  reg=0.0183  cls=0.3941  rmse=0.2444
[12:49:40]   Epoch 017 [1800/2849]  reg=0.0201  cls=0.3432  rmse=0.2440
[12:49:41]   Epoch 017 [1850/2849]  reg=0.0222  cls=0.3495  rmse=0.2440
[12:49:41]   Epoch 017 [1900/2849]  reg=0.0185  cls=0.3873  rmse=0.2439
[12:49:42]   Epoch 017 [1950/2849]  reg=0.0193  cls=0.3919  rmse=0.2439
[12:49:42]   Epoch 017 [2000/2849]  reg=0.0186  cls=0.3257  rmse=0.2436
[12:49:43]   Epoch 017 [2050/2849]  reg=0.0216  cls=0.3588  rmse=0.2437
[12:49:43]   Epoch 017 [2100/2849]  reg=0.0211  cls=0.4230  rmse=0.2434
[12:49:44]   Epoch 017 [2150/2849]  reg=0.0176  cls=0.3299  rmse=0.2434
[12:49:44]   Epoch 017 [2200/2849]  reg=0.0168  cls=0.3443  rmse=0.2432
[12:49:45]   Epoch 017 [2250/2849]  reg=0.0174  cls=0.3686  rmse=0.2432
[12:49:45]   Epoch 017 [2300/2849]  reg=0.0157  cls=0.3381  rmse=0.2446
[12:49:46]   Epoch 017 [2350/2849]  reg=0.0158  cls=0.4011  rmse=0.2442
[12:49:46]   Epoch 017 [2400/2849]  reg=0.0159  cls=0.3955  rmse=0.2439
[12:49:47]   Epoch 017 [2450/2849]  reg=0.0140  cls=0.3318  rmse=0.2437
[12:49:47]   Epoch 017 [2500/2849]  reg=0.0214  cls=0.3737  rmse=0.2436
[12:49:48]   Epoch 017 [2550/2849]  reg=0.0160  cls=0.3695  rmse=0.2436
[12:49:48]   Epoch 017 [2600/2849]  reg=0.0166  cls=0.3557  rmse=0.2434
[12:49:49]   Epoch 017 [2650/2849]  reg=0.0159  cls=0.3451  rmse=0.2433
[12:49:49]   Epoch 017 [2700/2849]  reg=0.0157  cls=0.4241  rmse=0.2431
[12:49:50]   Epoch 017 [2750/2849]  reg=0.0183  cls=0.3396  rmse=0.2429
[12:49:50]   Epoch 017 [2800/2849]  reg=0.0205  cls=0.3704  rmse=0.2427
[12:50:02] Epoch 017/100  lr=9.65e-05  train[reg=0.0274 cls=0.3647 rmse=0.2425]  val[rmse=0.2299 cls=0.6102 xyz=(0.173,0.150,0.027) acc=0.909]  (49.3s)
[12:50:02]   ckpt 저장: out_classifier2\checkpoints\best.pth
[12:50:11]   Epoch 018 [  50/2849]  reg=0.0182  cls=0.3818  rmse=0.2318
[12:50:12]   Epoch 018 [ 100/2849]  reg=0.0169  cls=0.3772  rmse=0.2372
[12:50:12]   Epoch 018 [ 150/2849]  reg=0.0184  cls=0.3745  rmse=0.2357
[12:50:13]   Epoch 018 [ 200/2849]  reg=0.0186  cls=0.3733  rmse=0.2384
[12:50:13]   Epoch 018 [ 250/2849]  reg=0.0172  cls=0.3682  rmse=0.2376
[12:50:14]   Epoch 018 [ 300/2849]  reg=0.0159  cls=0.3715  rmse=0.2384
[12:50:14]   Epoch 018 [ 350/2849]  reg=0.0184  cls=0.3647  rmse=0.2378
[12:50:15]   Epoch 018 [ 400/2849]  reg=0.0146  cls=0.3769  rmse=0.2467
[12:50:15]   Epoch 018 [ 450/2849]  reg=0.0176  cls=0.3382  rmse=0.2447
[12:50:16]   Epoch 018 [ 500/2849]  reg=0.0176  cls=0.3132  rmse=0.2448
[12:50:16]   Epoch 018 [ 550/2849]  reg=0.0197  cls=0.3781  rmse=0.2447
[12:50:17]   Epoch 018 [ 600/2849]  reg=0.0157  cls=0.4145  rmse=0.2434
[12:50:17]   Epoch 018 [ 650/2849]  reg=0.0190  cls=0.3702  rmse=0.2434
[12:50:18]   Epoch 018 [ 700/2849]  reg=0.0163  cls=0.3876  rmse=0.2426
[12:50:18]   Epoch 018 [ 750/2849]  reg=0.0154  cls=0.3374  rmse=0.2414
[12:50:19]   Epoch 018 [ 800/2849]  reg=0.0196  cls=0.3326  rmse=0.2410
[12:50:19]   Epoch 018 [ 850/2849]  reg=0.0137  cls=0.3754  rmse=0.2406
[12:50:20]   Epoch 018 [ 900/2849]  reg=0.0151  cls=0.3380  rmse=0.2409
[12:50:20]   Epoch 018 [ 950/2849]  reg=0.0168  cls=0.4016  rmse=0.2404
[12:50:21]   Epoch 018 [1000/2849]  reg=0.0145  cls=0.3389  rmse=0.2399
[12:50:21]   Epoch 018 [1050/2849]  reg=0.0186  cls=0.3138  rmse=0.2395
[12:50:22]   Epoch 018 [1100/2849]  reg=0.0192  cls=0.3425  rmse=0.2390
[12:50:22]   Epoch 018 [1150/2849]  reg=0.0168  cls=0.4038  rmse=0.2385
[12:50:23]   Epoch 018 [1200/2849]  reg=0.0187  cls=0.3437  rmse=0.2382
[12:50:23]   Epoch 018 [1250/2849]  reg=0.0131  cls=0.3591  rmse=0.2384
[12:50:24]   Epoch 018 [1300/2849]  reg=0.0185  cls=0.3372  rmse=0.2380
[12:50:24]   Epoch 018 [1350/2849]  reg=0.0142  cls=0.3894  rmse=0.2376
[12:50:25]   Epoch 018 [1400/2849]  reg=0.0184  cls=0.3338  rmse=0.2401
[12:50:25]   Epoch 018 [1450/2849]  reg=0.0238  cls=0.4011  rmse=0.2399
[12:50:26]   Epoch 018 [1500/2849]  reg=0.0172  cls=0.3325  rmse=0.2396
[12:50:26]   Epoch 018 [1550/2849]  reg=0.0187  cls=0.3235  rmse=0.2393
[12:50:27]   Epoch 018 [1600/2849]  reg=0.0187  cls=0.3832  rmse=0.2389
[12:50:27]   Epoch 018 [1650/2849]  reg=0.0161  cls=0.3770  rmse=0.2387
[12:50:28]   Epoch 018 [1700/2849]  reg=0.0197  cls=0.3339  rmse=0.2388
[12:50:28]   Epoch 018 [1750/2849]  reg=0.0207  cls=0.3365  rmse=0.2388
[12:50:29]   Epoch 018 [1800/2849]  reg=0.0204  cls=0.3790  rmse=0.2388
[12:50:29]   Epoch 018 [1850/2849]  reg=0.0143  cls=0.3120  rmse=0.2386
[12:50:30]   Epoch 018 [1900/2849]  reg=0.0142  cls=0.3479  rmse=0.2383
[12:50:30]   Epoch 018 [1950/2849]  reg=0.0156  cls=0.3401  rmse=0.2380
[12:50:31]   Epoch 018 [2000/2849]  reg=0.0182  cls=0.3773  rmse=0.2379
[12:50:31]   Epoch 018 [2050/2849]  reg=0.0204  cls=0.3811  rmse=0.2377
[12:50:32]   Epoch 018 [2100/2849]  reg=0.0228  cls=0.3637  rmse=0.2375
[12:50:32]   Epoch 018 [2150/2849]  reg=0.0176  cls=0.3330  rmse=0.2373
[12:50:33]   Epoch 018 [2200/2849]  reg=0.0155  cls=0.3223  rmse=0.2372
[12:50:33]   Epoch 018 [2250/2849]  reg=0.0170  cls=0.3492  rmse=0.2371
[12:50:34]   Epoch 018 [2300/2849]  reg=0.0185  cls=0.4067  rmse=0.2386
[12:50:34]   Epoch 018 [2350/2849]  reg=0.0174  cls=0.3955  rmse=0.2387
[12:50:35]   Epoch 018 [2400/2849]  reg=0.0132  cls=0.3424  rmse=0.2386
[12:50:35]   Epoch 018 [2450/2849]  reg=0.0192  cls=0.3555  rmse=0.2387
[12:50:36]   Epoch 018 [2500/2849]  reg=0.0182  cls=0.3402  rmse=0.2403
[12:50:36]   Epoch 018 [2550/2849]  reg=0.0203  cls=0.4122  rmse=0.2408
[12:50:37]   Epoch 018 [2600/2849]  reg=0.0219  cls=0.3281  rmse=0.2409
[12:50:37]   Epoch 018 [2650/2849]  reg=0.0142  cls=0.3728  rmse=0.2406
[12:50:38]   Epoch 018 [2700/2849]  reg=0.0157  cls=0.3535  rmse=0.2405
[12:50:38]   Epoch 018 [2750/2849]  reg=0.0199  cls=0.3538  rmse=0.2402
[12:50:39]   Epoch 018 [2800/2849]  reg=0.0134  cls=0.3370  rmse=0.2400
[12:50:50] Epoch 018/100  lr=9.59e-05  train[reg=0.0271 cls=0.3623 rmse=0.2400]  val[rmse=0.2267 cls=0.6150 xyz=(0.170,0.148,0.027) acc=0.909]  (47.6s)
[12:50:50]   ckpt 저장: out_classifier2\checkpoints\best.pth
[12:50:59]   Epoch 019 [  50/2849]  reg=0.0153  cls=0.3778  rmse=0.2298
[12:50:59]   Epoch 019 [ 100/2849]  reg=0.0168  cls=0.3631  rmse=0.2285
[12:51:00]   Epoch 019 [ 150/2849]  reg=0.0152  cls=0.4217  rmse=0.2295
[12:51:00]   Epoch 019 [ 200/2849]  reg=0.0197  cls=0.3122  rmse=0.2296
[12:51:01]   Epoch 019 [ 250/2849]  reg=0.0143  cls=0.4354  rmse=0.2286
[12:51:01]   Epoch 019 [ 300/2849]  reg=0.0160  cls=0.3304  rmse=0.2290
[12:51:02]   Epoch 019 [ 350/2849]  reg=0.0185  cls=0.3584  rmse=0.2284
[12:51:02]   Epoch 019 [ 400/2849]  reg=0.0172  cls=0.3446  rmse=0.2288
[12:51:03]   Epoch 019 [ 450/2849]  reg=0.0165  cls=0.3847  rmse=0.2287
[12:51:03]   Epoch 019 [ 500/2849]  reg=0.0181  cls=0.3404  rmse=0.2286
[12:51:04]   Epoch 019 [ 550/2849]  reg=0.0183  cls=0.3248  rmse=0.2356
[12:51:04]   Epoch 019 [ 600/2849]  reg=0.0191  cls=0.3749  rmse=0.2348
[12:51:05]   Epoch 019 [ 650/2849]  reg=0.0176  cls=0.3916  rmse=0.2347
[12:51:05]   Epoch 019 [ 700/2849]  reg=0.0146  cls=0.3362  rmse=0.2343
[12:51:06]   Epoch 019 [ 750/2849]  reg=0.0168  cls=0.3627  rmse=0.2340
[12:51:06]   Epoch 019 [ 800/2849]  reg=0.0165  cls=0.3245  rmse=0.2343
[12:51:07]   Epoch 019 [ 850/2849]  reg=0.0134  cls=0.3437  rmse=0.2342
[12:51:07]   Epoch 019 [ 900/2849]  reg=0.0203  cls=0.3638  rmse=0.2338
[12:51:08]   Epoch 019 [ 950/2849]  reg=0.0287  cls=0.3099  rmse=0.2336
[12:51:08]   Epoch 019 [1000/2849]  reg=0.0268  cls=0.3442  rmse=0.2333
[12:51:09]   Epoch 019 [1050/2849]  reg=0.0136  cls=0.3637  rmse=0.2335
[12:51:09]   Epoch 019 [1100/2849]  reg=0.0147  cls=0.3274  rmse=0.2341
[12:51:10]   Epoch 019 [1150/2849]  reg=0.0193  cls=0.3864  rmse=0.2344
[12:51:10]   Epoch 019 [1200/2849]  reg=0.0196  cls=0.3673  rmse=0.2342
[12:51:11]   Epoch 019 [1250/2849]  reg=0.0170  cls=0.3629  rmse=0.2339
[12:51:11]   Epoch 019 [1300/2849]  reg=0.1851  cls=0.3596  rmse=0.2342
[12:51:12]   Epoch 019 [1350/2849]  reg=0.0210  cls=0.3541  rmse=0.2345
[12:51:12]   Epoch 019 [1400/2849]  reg=0.0178  cls=0.3771  rmse=0.2342
[12:51:13]   Epoch 019 [1450/2849]  reg=0.0191  cls=0.3182  rmse=0.2353
[12:51:13]   Epoch 019 [1500/2849]  reg=0.0156  cls=0.3384  rmse=0.2350
[12:51:14]   Epoch 019 [1550/2849]  reg=0.0180  cls=0.3708  rmse=0.2348
[12:51:14]   Epoch 019 [1600/2849]  reg=0.0178  cls=0.3514  rmse=0.2347
[12:51:15]   Epoch 019 [1650/2849]  reg=0.0134  cls=0.3833  rmse=0.2345
[12:51:15]   Epoch 019 [1700/2849]  reg=0.0147  cls=0.3179  rmse=0.2343
[12:51:16]   Epoch 019 [1750/2849]  reg=0.0211  cls=0.3793  rmse=0.2342
[12:51:16]   Epoch 019 [1800/2849]  reg=0.0141  cls=0.3487  rmse=0.2340
[12:51:17]   Epoch 019 [1850/2849]  reg=0.0175  cls=0.3834  rmse=0.2342
[12:51:17]   Epoch 019 [1900/2849]  reg=0.0175  cls=0.3460  rmse=0.2353
[12:51:18]   Epoch 019 [1950/2849]  reg=0.0176  cls=0.3616  rmse=0.2350
[12:51:18]   Epoch 019 [2000/2849]  reg=0.0117  cls=0.3281  rmse=0.2352
[12:51:19]   Epoch 019 [2050/2849]  reg=0.0183  cls=0.3550  rmse=0.2351
[12:51:19]   Epoch 019 [2100/2849]  reg=0.0179  cls=0.3412  rmse=0.2350
[12:51:20]   Epoch 019 [2150/2849]  reg=0.0160  cls=0.3667  rmse=0.2348
[12:51:20]   Epoch 019 [2200/2849]  reg=0.0123  cls=0.3842  rmse=0.2346
[12:51:21]   Epoch 019 [2250/2849]  reg=0.0121  cls=0.4116  rmse=0.2348
[12:51:21]   Epoch 019 [2300/2849]  reg=0.0169  cls=0.3659  rmse=0.2363
[12:51:22]   Epoch 019 [2350/2849]  reg=0.0156  cls=0.3556  rmse=0.2361
[12:51:22]   Epoch 019 [2400/2849]  reg=0.0161  cls=0.3732  rmse=0.2359
[12:51:23]   Epoch 019 [2450/2849]  reg=0.0185  cls=0.3334  rmse=0.2358
[12:51:23]   Epoch 019 [2500/2849]  reg=0.0188  cls=0.3365  rmse=0.2356
[12:51:24]   Epoch 019 [2550/2849]  reg=0.0205  cls=0.3207  rmse=0.2355
[12:51:24]   Epoch 019 [2600/2849]  reg=0.0169  cls=0.3808  rmse=0.2352
[12:51:25]   Epoch 019 [2650/2849]  reg=0.0182  cls=0.3685  rmse=0.2350
[12:51:25]   Epoch 019 [2700/2849]  reg=0.0241  cls=0.3011  rmse=0.2363
[12:51:26]   Epoch 019 [2750/2849]  reg=0.0165  cls=0.3387  rmse=0.2381
[12:51:26]   Epoch 019 [2800/2849]  reg=0.0175  cls=0.3379  rmse=0.2380
[12:51:38] Epoch 019/100  lr=9.53e-05  train[reg=0.0267 cls=0.3598 rmse=0.2378]  val[rmse=0.2273 cls=0.6228 xyz=(0.171,0.147,0.027) acc=0.911]  (48.7s)
[12:51:48]   Epoch 020 [  50/2849]  reg=0.0144  cls=0.3511  rmse=0.2243
[12:51:48]   Epoch 020 [ 100/2849]  reg=0.0157  cls=0.3252  rmse=0.2284
[12:51:49]   Epoch 020 [ 150/2849]  reg=0.0220  cls=0.3381  rmse=0.2268
[12:51:49]   Epoch 020 [ 200/2849]  reg=0.0150  cls=0.3746  rmse=0.2269
[12:51:50]   Epoch 020 [ 250/2849]  reg=0.0141  cls=0.4004  rmse=0.2296
[12:51:51]   Epoch 020 [ 300/2849]  reg=0.0176  cls=0.3259  rmse=0.2290
[12:51:51]   Epoch 020 [ 350/2849]  reg=0.0224  cls=0.3444  rmse=0.2397
[12:51:52]   Epoch 020 [ 400/2849]  reg=0.0181  cls=0.3476  rmse=0.2395
[12:51:52]   Epoch 020 [ 450/2849]  reg=0.0177  cls=0.4322  rmse=0.2395
[12:51:53]   Epoch 020 [ 500/2849]  reg=0.0231  cls=0.3486  rmse=0.2382
[12:51:53]   Epoch 020 [ 550/2849]  reg=0.0206  cls=0.3270  rmse=0.2373
[12:51:54]   Epoch 020 [ 600/2849]  reg=0.0213  cls=0.3595  rmse=0.2439
[12:51:54]   Epoch 020 [ 650/2849]  reg=0.0173  cls=0.3709  rmse=0.2427
[12:51:55]   Epoch 020 [ 700/2849]  reg=0.0161  cls=0.3696  rmse=0.2416
[12:51:55]   Epoch 020 [ 750/2849]  reg=0.0194  cls=0.3766  rmse=0.2407
[12:51:56]   Epoch 020 [ 800/2849]  reg=0.0143  cls=0.3638  rmse=0.2400
[12:51:56]   Epoch 020 [ 850/2849]  reg=0.0179  cls=0.3998  rmse=0.2392
[12:51:57]   Epoch 020 [ 900/2849]  reg=0.0122  cls=0.3694  rmse=0.2384
[12:51:57]   Epoch 020 [ 950/2849]  reg=0.0169  cls=0.3446  rmse=0.2377
[12:51:58]   Epoch 020 [1000/2849]  reg=0.0210  cls=0.3248  rmse=0.2372
[12:51:58]   Epoch 020 [1050/2849]  reg=0.0192  cls=0.4119  rmse=0.2374
[12:51:59]   Epoch 020 [1100/2849]  reg=0.0184  cls=0.3380  rmse=0.2376
[12:51:59]   Epoch 020 [1150/2849]  reg=0.0171  cls=0.3386  rmse=0.2372
[12:52:00]   Epoch 020 [1200/2849]  reg=0.0137  cls=0.3873  rmse=0.2366
[12:52:00]   Epoch 020 [1250/2849]  reg=0.0147  cls=0.3325  rmse=0.2362
[12:52:01]   Epoch 020 [1300/2849]  reg=0.0232  cls=0.3550  rmse=0.2356
[12:52:02]   Epoch 020 [1350/2849]  reg=0.0138  cls=0.3479  rmse=0.2351
[12:52:02]   Epoch 020 [1400/2849]  reg=0.0168  cls=0.3675  rmse=0.2356
[12:52:03]   Epoch 020 [1450/2849]  reg=0.0151  cls=0.3078  rmse=0.2351
[12:52:03]   Epoch 020 [1500/2849]  reg=0.0170  cls=0.3185  rmse=0.2349
[12:52:04]   Epoch 020 [1550/2849]  reg=0.0137  cls=0.3449  rmse=0.2346
[12:52:04]   Epoch 020 [1600/2849]  reg=0.0179  cls=0.3279  rmse=0.2348
[12:52:05]   Epoch 020 [1650/2849]  reg=0.0151  cls=0.3920  rmse=0.2345
[12:52:05]   Epoch 020 [1700/2849]  reg=0.0165  cls=0.3800  rmse=0.2347
[12:52:06]   Epoch 020 [1750/2849]  reg=0.0170  cls=0.3476  rmse=0.2343
[12:52:06]   Epoch 020 [1800/2849]  reg=0.0215  cls=0.3757  rmse=0.2341
[12:52:07]   Epoch 020 [1850/2849]  reg=0.0160  cls=0.3105  rmse=0.2339
[12:52:07]   Epoch 020 [1900/2849]  reg=0.0173  cls=0.3660  rmse=0.2337
[12:52:08]   Epoch 020 [1950/2849]  reg=0.0204  cls=0.3367  rmse=0.2334
[12:52:08]   Epoch 020 [2000/2849]  reg=0.0175  cls=0.3522  rmse=0.2338
[12:52:09]   Epoch 020 [2050/2849]  reg=0.0164  cls=0.3588  rmse=0.2336
[12:52:09]   Epoch 020 [2100/2849]  reg=0.0180  cls=0.3210  rmse=0.2334
[12:52:10]   Epoch 020 [2150/2849]  reg=0.0190  cls=0.3566  rmse=0.2334
[12:52:11]   Epoch 020 [2200/2849]  reg=0.0208  cls=0.3334  rmse=0.2335
[12:52:11]   Epoch 020 [2250/2849]  reg=0.0165  cls=0.3762  rmse=0.2333
[12:52:12]   Epoch 020 [2300/2849]  reg=0.0169  cls=0.3150  rmse=0.2330
[12:52:12]   Epoch 020 [2350/2849]  reg=0.0207  cls=0.3875  rmse=0.2346
[12:52:13]   Epoch 020 [2400/2849]  reg=0.0122  cls=0.3506  rmse=0.2344
[12:52:13]   Epoch 020 [2450/2849]  reg=0.0205  cls=0.3415  rmse=0.2344
[12:52:14]   Epoch 020 [2500/2849]  reg=0.0174  cls=0.3790  rmse=0.2342
[12:52:14]   Epoch 020 [2550/2849]  reg=0.0203  cls=0.3455  rmse=0.2343
[12:52:15]   Epoch 020 [2600/2849]  reg=0.0156  cls=0.3955  rmse=0.2342
[12:52:15]   Epoch 020 [2650/2849]  reg=0.0161  cls=0.3744  rmse=0.2342
[12:52:16]   Epoch 020 [2700/2849]  reg=0.0157  cls=0.3692  rmse=0.2345
[12:52:16]   Epoch 020 [2750/2849]  reg=0.0183  cls=0.3516  rmse=0.2343
[12:52:18]   Epoch 020 [2800/2849]  reg=0.0203  cls=0.3646  rmse=0.2358
[12:52:32] Epoch 020/100  lr=9.46e-05  train[reg=0.0264 cls=0.3576 rmse=0.2357]  val[rmse=0.2208 cls=0.6250 xyz=(0.165,0.145,0.027) acc=0.911]  (53.2s)
[12:52:32]   ckpt 저장: out_classifier2\checkpoints\best.pth
[12:52:32]   ckpt 저장: out_classifier2\checkpoints\epoch_020.pth
[12:52:41]   Epoch 021 [  50/2849]  reg=0.0191  cls=0.3620  rmse=0.2240
[12:52:42]   Epoch 021 [ 100/2849]  reg=0.0153  cls=0.3700  rmse=0.2239
[12:52:42]   Epoch 021 [ 150/2849]  reg=0.0179  cls=0.3643  rmse=0.2243
[12:52:43]   Epoch 021 [ 200/2849]  reg=0.0130  cls=0.3344  rmse=0.2247
[12:52:43]   Epoch 021 [ 250/2849]  reg=0.0264  cls=0.3783  rmse=0.2254
[12:52:44]   Epoch 021 [ 300/2849]  reg=0.0124  cls=0.3798  rmse=0.2258
[12:52:44]   Epoch 021 [ 350/2849]  reg=0.0164  cls=0.3521  rmse=0.2256
[12:52:45]   Epoch 021 [ 400/2849]  reg=0.0138  cls=0.3214  rmse=0.2284
[12:52:45]   Epoch 021 [ 450/2849]  reg=0.0149  cls=0.3706  rmse=0.2285
[12:52:46]   Epoch 021 [ 500/2849]  reg=0.0178  cls=0.3819  rmse=0.2286
[12:52:46]   Epoch 021 [ 550/2849]  reg=0.0168  cls=0.3288  rmse=0.2292
[12:52:47]   Epoch 021 [ 600/2849]  reg=0.0161  cls=0.3938  rmse=0.2287
[12:52:48]   Epoch 021 [ 650/2849]  reg=0.0181  cls=0.3388  rmse=0.2343
[12:52:48]   Epoch 021 [ 700/2849]  reg=0.0167  cls=0.3574  rmse=0.2337
[12:52:49]   Epoch 021 [ 750/2849]  reg=0.0153  cls=0.3484  rmse=0.2337
[12:52:49]   Epoch 021 [ 800/2849]  reg=0.0225  cls=0.3270  rmse=0.2332
[12:52:50]   Epoch 021 [ 850/2849]  reg=0.0190  cls=0.3609  rmse=0.2328
[12:52:50]   Epoch 021 [ 900/2849]  reg=0.0169  cls=0.3696  rmse=0.2323
[12:52:51]   Epoch 021 [ 950/2849]  reg=0.0140  cls=0.4202  rmse=0.2318
[12:52:51]   Epoch 021 [1000/2849]  reg=0.0208  cls=0.3724  rmse=0.2313
[12:52:52]   Epoch 021 [1050/2849]  reg=0.0126  cls=0.3843  rmse=0.2313
[12:52:52]   Epoch 021 [1100/2849]  reg=0.0193  cls=0.3452  rmse=0.2309
[12:52:53]   Epoch 021 [1150/2849]  reg=0.0165  cls=0.3592  rmse=0.2307
[12:52:53]   Epoch 021 [1200/2849]  reg=0.0127  cls=0.3491  rmse=0.2304
[12:52:54]   Epoch 021 [1250/2849]  reg=0.0129  cls=0.3403  rmse=0.2301
[12:52:55]   Epoch 021 [1300/2849]  reg=0.0206  cls=0.3443  rmse=0.2299
[12:52:55]   Epoch 021 [1350/2849]  reg=0.0150  cls=0.3174  rmse=0.2298
[12:52:56]   Epoch 021 [1400/2849]  reg=0.0141  cls=0.3505  rmse=0.2300
[12:52:56]   Epoch 021 [1450/2849]  reg=0.0179  cls=0.3211  rmse=0.2325
[12:52:57]   Epoch 021 [1500/2849]  reg=0.0148  cls=0.3404  rmse=0.2326
[12:52:57]   Epoch 021 [1550/2849]  reg=0.0132  cls=0.3058  rmse=0.2330
[12:52:58]   Epoch 021 [1600/2849]  reg=0.0222  cls=0.3804  rmse=0.2327
[12:52:58]   Epoch 021 [1650/2849]  reg=0.0169  cls=0.3781  rmse=0.2329
[12:52:59]   Epoch 021 [1700/2849]  reg=0.0157  cls=0.3434  rmse=0.2353
[12:52:59]   Epoch 021 [1750/2849]  reg=0.0189  cls=0.3305  rmse=0.2350
[12:53:00]   Epoch 021 [1800/2849]  reg=0.0121  cls=0.3523  rmse=0.2348
[12:53:00]   Epoch 021 [1850/2849]  reg=0.0181  cls=0.3843  rmse=0.2348
[12:53:01]   Epoch 021 [1900/2849]  reg=0.0161  cls=0.3839  rmse=0.2344
[12:53:01]   Epoch 021 [1950/2849]  reg=0.0148  cls=0.3476  rmse=0.2344
[12:53:02]   Epoch 021 [2000/2849]  reg=0.0138  cls=0.3429  rmse=0.2342
[12:53:02]   Epoch 021 [2050/2849]  reg=0.0193  cls=0.3443  rmse=0.2343
[12:53:03]   Epoch 021 [2100/2849]  reg=0.0194  cls=0.3611  rmse=0.2340
[12:53:03]   Epoch 021 [2150/2849]  reg=0.0224  cls=0.3463  rmse=0.2338
[12:53:04]   Epoch 021 [2200/2849]  reg=0.0122  cls=0.3510  rmse=0.2336
[12:53:04]   Epoch 021 [2250/2849]  reg=0.0128  cls=0.3609  rmse=0.2333
[12:53:05]   Epoch 021 [2300/2849]  reg=0.0146  cls=0.3559  rmse=0.2332
[12:53:06]   Epoch 021 [2350/2849]  reg=0.0142  cls=0.3435  rmse=0.2345
[12:53:06]   Epoch 021 [2400/2849]  reg=0.0127  cls=0.3963  rmse=0.2345
[12:53:07]   Epoch 021 [2450/2849]  reg=0.0168  cls=0.3528  rmse=0.2343
[12:53:07]   Epoch 021 [2500/2849]  reg=0.0171  cls=0.3773  rmse=0.2341
[12:53:08]   Epoch 021 [2550/2849]  reg=0.0165  cls=0.3189  rmse=0.2341
[12:53:08]   Epoch 021 [2600/2849]  reg=0.0155  cls=0.3427  rmse=0.2338
[12:53:09]   Epoch 021 [2650/2849]  reg=0.0136  cls=0.3643  rmse=0.2336
[12:53:10]   Epoch 021 [2700/2849]  reg=0.0185  cls=0.3086  rmse=0.2339
[12:53:10]   Epoch 021 [2750/2849]  reg=0.0125  cls=0.3506  rmse=0.2336
[12:53:11]   Epoch 021 [2800/2849]  reg=0.0154  cls=0.3168  rmse=0.2334
[12:53:22] Epoch 021/100  lr=9.39e-05  train[reg=0.0260 cls=0.3559 rmse=0.2332]  val[rmse=0.2219 cls=0.6268 xyz=(0.167,0.144,0.027) acc=0.908]  (50.6s)
[12:53:32]   Epoch 022 [  50/2849]  reg=0.0172  cls=0.3425  rmse=0.2217
[12:53:32]   Epoch 022 [ 100/2849]  reg=0.0155  cls=0.3651  rmse=0.2603
[12:53:33]   Epoch 022 [ 150/2849]  reg=0.0178  cls=0.3385  rmse=0.2520
[12:53:33]   Epoch 022 [ 200/2849]  reg=0.0181  cls=0.3553  rmse=0.2457
[12:53:33]   Epoch 022 [ 250/2849]  reg=0.0147  cls=0.3741  rmse=0.2406
[12:53:34]   Epoch 022 [ 300/2849]  reg=0.0181  cls=0.3478  rmse=0.2380
[12:53:34]   Epoch 022 [ 350/2849]  reg=0.0174  cls=0.3499  rmse=0.2359
[12:53:35]   Epoch 022 [ 400/2849]  reg=0.0163  cls=0.3670  rmse=0.2346
[12:53:35]   Epoch 022 [ 450/2849]  reg=0.0154  cls=0.4104  rmse=0.2331
[12:53:36]   Epoch 022 [ 500/2849]  reg=0.0192  cls=0.3524  rmse=0.2318
[12:53:36]   Epoch 022 [ 550/2849]  reg=0.0168  cls=0.3568  rmse=0.2314
[12:53:37]   Epoch 022 [ 600/2849]  reg=0.0124  cls=0.3919  rmse=0.2307
[12:53:37]   Epoch 022 [ 650/2849]  reg=0.0129  cls=0.3428  rmse=0.2296
[12:53:38]   Epoch 022 [ 700/2849]  reg=0.0182  cls=0.3472  rmse=0.2293
[12:53:38]   Epoch 022 [ 750/2849]  reg=0.0188  cls=0.3178  rmse=0.2287
[12:53:39]   Epoch 022 [ 800/2849]  reg=0.0177  cls=0.3397  rmse=0.2282
[12:53:39]   Epoch 022 [ 850/2849]  reg=0.0172  cls=0.3417  rmse=0.2277
[12:53:40]   Epoch 022 [ 900/2849]  reg=0.0153  cls=0.3607  rmse=0.2275
[12:53:40]   Epoch 022 [ 950/2849]  reg=0.0163  cls=0.3455  rmse=0.2279
[12:53:41]   Epoch 022 [1000/2849]  reg=0.0154  cls=0.3052  rmse=0.2276
[12:53:42]   Epoch 022 [1050/2849]  reg=0.0119  cls=0.4051  rmse=0.2274
[12:53:42]   Epoch 022 [1100/2849]  reg=0.0182  cls=0.3475  rmse=0.2278
[12:53:43]   Epoch 022 [1150/2849]  reg=0.0141  cls=0.3424  rmse=0.2274
[12:53:43]   Epoch 022 [1200/2849]  reg=0.0141  cls=0.3463  rmse=0.2270
[12:53:44]   Epoch 022 [1250/2849]  reg=0.0156  cls=0.3399  rmse=0.2302
[12:53:44]   Epoch 022 [1300/2849]  reg=0.0174  cls=0.3388  rmse=0.2300
[12:53:44]   Epoch 022 [1350/2849]  reg=0.0146  cls=0.4293  rmse=0.2296
[12:53:45]   Epoch 022 [1400/2849]  reg=0.0183  cls=0.3508  rmse=0.2302
[12:53:45]   Epoch 022 [1450/2849]  reg=0.0162  cls=0.3533  rmse=0.2300
[12:53:46]   Epoch 022 [1500/2849]  reg=0.0223  cls=0.3512  rmse=0.2324
[12:53:46]   Epoch 022 [1550/2849]  reg=0.0175  cls=0.3324  rmse=0.2321
[12:53:47]   Epoch 022 [1600/2849]  reg=0.0181  cls=0.3035  rmse=0.2318
[12:53:47]   Epoch 022 [1650/2849]  reg=0.0147  cls=0.3521  rmse=0.2320
[12:53:48]   Epoch 022 [1700/2849]  reg=0.0144  cls=0.3628  rmse=0.2318
[12:53:48]   Epoch 022 [1750/2849]  reg=0.0123  cls=0.3705  rmse=0.2314
[12:53:49]   Epoch 022 [1800/2849]  reg=0.0192  cls=0.3297  rmse=0.2315
[12:53:49]   Epoch 022 [1850/2849]  reg=0.2344  cls=0.3434  rmse=0.2319
[12:53:50]   Epoch 022 [1900/2849]  reg=0.0130  cls=0.3572  rmse=0.2320
[12:53:50]   Epoch 022 [1950/2849]  reg=0.0124  cls=0.4097  rmse=0.2321
[12:53:51]   Epoch 022 [2000/2849]  reg=0.0201  cls=0.3731  rmse=0.2317
[12:53:51]   Epoch 022 [2050/2849]  reg=0.0153  cls=0.3781  rmse=0.2316
[12:53:52]   Epoch 022 [2100/2849]  reg=0.0116  cls=0.3559  rmse=0.2314
[12:53:52]   Epoch 022 [2150/2849]  reg=0.0220  cls=0.3628  rmse=0.2311
[12:53:53]   Epoch 022 [2200/2849]  reg=0.0170  cls=0.3414  rmse=0.2309
[12:53:53]   Epoch 022 [2250/2849]  reg=0.0173  cls=0.3608  rmse=0.2308
[12:53:54]   Epoch 022 [2300/2849]  reg=0.0161  cls=0.4066  rmse=0.2308
[12:53:54]   Epoch 022 [2350/2849]  reg=0.0182  cls=0.3599  rmse=0.2308
[12:53:55]   Epoch 022 [2400/2849]  reg=0.0168  cls=0.3313  rmse=0.2306
[12:53:55]   Epoch 022 [2450/2849]  reg=0.0134  cls=0.3715  rmse=0.2304
[12:53:56]   Epoch 022 [2500/2849]  reg=0.0120  cls=0.3654  rmse=0.2302
[12:53:56]   Epoch 022 [2550/2849]  reg=0.0221  cls=0.3144  rmse=0.2316
[12:53:57]   Epoch 022 [2600/2849]  reg=0.0142  cls=0.3230  rmse=0.2317
[12:53:57]   Epoch 022 [2650/2849]  reg=0.0159  cls=0.3513  rmse=0.2314
[12:53:58]   Epoch 022 [2700/2849]  reg=0.0167  cls=0.3428  rmse=0.2313
[12:53:58]   Epoch 022 [2750/2849]  reg=0.0180  cls=0.3557  rmse=0.2313
[12:53:59]   Epoch 022 [2800/2849]  reg=0.0126  cls=0.3902  rmse=0.2313
[12:54:09] Epoch 022/100  lr=9.31e-05  train[reg=0.0258 cls=0.3538 rmse=0.2314]  val[rmse=0.2212 cls=0.5952 xyz=(0.167,0.142,0.027) acc=0.915]  (47.0s)
[12:54:18]   Epoch 023 [  50/2849]  reg=0.0153  cls=0.3592  rmse=0.2358
[12:54:18]   Epoch 023 [ 100/2849]  reg=0.0160  cls=0.3250  rmse=0.2299
[12:54:19]   Epoch 023 [ 150/2849]  reg=0.0129  cls=0.3323  rmse=0.2308
[12:54:19]   Epoch 023 [ 200/2849]  reg=0.0116  cls=0.3061  rmse=0.2480
[12:54:20]   Epoch 023 [ 250/2849]  reg=0.0174  cls=0.3259  rmse=0.2421
[12:54:20]   Epoch 023 [ 300/2849]  reg=0.0156  cls=0.3707  rmse=0.2383
[12:54:21]   Epoch 023 [ 350/2849]  reg=0.0158  cls=0.3692  rmse=0.2358
[12:54:21]   Epoch 023 [ 400/2849]  reg=0.0179  cls=0.3065  rmse=0.2355
[12:54:22]   Epoch 023 [ 450/2849]  reg=0.0182  cls=0.3472  rmse=0.2338
[12:54:22]   Epoch 023 [ 500/2849]  reg=0.0162  cls=0.3492  rmse=0.2335
[12:54:23]   Epoch 023 [ 550/2849]  reg=0.0171  cls=0.3186  rmse=0.2322
[12:54:23]   Epoch 023 [ 600/2849]  reg=0.0214  cls=0.3645  rmse=0.2377
[12:54:24]   Epoch 023 [ 650/2849]  reg=0.0170  cls=0.3249  rmse=0.2364
[12:54:24]   Epoch 023 [ 700/2849]  reg=0.0167  cls=0.3706  rmse=0.2349
[12:54:25]   Epoch 023 [ 750/2849]  reg=0.0121  cls=0.4203  rmse=0.2339
[12:54:25]   Epoch 023 [ 800/2849]  reg=0.0163  cls=0.3606  rmse=0.2331
[12:54:26]   Epoch 023 [ 850/2849]  reg=0.0157  cls=0.4029  rmse=0.2324
[12:54:26]   Epoch 023 [ 900/2849]  reg=0.0151  cls=0.3361  rmse=0.2324
[12:54:26]   Epoch 023 [ 950/2849]  reg=0.0139  cls=0.3562  rmse=0.2316
[12:54:27]   Epoch 023 [1000/2849]  reg=0.0154  cls=0.3154  rmse=0.2316
[12:54:27]   Epoch 023 [1050/2849]  reg=0.0151  cls=0.3233  rmse=0.2309
[12:54:28]   Epoch 023 [1100/2849]  reg=0.0166  cls=0.3590  rmse=0.2304
[12:54:28]   Epoch 023 [1150/2849]  reg=0.0124  cls=0.3981  rmse=0.2300
[12:54:29]   Epoch 023 [1200/2849]  reg=0.0175  cls=0.3998  rmse=0.2294
[12:54:29]   Epoch 023 [1250/2849]  reg=0.0160  cls=0.3914  rmse=0.2295
[12:54:30]   Epoch 023 [1300/2849]  reg=0.0153  cls=0.3330  rmse=0.2296
[12:54:30]   Epoch 023 [1350/2849]  reg=0.0214  cls=0.3362  rmse=0.2295
[12:54:31]   Epoch 023 [1400/2849]  reg=0.0150  cls=0.3715  rmse=0.2297
[12:54:31]   Epoch 023 [1450/2849]  reg=0.0168  cls=0.3252  rmse=0.2302
[12:54:32]   Epoch 023 [1500/2849]  reg=0.0171  cls=0.3251  rmse=0.2297
[12:54:32]   Epoch 023 [1550/2849]  reg=0.0198  cls=0.3265  rmse=0.2295
[12:54:33]   Epoch 023 [1600/2849]  reg=0.0174  cls=0.3341  rmse=0.2291
[12:54:33]   Epoch 023 [1650/2849]  reg=0.0190  cls=0.3195  rmse=0.2287
[12:54:34]   Epoch 023 [1700/2849]  reg=0.0168  cls=0.3475  rmse=0.2287
[12:54:34]   Epoch 023 [1750/2849]  reg=0.0168  cls=0.3593  rmse=0.2288
[12:54:35]   Epoch 023 [1800/2849]  reg=0.0149  cls=0.3227  rmse=0.2286
[12:54:35]   Epoch 023 [1850/2849]  reg=0.0135  cls=0.3600  rmse=0.2287
[12:54:36]   Epoch 023 [1900/2849]  reg=0.0155  cls=0.3600  rmse=0.2284
[12:54:36]   Epoch 023 [1950/2849]  reg=0.0135  cls=0.3500  rmse=0.2282
[12:54:37]   Epoch 023 [2000/2849]  reg=0.0159  cls=0.3323  rmse=0.2300
[12:54:37]   Epoch 023 [2050/2849]  reg=0.0154  cls=0.3087  rmse=0.2297
[12:54:38]   Epoch 023 [2100/2849]  reg=0.0155  cls=0.3871  rmse=0.2295
[12:54:38]   Epoch 023 [2150/2849]  reg=0.0184  cls=0.3440  rmse=0.2312
[12:54:39]   Epoch 023 [2200/2849]  reg=0.0152  cls=0.3792  rmse=0.2309
[12:54:39]   Epoch 023 [2250/2849]  reg=0.0139  cls=0.3449  rmse=0.2308
[12:54:40]   Epoch 023 [2300/2849]  reg=0.0179  cls=0.3248  rmse=0.2306
[12:54:40]   Epoch 023 [2350/2849]  reg=0.0162  cls=0.3255  rmse=0.2304
[12:54:41]   Epoch 023 [2400/2849]  reg=0.0161  cls=0.3393  rmse=0.2302
[12:54:41]   Epoch 023 [2450/2849]  reg=0.0170  cls=0.3775  rmse=0.2300
[12:54:42]   Epoch 023 [2500/2849]  reg=0.0182  cls=0.3936  rmse=0.2300
[12:54:42]   Epoch 023 [2550/2849]  reg=0.0137  cls=0.3606  rmse=0.2298
[12:54:43]   Epoch 023 [2600/2849]  reg=0.0151  cls=0.3689  rmse=0.2295
[12:54:43]   Epoch 023 [2650/2849]  reg=0.0170  cls=0.3426  rmse=0.2293
[12:54:44]   Epoch 023 [2700/2849]  reg=0.0144  cls=0.3740  rmse=0.2294
[12:54:44]   Epoch 023 [2750/2849]  reg=0.0150  cls=0.3507  rmse=0.2295
[12:54:45]   Epoch 023 [2800/2849]  reg=0.0136  cls=0.3851  rmse=0.2293
[12:54:56] Epoch 023/100  lr=9.23e-05  train[reg=0.0254 cls=0.3520 rmse=0.2292]  val[rmse=0.2208 cls=0.6195 xyz=(0.166,0.143,0.027) acc=0.911]  (46.9s)
[12:55:06]   Epoch 024 [  50/2849]  reg=0.0169  cls=0.3172  rmse=0.2177
[12:55:06]   Epoch 024 [ 100/2849]  reg=0.0124  cls=0.3593  rmse=0.2204
[12:55:07]   Epoch 024 [ 150/2849]  reg=0.0150  cls=0.3979  rmse=0.2196
[12:55:07]   Epoch 024 [ 200/2849]  reg=0.0182  cls=0.3254  rmse=0.2219
[12:55:08]   Epoch 024 [ 250/2849]  reg=0.0183  cls=0.3994  rmse=0.2235
[12:55:08]   Epoch 024 [ 300/2849]  reg=0.0178  cls=0.3454  rmse=0.2247
[12:55:09]   Epoch 024 [ 350/2849]  reg=0.0167  cls=0.3795  rmse=0.2255
[12:55:09]   Epoch 024 [ 400/2849]  reg=0.0170  cls=0.3761  rmse=0.2259
[12:55:10]   Epoch 024 [ 450/2849]  reg=0.0190  cls=0.3261  rmse=0.2271
[12:55:10]   Epoch 024 [ 500/2849]  reg=0.0149  cls=0.3511  rmse=0.2262
[12:55:11]   Epoch 024 [ 550/2849]  reg=0.0187  cls=0.3776  rmse=0.2252
[12:55:11]   Epoch 024 [ 600/2849]  reg=0.0190  cls=0.3507  rmse=0.2249
[12:55:12]   Epoch 024 [ 650/2849]  reg=0.0169  cls=0.3151  rmse=0.2247
[12:55:13]   Epoch 024 [ 700/2849]  reg=0.0171  cls=0.3707  rmse=0.2242
[12:55:13]   Epoch 024 [ 750/2849]  reg=0.0146  cls=0.3522  rmse=0.2247
[12:55:14]   Epoch 024 [ 800/2849]  reg=0.0154  cls=0.3684  rmse=0.2243
[12:55:14]   Epoch 024 [ 850/2849]  reg=0.0154  cls=0.3353  rmse=0.2237
[12:55:15]   Epoch 024 [ 900/2849]  reg=0.0150  cls=0.3209  rmse=0.2279
[12:55:15]   Epoch 024 [ 950/2849]  reg=0.0135  cls=0.3430  rmse=0.2276
[12:55:16]   Epoch 024 [1000/2849]  reg=0.0159  cls=0.3474  rmse=0.2271
[12:55:16]   Epoch 024 [1050/2849]  reg=0.0139  cls=0.3621  rmse=0.2267
[12:55:17]   Epoch 024 [1100/2849]  reg=0.0151  cls=0.3742  rmse=0.2264
[12:55:17]   Epoch 024 [1150/2849]  reg=0.2532  cls=0.3663  rmse=0.2300
[12:55:18]   Epoch 024 [1200/2849]  reg=0.0119  cls=0.3455  rmse=0.2294
[12:55:18]   Epoch 024 [1250/2849]  reg=0.0130  cls=0.3309  rmse=0.2287
[12:55:19]   Epoch 024 [1300/2849]  reg=0.0204  cls=0.3931  rmse=0.2285
[12:55:19]   Epoch 024 [1350/2849]  reg=0.0209  cls=0.3516  rmse=0.2282
[12:55:20]   Epoch 024 [1400/2849]  reg=0.0157  cls=0.3424  rmse=0.2277
[12:55:20]   Epoch 024 [1450/2849]  reg=0.0125  cls=0.3167  rmse=0.2275
[12:55:21]   Epoch 024 [1500/2849]  reg=0.0171  cls=0.3402  rmse=0.2272
[12:55:22]   Epoch 024 [1550/2849]  reg=0.0143  cls=0.2959  rmse=0.2268
[12:55:22]   Epoch 024 [1600/2849]  reg=0.0146  cls=0.3390  rmse=0.2265
[12:55:23]   Epoch 024 [1650/2849]  reg=0.0162  cls=0.4035  rmse=0.2267
[12:55:23]   Epoch 024 [1700/2849]  reg=0.0209  cls=0.3662  rmse=0.2268
[12:55:24]   Epoch 024 [1750/2849]  reg=0.0152  cls=0.3899  rmse=0.2266
[12:55:24]   Epoch 024 [1800/2849]  reg=0.0114  cls=0.3501  rmse=0.2270
[12:55:25]   Epoch 024 [1850/2849]  reg=0.0262  cls=0.3016  rmse=0.2272
[12:55:25]   Epoch 024 [1900/2849]  reg=0.0152  cls=0.3583  rmse=0.2270
[12:55:26]   Epoch 024 [1950/2849]  reg=0.0178  cls=0.3203  rmse=0.2287
[12:55:26]   Epoch 024 [2000/2849]  reg=0.0146  cls=0.3409  rmse=0.2285
[12:55:27]   Epoch 024 [2050/2849]  reg=0.0129  cls=0.3368  rmse=0.2282
[12:55:27]   Epoch 024 [2100/2849]  reg=0.0182  cls=0.3325  rmse=0.2286
[12:55:28]   Epoch 024 [2150/2849]  reg=0.0138  cls=0.3588  rmse=0.2283
[12:55:29]   Epoch 024 [2200/2849]  reg=0.0148  cls=0.3524  rmse=0.2281
[12:55:29]   Epoch 024 [2250/2849]  reg=0.0113  cls=0.3454  rmse=0.2282
[12:55:30]   Epoch 024 [2300/2849]  reg=0.0151  cls=0.3201  rmse=0.2280
[12:55:30]   Epoch 024 [2350/2849]  reg=0.0162  cls=0.3813  rmse=0.2281
[12:55:31]   Epoch 024 [2400/2849]  reg=0.0153  cls=0.3913  rmse=0.2296
[12:55:31]   Epoch 024 [2450/2849]  reg=0.0152  cls=0.3460  rmse=0.2294
[12:55:32]   Epoch 024 [2500/2849]  reg=0.0151  cls=0.3410  rmse=0.2294
[12:55:32]   Epoch 024 [2550/2849]  reg=0.0154  cls=0.3312  rmse=0.2292
[12:55:33]   Epoch 024 [2600/2849]  reg=0.0126  cls=0.3489  rmse=0.2289
[12:55:34]   Epoch 024 [2650/2849]  reg=0.0154  cls=0.3157  rmse=0.2287
[12:55:34]   Epoch 024 [2700/2849]  reg=0.0140  cls=0.3182  rmse=0.2285
[12:55:35]   Epoch 024 [2750/2849]  reg=0.0133  cls=0.3411  rmse=0.2284
[12:55:35]   Epoch 024 [2800/2849]  reg=0.0155  cls=0.3138  rmse=0.2282
[12:55:47] Epoch 024/100  lr=9.14e-05  train[reg=0.0252 cls=0.3512 rmse=0.2280]  val[rmse=0.2158 cls=0.6057 xyz=(0.160,0.142,0.027) acc=0.913]  (50.8s)
[12:55:47]   ckpt 저장: out_classifier2\checkpoints\best.pth
[12:55:56]   Epoch 025 [  50/2849]  reg=0.0113  cls=0.3056  rmse=0.2161
[12:55:57]   Epoch 025 [ 100/2849]  reg=0.0153  cls=0.3744  rmse=0.2176
[12:55:58]   Epoch 025 [ 150/2849]  reg=0.0142  cls=0.3470  rmse=0.2170
[12:55:58]   Epoch 025 [ 200/2849]  reg=0.0180  cls=0.3323  rmse=0.2172
[12:55:59]   Epoch 025 [ 250/2849]  reg=0.0170  cls=0.3406  rmse=0.2172
[12:55:59]   Epoch 025 [ 300/2849]  reg=0.0187  cls=0.3321  rmse=0.2449
[12:56:00]   Epoch 025 [ 350/2849]  reg=0.0155  cls=0.3305  rmse=0.2411
[12:56:00]   Epoch 025 [ 400/2849]  reg=0.0168  cls=0.4496  rmse=0.2383
[12:56:01]   Epoch 025 [ 450/2849]  reg=0.0122  cls=0.3277  rmse=0.2358
[12:56:02]   Epoch 025 [ 500/2849]  reg=0.0135  cls=0.4528  rmse=0.2347
[12:56:02]   Epoch 025 [ 550/2849]  reg=0.0226  cls=0.3309  rmse=0.2332
[12:56:03]   Epoch 025 [ 600/2849]  reg=0.0171  cls=0.3367  rmse=0.2331
[12:56:03]   Epoch 025 [ 650/2849]  reg=0.0156  cls=0.3474  rmse=0.2319
[12:56:04]   Epoch 025 [ 700/2849]  reg=0.0209  cls=0.3624  rmse=0.2311
[12:56:05]   Epoch 025 [ 750/2849]  reg=0.0242  cls=0.3892  rmse=0.2312
[12:56:05]   Epoch 025 [ 800/2849]  reg=0.0126  cls=0.3298  rmse=0.2311
[12:56:06]   Epoch 025 [ 850/2849]  reg=0.0185  cls=0.3515  rmse=0.2304
[12:56:06]   Epoch 025 [ 900/2849]  reg=0.0168  cls=0.3888  rmse=0.2295
[12:56:07]   Epoch 025 [ 950/2849]  reg=0.0121  cls=0.3336  rmse=0.2294
[12:56:07]   Epoch 025 [1000/2849]  reg=0.0154  cls=0.3777  rmse=0.2295
[12:56:08]   Epoch 025 [1050/2849]  reg=0.0130  cls=0.3594  rmse=0.2291
[12:56:08]   Epoch 025 [1100/2849]  reg=0.0141  cls=0.3764  rmse=0.2319
[12:56:09]   Epoch 025 [1150/2849]  reg=0.0203  cls=0.3463  rmse=0.2313
[12:56:09]   Epoch 025 [1200/2849]  reg=0.0189  cls=0.3145  rmse=0.2319
[12:56:10]   Epoch 025 [1250/2849]  reg=0.0163  cls=0.3606  rmse=0.2316
[12:56:10]   Epoch 025 [1300/2849]  reg=0.0185  cls=0.3281  rmse=0.2341
[12:56:11]   Epoch 025 [1350/2849]  reg=0.0180  cls=0.3890  rmse=0.2335
[12:56:11]   Epoch 025 [1400/2849]  reg=0.0162  cls=0.3331  rmse=0.2330
[12:56:12]   Epoch 025 [1450/2849]  reg=0.0182  cls=0.3294  rmse=0.2329
[12:56:13]   Epoch 025 [1500/2849]  reg=0.0177  cls=0.3578  rmse=0.2324
[12:56:13]   Epoch 025 [1550/2849]  reg=0.0177  cls=0.3200  rmse=0.2319
[12:56:14]   Epoch 025 [1600/2849]  reg=0.0171  cls=0.3786  rmse=0.2317
[12:56:14]   Epoch 025 [1650/2849]  reg=0.0164  cls=0.3121  rmse=0.2313
[12:56:15]   Epoch 025 [1700/2849]  reg=0.0164  cls=0.3669  rmse=0.2309
[12:56:16]   Epoch 025 [1750/2849]  reg=0.0171  cls=0.3996  rmse=0.2304
[12:56:16]   Epoch 025 [1800/2849]  reg=0.0314  cls=0.4016  rmse=0.2302
[12:56:17]   Epoch 025 [1850/2849]  reg=0.0134  cls=0.3293  rmse=0.2301
[12:56:17]   Epoch 025 [1900/2849]  reg=0.0176  cls=0.3659  rmse=0.2298
[12:56:18]   Epoch 025 [1950/2849]  reg=0.0153  cls=0.3436  rmse=0.2300
[12:56:18]   Epoch 025 [2000/2849]  reg=0.0168  cls=0.3525  rmse=0.2295
[12:56:19]   Epoch 025 [2050/2849]  reg=0.0159  cls=0.3168  rmse=0.2293
[12:56:20]   Epoch 025 [2100/2849]  reg=0.0192  cls=0.3872  rmse=0.2290
[12:56:20]   Epoch 025 [2150/2849]  reg=0.0143  cls=0.3144  rmse=0.2287
[12:56:21]   Epoch 025 [2200/2849]  reg=0.0144  cls=0.3323  rmse=0.2284
[12:56:21]   Epoch 025 [2250/2849]  reg=0.0140  cls=0.3314  rmse=0.2281
[12:56:22]   Epoch 025 [2300/2849]  reg=0.0140  cls=0.3254  rmse=0.2278
[12:56:22]   Epoch 025 [2350/2849]  reg=0.0140  cls=0.3681  rmse=0.2276
[12:56:23]   Epoch 025 [2400/2849]  reg=0.0129  cls=0.3396  rmse=0.2273
[12:56:23]   Epoch 025 [2450/2849]  reg=0.1898  cls=0.3450  rmse=0.2273
[12:56:24]   Epoch 025 [2500/2849]  reg=0.0160  cls=0.3699  rmse=0.2271
[12:56:24]   Epoch 025 [2550/2849]  reg=0.0127  cls=0.3495  rmse=0.2271
[12:56:25]   Epoch 025 [2600/2849]  reg=0.0159  cls=0.3480  rmse=0.2268
[12:56:25]   Epoch 025 [2650/2849]  reg=0.0218  cls=0.3317  rmse=0.2270
[12:56:26]   Epoch 025 [2700/2849]  reg=0.0184  cls=0.3231  rmse=0.2270
[12:56:27]   Epoch 025 [2750/2849]  reg=0.0142  cls=0.3594  rmse=0.2268
[12:56:27]   Epoch 025 [2800/2849]  reg=0.0129  cls=0.3779  rmse=0.2266
[12:56:40] Epoch 025/100  lr=9.05e-05  train[reg=0.0250 cls=0.3495 rmse=0.2264]  val[rmse=0.2175 cls=0.6074 xyz=(0.163,0.141,0.027) acc=0.915]  (52.9s)
[12:56:49]   Epoch 026 [  50/2849]  reg=0.0158  cls=0.3481  rmse=0.2943
[12:56:50]   Epoch 026 [ 100/2849]  reg=0.0109  cls=0.3575  rmse=0.2621
[12:56:51]   Epoch 026 [ 150/2849]  reg=0.0159  cls=0.3810  rmse=0.2732
[12:56:51]   Epoch 026 [ 200/2849]  reg=0.0183  cls=0.3560  rmse=0.2590
[12:56:52]   Epoch 026 [ 250/2849]  reg=0.0171  cls=0.3855  rmse=0.2504
[12:56:52]   Epoch 026 [ 300/2849]  reg=0.0127  cls=0.3507  rmse=0.2467
[12:56:53]   Epoch 026 [ 350/2849]  reg=0.0164  cls=0.3530  rmse=0.2420
[12:56:53]   Epoch 026 [ 400/2849]  reg=0.0147  cls=0.3623  rmse=0.2390
[12:56:54]   Epoch 026 [ 450/2849]  reg=0.0156  cls=0.3401  rmse=0.2375
[12:56:55]   Epoch 026 [ 500/2849]  reg=0.0131  cls=0.3590  rmse=0.2363
[12:56:55]   Epoch 026 [ 550/2849]  reg=0.0138  cls=0.3246  rmse=0.2347
[12:56:55]   Epoch 026 [ 600/2849]  reg=0.0164  cls=0.3729  rmse=0.2345
[12:56:56]   Epoch 026 [ 650/2849]  reg=0.0172  cls=0.3022  rmse=0.2331
[12:56:56]   Epoch 026 [ 700/2849]  reg=0.0134  cls=0.3611  rmse=0.2324
[12:56:57]   Epoch 026 [ 750/2849]  reg=0.0162  cls=0.3392  rmse=0.2313
[12:56:58]   Epoch 026 [ 800/2849]  reg=0.0177  cls=0.3209  rmse=0.2303
[12:56:58]   Epoch 026 [ 850/2849]  reg=0.0180  cls=0.3125  rmse=0.2293
[12:56:59]   Epoch 026 [ 900/2849]  reg=0.0157  cls=0.3838  rmse=0.2293
[12:56:59]   Epoch 026 [ 950/2849]  reg=0.0150  cls=0.3234  rmse=0.2284
[12:57:00]   Epoch 026 [1000/2849]  reg=0.0189  cls=0.3391  rmse=0.2289
[12:57:00]   Epoch 026 [1050/2849]  reg=0.0150  cls=0.3355  rmse=0.2284
[12:57:01]   Epoch 026 [1100/2849]  reg=0.0135  cls=0.3470  rmse=0.2313
[12:57:01]   Epoch 026 [1150/2849]  reg=0.0126  cls=0.3502  rmse=0.2308
[12:57:02]   Epoch 026 [1200/2849]  reg=0.0167  cls=0.3814  rmse=0.2312
[12:57:02]   Epoch 026 [1250/2849]  reg=0.0139  cls=0.3498  rmse=0.2306
[12:57:03]   Epoch 026 [1300/2849]  reg=0.0146  cls=0.3527  rmse=0.2300
[12:57:03]   Epoch 026 [1350/2849]  reg=0.0134  cls=0.3658  rmse=0.2299
[12:57:04]   Epoch 026 [1400/2849]  reg=0.0367  cls=0.3435  rmse=0.2296
[12:57:04]   Epoch 026 [1450/2849]  reg=0.0138  cls=0.3317  rmse=0.2292
[12:57:05]   Epoch 026 [1500/2849]  reg=0.0118  cls=0.3491  rmse=0.2286
[12:57:05]   Epoch 026 [1550/2849]  reg=0.0133  cls=0.3673  rmse=0.2282
[12:57:06]   Epoch 026 [1600/2849]  reg=0.0124  cls=0.3749  rmse=0.2279
[12:57:07]   Epoch 026 [1650/2849]  reg=0.0139  cls=0.3612  rmse=0.2275
[12:57:07]   Epoch 026 [1700/2849]  reg=0.0184  cls=0.3204  rmse=0.2295
[12:57:08]   Epoch 026 [1750/2849]  reg=0.0124  cls=0.3337  rmse=0.2294
[12:57:08]   Epoch 026 [1800/2849]  reg=0.0150  cls=0.3079  rmse=0.2291
[12:57:09]   Epoch 026 [1850/2849]  reg=0.0147  cls=0.3248  rmse=0.2291
[12:57:09]   Epoch 026 [1900/2849]  reg=0.0160  cls=0.3227  rmse=0.2288
[12:57:10]   Epoch 026 [1950/2849]  reg=0.0146  cls=0.3383  rmse=0.2284
[12:57:10]   Epoch 026 [2000/2849]  reg=0.0105  cls=0.3311  rmse=0.2281
[12:57:11]   Epoch 026 [2050/2849]  reg=0.0163  cls=0.3267  rmse=0.2277
[12:57:11]   Epoch 026 [2100/2849]  reg=0.0144  cls=0.3294  rmse=0.2274
[12:57:12]   Epoch 026 [2150/2849]  reg=0.0193  cls=0.3351  rmse=0.2272
[12:57:12]   Epoch 026 [2200/2849]  reg=0.0178  cls=0.3454  rmse=0.2270
[12:57:13]   Epoch 026 [2250/2849]  reg=0.0156  cls=0.3449  rmse=0.2267
[12:57:13]   Epoch 026 [2300/2849]  reg=0.0160  cls=0.3254  rmse=0.2267
[12:57:14]   Epoch 026 [2350/2849]  reg=0.0165  cls=0.4046  rmse=0.2265
[12:57:14]   Epoch 026 [2400/2849]  reg=0.0175  cls=0.3610  rmse=0.2265
[12:57:15]   Epoch 026 [2450/2849]  reg=0.0174  cls=0.3556  rmse=0.2266
[12:57:15]   Epoch 026 [2500/2849]  reg=0.0174  cls=0.3243  rmse=0.2266
[12:57:16]   Epoch 026 [2550/2849]  reg=0.0166  cls=0.3375  rmse=0.2264
[12:57:16]   Epoch 026 [2600/2849]  reg=0.0145  cls=0.3626  rmse=0.2262
[12:57:17]   Epoch 026 [2650/2849]  reg=0.0146  cls=0.3500  rmse=0.2260
[12:57:17]   Epoch 026 [2700/2849]  reg=0.0130  cls=0.3159  rmse=0.2258
[12:57:18]   Epoch 026 [2750/2849]  reg=0.0127  cls=0.3271  rmse=0.2257
[12:57:19]   Epoch 026 [2800/2849]  reg=0.0134  cls=0.3411  rmse=0.2255
[12:57:30] Epoch 026/100  lr=8.96e-05  train[reg=0.0249 cls=0.3479 rmse=0.2253]  val[rmse=0.2156 cls=0.6223 xyz=(0.162,0.140,0.027) acc=0.910]  (50.0s)
[12:57:30]   ckpt 저장: out_classifier2\checkpoints\best.pth
[12:57:39]   Epoch 027 [  50/2849]  reg=0.0138  cls=0.3330  rmse=0.2285
[12:57:40]   Epoch 027 [ 100/2849]  reg=0.0175  cls=0.3507  rmse=0.2201
[12:57:40]   Epoch 027 [ 150/2849]  reg=0.0143  cls=0.3618  rmse=0.2186
[12:57:41]   Epoch 027 [ 200/2849]  reg=0.0165  cls=0.3150  rmse=0.2211
[12:57:42]   Epoch 027 [ 250/2849]  reg=0.0144  cls=0.3213  rmse=0.2221
[12:57:42]   Epoch 027 [ 300/2849]  reg=0.0187  cls=0.3550  rmse=0.2206
[12:57:43]   Epoch 027 [ 350/2849]  reg=0.0144  cls=0.3371  rmse=0.2200
[12:57:43]   Epoch 027 [ 400/2849]  reg=0.0147  cls=0.4169  rmse=0.2192
[12:57:44]   Epoch 027 [ 450/2849]  reg=0.0187  cls=0.3222  rmse=0.2218
[12:57:44]   Epoch 027 [ 500/2849]  reg=0.0196  cls=0.3568  rmse=0.2212
[12:57:45]   Epoch 027 [ 550/2849]  reg=0.0183  cls=0.3372  rmse=0.2203
[12:57:45]   Epoch 027 [ 600/2849]  reg=0.0148  cls=0.3548  rmse=0.2261
[12:57:46]   Epoch 027 [ 650/2849]  reg=0.0137  cls=0.3256  rmse=0.2254
[12:57:46]   Epoch 027 [ 700/2849]  reg=0.0160  cls=0.3723  rmse=0.2244
[12:57:47]   Epoch 027 [ 750/2849]  reg=0.0164  cls=0.3359  rmse=0.2246
[12:57:47]   Epoch 027 [ 800/2849]  reg=0.0145  cls=0.3182  rmse=0.2289
[12:57:48]   Epoch 027 [ 850/2849]  reg=0.0133  cls=0.3833  rmse=0.2285
[12:57:48]   Epoch 027 [ 900/2849]  reg=0.0168  cls=0.3416  rmse=0.2284
[12:57:49]   Epoch 027 [ 950/2849]  reg=0.0120  cls=0.3926  rmse=0.2275
[12:57:49]   Epoch 027 [1000/2849]  reg=0.0141  cls=0.3568  rmse=0.2278
[12:57:50]   Epoch 027 [1050/2849]  reg=0.0160  cls=0.3088  rmse=0.2270
[12:57:50]   Epoch 027 [1100/2849]  reg=0.0137  cls=0.3133  rmse=0.2265
[12:57:51]   Epoch 027 [1150/2849]  reg=0.0193  cls=0.3044  rmse=0.2264
[12:57:51]   Epoch 027 [1200/2849]  reg=0.0135  cls=0.3566  rmse=0.2264
[12:57:52]   Epoch 027 [1250/2849]  reg=0.0135  cls=0.3309  rmse=0.2258
[12:57:52]   Epoch 027 [1300/2849]  reg=0.0166  cls=0.3771  rmse=0.2255
[12:57:53]   Epoch 027 [1350/2849]  reg=0.0201  cls=0.3080  rmse=0.2251
[12:57:53]   Epoch 027 [1400/2849]  reg=0.0144  cls=0.3084  rmse=0.2247
[12:57:54]   Epoch 027 [1450/2849]  reg=0.0154  cls=0.3593  rmse=0.2243
[12:57:54]   Epoch 027 [1500/2849]  reg=0.0137  cls=0.3778  rmse=0.2239
[12:57:55]   Epoch 027 [1550/2849]  reg=0.0137  cls=0.3994  rmse=0.2236
[12:57:55]   Epoch 027 [1600/2849]  reg=0.0114  cls=0.3562  rmse=0.2233
[12:57:56]   Epoch 027 [1650/2849]  reg=0.0139  cls=0.3501  rmse=0.2233
[12:57:56]   Epoch 027 [1700/2849]  reg=0.0100  cls=0.3685  rmse=0.2231
[12:57:57]   Epoch 027 [1750/2849]  reg=0.0149  cls=0.3839  rmse=0.2228
[12:57:58]   Epoch 027 [1800/2849]  reg=0.0153  cls=0.3553  rmse=0.2248
[12:57:58]   Epoch 027 [1850/2849]  reg=0.0146  cls=0.3496  rmse=0.2248
[12:57:59]   Epoch 027 [1900/2849]  reg=0.0157  cls=0.3529  rmse=0.2267
[12:57:59]   Epoch 027 [1950/2849]  reg=0.0211  cls=0.4065  rmse=0.2263
[12:58:00]   Epoch 027 [2000/2849]  reg=0.0164  cls=0.3293  rmse=0.2261
[12:58:00]   Epoch 027 [2050/2849]  reg=0.0159  cls=0.3179  rmse=0.2258
[12:58:01]   Epoch 027 [2100/2849]  reg=0.0176  cls=0.3560  rmse=0.2255
[12:58:01]   Epoch 027 [2150/2849]  reg=0.0127  cls=0.3113  rmse=0.2252
[12:58:02]   Epoch 027 [2200/2849]  reg=0.0146  cls=0.3544  rmse=0.2251
[12:58:02]   Epoch 027 [2250/2849]  reg=0.0157  cls=0.3549  rmse=0.2249
[12:58:03]   Epoch 027 [2300/2849]  reg=0.0190  cls=0.3449  rmse=0.2246
[12:58:03]   Epoch 027 [2350/2849]  reg=0.0131  cls=0.3548  rmse=0.2246
[12:58:04]   Epoch 027 [2400/2849]  reg=0.0145  cls=0.3445  rmse=0.2244
[12:58:05]   Epoch 027 [2450/2849]  reg=0.0156  cls=0.3836  rmse=0.2241
[12:58:05]   Epoch 027 [2500/2849]  reg=0.0141  cls=0.3632  rmse=0.2245
[12:58:06]   Epoch 027 [2550/2849]  reg=0.0181  cls=0.3250  rmse=0.2242
[12:58:06]   Epoch 027 [2600/2849]  reg=0.0158  cls=0.3500  rmse=0.2241
[12:58:07]   Epoch 027 [2650/2849]  reg=0.0150  cls=0.3348  rmse=0.2240
[12:58:07]   Epoch 027 [2700/2849]  reg=0.0159  cls=0.4401  rmse=0.2238
[12:58:08]   Epoch 027 [2750/2849]  reg=0.0151  cls=0.3527  rmse=0.2236
[12:58:08]   Epoch 027 [2800/2849]  reg=0.0152  cls=0.3210  rmse=0.2234
[12:58:22] Epoch 027/100  lr=8.86e-05  train[reg=0.0246 cls=0.3469 rmse=0.2235]  val[rmse=0.2098 cls=0.5990 xyz=(0.156,0.138,0.027) acc=0.918]  (51.6s)
[12:58:22]   ckpt 저장: out_classifier2\checkpoints\best.pth
[12:58:32]   Epoch 028 [  50/2849]  reg=0.0181  cls=0.3798  rmse=0.2157
[12:58:32]   Epoch 028 [ 100/2849]  reg=0.0118  cls=0.3580  rmse=0.2140
[12:58:33]   Epoch 028 [ 150/2849]  reg=0.0145  cls=0.3243  rmse=0.2118
[12:58:33]   Epoch 028 [ 200/2849]  reg=0.0156  cls=0.3569  rmse=0.2114
[12:58:34]   Epoch 028 [ 250/2849]  reg=0.0194  cls=0.3110  rmse=0.2118
[12:58:34]   Epoch 028 [ 300/2849]  reg=0.0184  cls=0.3122  rmse=0.2116
[12:58:35]   Epoch 028 [ 350/2849]  reg=5.6567  cls=0.3017  rmse=0.2234
[12:58:35]   Epoch 028 [ 400/2849]  reg=0.0136  cls=0.3309  rmse=0.2228
[12:58:36]   Epoch 028 [ 450/2849]  reg=0.0138  cls=0.3249  rmse=0.2220
[12:58:37]   Epoch 028 [ 500/2849]  reg=0.0146  cls=0.3502  rmse=0.2209
[12:58:37]   Epoch 028 [ 550/2849]  reg=0.0162  cls=0.3185  rmse=0.2211
[12:58:38]   Epoch 028 [ 600/2849]  reg=0.0164  cls=0.3035  rmse=0.2207
[12:58:38]   Epoch 028 [ 650/2849]  reg=0.0151  cls=0.4204  rmse=0.2203
[12:58:39]   Epoch 028 [ 700/2849]  reg=0.0109  cls=0.3531  rmse=0.2196
[12:58:40]   Epoch 028 [ 750/2849]  reg=0.0147  cls=0.3675  rmse=0.2191
[12:58:40]   Epoch 028 [ 800/2849]  reg=0.0130  cls=0.3087  rmse=0.2189
[12:58:41]   Epoch 028 [ 850/2849]  reg=0.0172  cls=0.4334  rmse=0.2188
[12:58:42]   Epoch 028 [ 900/2849]  reg=0.0143  cls=0.3466  rmse=0.2191
[12:58:42]   Epoch 028 [ 950/2849]  reg=0.0166  cls=0.3561  rmse=0.2187
[12:58:43]   Epoch 028 [1000/2849]  reg=0.0132  cls=0.3167  rmse=0.2183
[12:58:44]   Epoch 028 [1050/2849]  reg=0.0103  cls=0.3311  rmse=0.2180
[12:58:44]   Epoch 028 [1100/2849]  reg=0.0126  cls=0.3584  rmse=0.2178
[12:58:45]   Epoch 028 [1150/2849]  reg=0.0143  cls=0.3236  rmse=0.2182
[12:58:45]   Epoch 028 [1200/2849]  reg=0.0142  cls=0.3686  rmse=0.2212
[12:58:46]   Epoch 028 [1250/2849]  reg=0.0119  cls=0.3209  rmse=0.2207
[12:58:47]   Epoch 028 [1300/2849]  reg=0.0167  cls=0.3142  rmse=0.2204
[12:58:47]   Epoch 028 [1350/2849]  reg=0.0184  cls=0.3492  rmse=0.2202
[12:58:48]   Epoch 028 [1400/2849]  reg=0.0174  cls=0.3678  rmse=0.2200
[12:58:48]   Epoch 028 [1450/2849]  reg=0.0134  cls=0.3486  rmse=0.2197
[12:58:49]   Epoch 028 [1500/2849]  reg=0.0149  cls=0.3561  rmse=0.2199
[12:58:50]   Epoch 028 [1550/2849]  reg=0.0113  cls=0.3626  rmse=0.2207
[12:58:50]   Epoch 028 [1600/2849]  reg=0.0161  cls=0.3156  rmse=0.2208
[12:58:51]   Epoch 028 [1650/2849]  reg=0.0160  cls=0.3450  rmse=0.2207
[12:58:51]   Epoch 028 [1700/2849]  reg=0.0124  cls=0.3478  rmse=0.2211
[12:58:52]   Epoch 028 [1750/2849]  reg=0.0133  cls=0.3391  rmse=0.2208
[12:58:52]   Epoch 028 [1800/2849]  reg=0.0122  cls=0.3972  rmse=0.2206
[12:58:53]   Epoch 028 [1850/2849]  reg=0.0156  cls=0.3371  rmse=0.2203
[12:58:54]   Epoch 028 [1900/2849]  reg=0.0168  cls=0.3518  rmse=0.2201
[12:58:55]   Epoch 028 [1950/2849]  reg=0.0139  cls=0.3271  rmse=0.2199
[12:58:55]   Epoch 028 [2000/2849]  reg=0.0113  cls=0.3496  rmse=0.2198
[12:58:56]   Epoch 028 [2050/2849]  reg=0.0141  cls=0.3561  rmse=0.2197
[12:58:56]   Epoch 028 [2100/2849]  reg=0.0117  cls=0.3561  rmse=0.2196
[12:58:57]   Epoch 028 [2150/2849]  reg=0.0204  cls=0.3636  rmse=0.2195
[12:58:58]   Epoch 028 [2200/2849]  reg=0.0134  cls=0.3235  rmse=0.2196
[12:58:58]   Epoch 028 [2250/2849]  reg=0.0156  cls=0.3380  rmse=0.2196
[12:58:59]   Epoch 028 [2300/2849]  reg=0.0194  cls=0.3923  rmse=0.2195
[12:59:00]   Epoch 028 [2350/2849]  reg=0.0147  cls=0.3229  rmse=0.2195
[12:59:01]   Epoch 028 [2400/2849]  reg=0.0137  cls=0.3044  rmse=0.2211
[12:59:01]   Epoch 028 [2450/2849]  reg=0.0173  cls=0.3849  rmse=0.2215
[12:59:02]   Epoch 028 [2500/2849]  reg=0.0114  cls=0.3529  rmse=0.2229
[12:59:03]   Epoch 028 [2550/2849]  reg=0.0119  cls=0.3022  rmse=0.2228
[12:59:03]   Epoch 028 [2600/2849]  reg=0.0136  cls=0.3127  rmse=0.2225
[12:59:04]   Epoch 028 [2650/2849]  reg=0.0142  cls=0.3474  rmse=0.2228
[12:59:05]   Epoch 028 [2700/2849]  reg=0.0167  cls=0.3539  rmse=0.2228
[12:59:05]   Epoch 028 [2750/2849]  reg=0.0169  cls=0.3798  rmse=0.2225
[12:59:06]   Epoch 028 [2800/2849]  reg=0.0143  cls=0.4289  rmse=0.2224
[12:59:19] Epoch 028/100  lr=8.76e-05  train[reg=0.0244 cls=0.3457 rmse=0.2223]  val[rmse=0.2164 cls=0.6112 xyz=(0.164,0.138,0.027) acc=0.918]  (57.3s)
[12:59:30]   Epoch 029 [  50/2849]  reg=0.0165  cls=0.3637  rmse=0.2145
[12:59:30]   Epoch 029 [ 100/2849]  reg=0.0144  cls=0.3490  rmse=0.2218
[12:59:31]   Epoch 029 [ 150/2849]  reg=0.0136  cls=0.3308  rmse=0.2179
[12:59:31]   Epoch 029 [ 200/2849]  reg=0.0149  cls=0.3351  rmse=0.2153
[12:59:32]   Epoch 029 [ 250/2849]  reg=0.0162  cls=0.3382  rmse=0.2149
[12:59:33]   Epoch 029 [ 300/2849]  reg=0.0170  cls=0.3894  rmse=0.2147
[12:59:33]   Epoch 029 [ 350/2849]  reg=0.0171  cls=0.3572  rmse=0.2145
[12:59:34]   Epoch 029 [ 400/2849]  reg=0.0122  cls=0.3428  rmse=0.2138
[12:59:34]   Epoch 029 [ 450/2849]  reg=0.0157  cls=0.3333  rmse=0.2222
[12:59:35]   Epoch 029 [ 500/2849]  reg=0.0168  cls=0.3142  rmse=0.2209
[12:59:36]   Epoch 029 [ 550/2849]  reg=0.0174  cls=0.3416  rmse=0.2203
[12:59:36]   Epoch 029 [ 600/2849]  reg=0.0148  cls=0.3543  rmse=0.2198
[12:59:37]   Epoch 029 [ 650/2849]  reg=0.0137  cls=0.3267  rmse=0.2190
[12:59:37]   Epoch 029 [ 700/2849]  reg=0.0133  cls=0.3148  rmse=0.2187
[12:59:38]   Epoch 029 [ 750/2849]  reg=0.0160  cls=0.3660  rmse=0.2235
[12:59:38]   Epoch 029 [ 800/2849]  reg=0.0121  cls=0.3585  rmse=0.2227
[12:59:39]   Epoch 029 [ 850/2849]  reg=0.0119  cls=0.3208  rmse=0.2224
[12:59:40]   Epoch 029 [ 900/2849]  reg=0.0156  cls=0.3369  rmse=0.2219
[12:59:40]   Epoch 029 [ 950/2849]  reg=0.0118  cls=0.3526  rmse=0.2215
[12:59:41]   Epoch 029 [1000/2849]  reg=0.0172  cls=0.3181  rmse=0.2211
[12:59:42]   Epoch 029 [1050/2849]  reg=0.0197  cls=0.3179  rmse=0.2207
[12:59:42]   Epoch 029 [1100/2849]  reg=0.0127  cls=0.3177  rmse=0.2202
[12:59:43]   Epoch 029 [1150/2849]  reg=0.0140  cls=0.3588  rmse=0.2198
[12:59:43]   Epoch 029 [1200/2849]  reg=0.0153  cls=0.3699  rmse=0.2194
[12:59:44]   Epoch 029 [1250/2849]  reg=0.0190  cls=0.3120  rmse=0.2194
[12:59:45]   Epoch 029 [1300/2849]  reg=0.0109  cls=0.3078  rmse=0.2202
[12:59:45]   Epoch 029 [1350/2849]  reg=0.0155  cls=0.3668  rmse=0.2198
[12:59:46]   Epoch 029 [1400/2849]  reg=0.0135  cls=0.3531  rmse=0.2194
[12:59:46]   Epoch 029 [1450/2849]  reg=0.0164  cls=0.3203  rmse=0.2195
[12:59:47]   Epoch 029 [1500/2849]  reg=0.0148  cls=0.3893  rmse=0.2193
[12:59:47]   Epoch 029 [1550/2849]  reg=0.0106  cls=0.3429  rmse=0.2198
[12:59:48]   Epoch 029 [1600/2849]  reg=0.0173  cls=0.3306  rmse=0.2195
[12:59:48]   Epoch 029 [1650/2849]  reg=0.0162  cls=0.3902  rmse=0.2220
[12:59:49]   Epoch 029 [1700/2849]  reg=0.0128  cls=0.3552  rmse=0.2239
[12:59:49]   Epoch 029 [1750/2849]  reg=0.0122  cls=0.3178  rmse=0.2236
[12:59:50]   Epoch 029 [1800/2849]  reg=0.0143  cls=0.3504  rmse=0.2237
[12:59:51]   Epoch 029 [1850/2849]  reg=0.0148  cls=0.3153  rmse=0.2236
[12:59:51]   Epoch 029 [1900/2849]  reg=0.0127  cls=0.3480  rmse=0.2233
[12:59:52]   Epoch 029 [1950/2849]  reg=0.0130  cls=0.3333  rmse=0.2230
[12:59:52]   Epoch 029 [2000/2849]  reg=0.0144  cls=0.3606  rmse=0.2227
[12:59:53]   Epoch 029 [2050/2849]  reg=0.0143  cls=0.3377  rmse=0.2228
[12:59:53]   Epoch 029 [2100/2849]  reg=0.0149  cls=0.3271  rmse=0.2225
[12:59:54]   Epoch 029 [2150/2849]  reg=0.0114  cls=0.3469  rmse=0.2226
[12:59:54]   Epoch 029 [2200/2849]  reg=0.0132  cls=0.2994  rmse=0.2226
[12:59:55]   Epoch 029 [2250/2849]  reg=0.0186  cls=0.3325  rmse=0.2224
[12:59:55]   Epoch 029 [2300/2849]  reg=0.0140  cls=0.3753  rmse=0.2223
[12:59:56]   Epoch 029 [2350/2849]  reg=0.0128  cls=0.3296  rmse=0.2221
[12:59:56]   Epoch 029 [2400/2849]  reg=0.0152  cls=0.3416  rmse=0.2218
[12:59:57]   Epoch 029 [2450/2849]  reg=0.0145  cls=0.3057  rmse=0.2215
[12:59:58]   Epoch 029 [2500/2849]  reg=0.0182  cls=0.3136  rmse=0.2216
[12:59:58]   Epoch 029 [2550/2849]  reg=0.0133  cls=0.3083  rmse=0.2216
[12:59:59]   Epoch 029 [2600/2849]  reg=0.0136  cls=0.3559  rmse=0.2214
[12:59:59]   Epoch 029 [2650/2849]  reg=0.0132  cls=0.3444  rmse=0.2211
[13:00:00]   Epoch 029 [2700/2849]  reg=0.0162  cls=0.3119  rmse=0.2212
[13:00:00]   Epoch 029 [2750/2849]  reg=0.0149  cls=0.3134  rmse=0.2210
[13:00:01]   Epoch 029 [2800/2849]  reg=0.0155  cls=0.3191  rmse=0.2207
[13:00:13] Epoch 029/100  lr=8.66e-05  train[reg=0.0242 cls=0.3446 rmse=0.2206]  val[rmse=0.2118 cls=0.6132 xyz=(0.159,0.137,0.027) acc=0.916]  (53.8s)
[13:00:23]   Epoch 030 [  50/2849]  reg=0.0203  cls=0.3535  rmse=0.2119
[13:00:24]   Epoch 030 [ 100/2849]  reg=0.0139  cls=0.3402  rmse=0.2118
[13:00:24]   Epoch 030 [ 150/2849]  reg=0.0157  cls=0.3295  rmse=0.2118
[13:00:25]   Epoch 030 [ 200/2849]  reg=0.0129  cls=0.3570  rmse=0.2120
[13:00:25]   Epoch 030 [ 250/2849]  reg=0.0172  cls=0.3606  rmse=0.2425
[13:00:26]   Epoch 030 [ 300/2849]  reg=0.0119  cls=0.3426  rmse=0.2396
[13:00:27]   Epoch 030 [ 350/2849]  reg=0.0171  cls=0.3648  rmse=0.2354
[13:00:27]   Epoch 030 [ 400/2849]  reg=0.0131  cls=0.3657  rmse=0.2323
[13:00:28]   Epoch 030 [ 450/2849]  reg=0.0121  cls=0.4245  rmse=0.2299
[13:00:28]   Epoch 030 [ 500/2849]  reg=0.0133  cls=0.3094  rmse=0.2279
[13:00:29]   Epoch 030 [ 550/2849]  reg=0.0139  cls=0.3557  rmse=0.2274
[13:00:30]   Epoch 030 [ 600/2849]  reg=0.0149  cls=0.3463  rmse=0.2326
[13:00:30]   Epoch 030 [ 650/2849]  reg=0.0158  cls=0.4383  rmse=0.2310
[13:00:31]   Epoch 030 [ 700/2849]  reg=0.0210  cls=0.3121  rmse=0.2296
[13:00:31]   Epoch 030 [ 750/2849]  reg=0.0166  cls=0.3382  rmse=0.2298
[13:00:32]   Epoch 030 [ 800/2849]  reg=0.0165  cls=0.3359  rmse=0.2293
[13:00:33]   Epoch 030 [ 850/2849]  reg=0.0209  cls=0.3867  rmse=0.2289
[13:00:33]   Epoch 030 [ 900/2849]  reg=0.0133  cls=0.3208  rmse=0.2281
[13:00:34]   Epoch 030 [ 950/2849]  reg=0.0179  cls=0.3767  rmse=0.2271
[13:00:35]   Epoch 030 [1000/2849]  reg=0.0167  cls=0.3176  rmse=0.2271
[13:00:35]   Epoch 030 [1050/2849]  reg=0.0109  cls=0.3375  rmse=0.2264
[13:00:36]   Epoch 030 [1100/2849]  reg=0.0148  cls=0.3498  rmse=0.2257
[13:00:36]   Epoch 030 [1150/2849]  reg=0.0149  cls=0.3544  rmse=0.2257
[13:00:37]   Epoch 030 [1200/2849]  reg=0.0125  cls=0.3669  rmse=0.2251
[13:00:38]   Epoch 030 [1250/2849]  reg=0.0137  cls=0.3392  rmse=0.2243
[13:00:38]   Epoch 030 [1300/2849]  reg=0.0133  cls=0.3716  rmse=0.2244
[13:00:39]   Epoch 030 [1350/2849]  reg=0.0165  cls=0.3625  rmse=0.2238
[13:00:39]   Epoch 030 [1400/2849]  reg=0.0137  cls=0.3347  rmse=0.2235
[13:00:40]   Epoch 030 [1450/2849]  reg=0.0143  cls=0.3329  rmse=0.2230
[13:00:41]   Epoch 030 [1500/2849]  reg=0.0133  cls=0.3367  rmse=0.2226
[13:00:41]   Epoch 030 [1550/2849]  reg=0.0169  cls=0.3346  rmse=0.2233
[13:00:42]   Epoch 030 [1600/2849]  reg=0.0130  cls=0.3443  rmse=0.2229
[13:00:43]   Epoch 030 [1650/2849]  reg=0.0135  cls=0.4027  rmse=0.2225
[13:00:43]   Epoch 030 [1700/2849]  reg=0.0121  cls=0.3181  rmse=0.2249
[13:00:44]   Epoch 030 [1750/2849]  reg=0.0195  cls=0.3739  rmse=0.2245
[13:00:44]   Epoch 030 [1800/2849]  reg=0.0180  cls=0.3459  rmse=0.2242
[13:00:45]   Epoch 030 [1850/2849]  reg=0.0132  cls=0.3905  rmse=0.2238
[13:00:46]   Epoch 030 [1900/2849]  reg=0.0135  cls=0.3344  rmse=0.2236
[13:00:46]   Epoch 030 [1950/2849]  reg=0.0139  cls=0.3696  rmse=0.2237
[13:00:47]   Epoch 030 [2000/2849]  reg=0.0131  cls=0.3623  rmse=0.2233
[13:00:47]   Epoch 030 [2050/2849]  reg=0.0163  cls=0.3377  rmse=0.2230
[13:00:48]   Epoch 030 [2100/2849]  reg=0.0160  cls=0.3155  rmse=0.2229
[13:00:49]   Epoch 030 [2150/2849]  reg=0.0129  cls=0.3355  rmse=0.2228
[13:00:49]   Epoch 030 [2200/2849]  reg=0.0142  cls=0.3499  rmse=0.2225
[13:00:50]   Epoch 030 [2250/2849]  reg=0.0148  cls=0.3168  rmse=0.2222
[13:00:50]   Epoch 030 [2300/2849]  reg=0.0174  cls=0.3404  rmse=0.2219
[13:00:51]   Epoch 030 [2350/2849]  reg=0.0117  cls=0.3185  rmse=0.2217
[13:00:51]   Epoch 030 [2400/2849]  reg=0.0166  cls=0.3560  rmse=0.2215
[13:00:52]   Epoch 030 [2450/2849]  reg=0.0209  cls=0.3848  rmse=0.2213
[13:00:53]   Epoch 030 [2500/2849]  reg=0.0150  cls=0.3456  rmse=0.2210
[13:00:53]   Epoch 030 [2550/2849]  reg=0.0121  cls=0.3229  rmse=0.2207
[13:00:54]   Epoch 030 [2600/2849]  reg=0.0183  cls=0.3686  rmse=0.2205
[13:00:54]   Epoch 030 [2650/2849]  reg=0.0136  cls=0.3382  rmse=0.2204
[13:00:55]   Epoch 030 [2700/2849]  reg=0.0159  cls=0.3388  rmse=0.2202
[13:00:56]   Epoch 030 [2750/2849]  reg=0.0190  cls=0.3610  rmse=0.2202
[13:00:56]   Epoch 030 [2800/2849]  reg=0.0173  cls=0.3180  rmse=0.2203
[13:01:09] Epoch 030/100  lr=8.55e-05  train[reg=0.0241 cls=0.3437 rmse=0.2201]  val[rmse=0.2105 cls=0.6207 xyz=(0.157,0.138,0.027) acc=0.916]  (56.2s)
[13:01:09]   ckpt 저장: out_classifier2\checkpoints\epoch_030.pth
[13:01:09] [two-stage] Stage 2: NLL (epoch 31)
[13:01:09]   best_val 리셋 (스케일 변경)
[13:01:19]   Epoch 031 [  50/2849]  reg=-0.5817  cls=0.3669  rmse=0.2923
[13:01:19]   Epoch 031 [ 100/2849]  reg=-0.8366  cls=0.4533  rmse=0.3113
[13:01:20]   Epoch 031 [ 150/2849]  reg=-0.8677  cls=0.3327  rmse=0.3060
[13:01:20]   Epoch 031 [ 200/2849]  reg=-0.8796  cls=0.3828  rmse=0.2975
[13:01:21]   Epoch 031 [ 250/2849]  reg=-0.9007  cls=0.3379  rmse=0.2903
[13:01:22]   Epoch 031 [ 300/2849]  reg=-0.9118  cls=0.3429  rmse=0.2875
[13:01:22]   Epoch 031 [ 350/2849]  reg=-0.9222  cls=0.3401  rmse=0.2836
[13:01:23]   Epoch 031 [ 400/2849]  reg=-0.9255  cls=0.3368  rmse=0.2786
[13:01:23]   Epoch 031 [ 450/2849]  reg=-0.9203  cls=0.3712  rmse=0.2747
[13:01:24]   Epoch 031 [ 500/2849]  reg=-0.9088  cls=0.3800  rmse=0.2711
[13:01:24]   Epoch 031 [ 550/2849]  reg=-0.9385  cls=0.3440  rmse=0.2681
[13:01:25]   Epoch 031 [ 600/2849]  reg=-0.9414  cls=0.3385  rmse=0.2654
[13:01:26]   Epoch 031 [ 650/2849]  reg=-0.9372  cls=0.3318  rmse=0.2638
[13:01:26]   Epoch 031 [ 700/2849]  reg=-0.9420  cls=0.3189  rmse=0.2670
[13:01:27]   Epoch 031 [ 750/2849]  reg=-0.9278  cls=0.3758  rmse=0.2647
[13:01:27]   Epoch 031 [ 800/2849]  reg=-0.9201  cls=0.3134  rmse=0.2630
[13:01:28]   Epoch 031 [ 850/2849]  reg=-0.9416  cls=0.3455  rmse=0.2607
[13:01:28]   Epoch 031 [ 900/2849]  reg=-0.9347  cls=0.3653  rmse=0.2629
[13:01:29]   Epoch 031 [ 950/2849]  reg=-0.9297  cls=0.3022  rmse=0.2612
[13:01:29]   Epoch 031 [1000/2849]  reg=-0.9283  cls=0.3534  rmse=0.2599
[13:01:30]   Epoch 031 [1050/2849]  reg=-0.9393  cls=0.3529  rmse=0.2582
[13:01:31]   Epoch 031 [1100/2849]  reg=-0.9214  cls=0.3413  rmse=0.2567
[13:01:31]   Epoch 031 [1150/2849]  reg=-0.9269  cls=0.3363  rmse=0.2552
[13:01:32]   Epoch 031 [1200/2849]  reg=-0.9395  cls=0.3378  rmse=0.2538
[13:01:32]   Epoch 031 [1250/2849]  reg=-0.9353  cls=0.4028  rmse=0.2526
[13:01:33]   Epoch 031 [1300/2849]  reg=-0.9508  cls=0.3619  rmse=0.2514
[13:01:33]   Epoch 031 [1350/2849]  reg=-0.9319  cls=0.3242  rmse=0.2506
[13:01:34]   Epoch 031 [1400/2849]  reg=-0.9357  cls=0.3679  rmse=0.2501
[13:01:35]   Epoch 031 [1450/2849]  reg=-0.9479  cls=0.3229  rmse=0.2517
[13:01:35]   Epoch 031 [1500/2849]  reg=-0.9357  cls=0.3270  rmse=0.2505
[13:01:36]   Epoch 031 [1550/2849]  reg=-0.9386  cls=0.3151  rmse=0.2496
[13:01:36]   Epoch 031 [1600/2849]  reg=-0.9236  cls=0.3617  rmse=0.2490
[13:01:37]   Epoch 031 [1650/2849]  reg=-0.9358  cls=0.3895  rmse=0.2480
[13:01:38]   Epoch 031 [1700/2849]  reg=-0.9405  cls=0.3695  rmse=0.2471
[13:01:38]   Epoch 031 [1750/2849]  reg=-0.9368  cls=0.3387  rmse=0.2463
[13:01:39]   Epoch 031 [1800/2849]  reg=-0.9419  cls=0.3104  rmse=0.2457
[13:01:39]   Epoch 031 [1850/2849]  reg=-0.1883  cls=0.3353  rmse=0.2453
[13:01:40]   Epoch 031 [1900/2849]  reg=-0.9193  cls=0.3556  rmse=0.2445
[13:01:41]   Epoch 031 [1950/2849]  reg=-0.9286  cls=0.3100  rmse=0.2438
[13:01:41]   Epoch 031 [2000/2849]  reg=-0.9413  cls=0.3347  rmse=0.2434
[13:01:42]   Epoch 031 [2050/2849]  reg=-0.9348  cls=0.3527  rmse=0.2427
[13:01:42]   Epoch 031 [2100/2849]  reg=-0.9398  cls=0.3245  rmse=0.2421
[13:01:43]   Epoch 031 [2150/2849]  reg=-0.9512  cls=0.3688  rmse=0.2419
[13:01:44]   Epoch 031 [2200/2849]  reg=-0.9326  cls=0.4154  rmse=0.2413
[13:01:44]   Epoch 031 [2250/2849]  reg=-0.9305  cls=0.3356  rmse=0.2408
[13:01:45]   Epoch 031 [2300/2849]  reg=-0.9402  cls=0.3307  rmse=0.2404
[13:01:45]   Epoch 031 [2350/2849]  reg=-0.9206  cls=0.3290  rmse=0.2401
[13:01:46]   Epoch 031 [2400/2849]  reg=-0.9408  cls=0.4001  rmse=0.2396
[13:01:46]   Epoch 031 [2450/2849]  reg=-0.9220  cls=0.3218  rmse=0.2391
[13:01:47]   Epoch 031 [2500/2849]  reg=-0.9386  cls=0.3116  rmse=0.2385
[13:01:48]   Epoch 031 [2550/2849]  reg=-0.9347  cls=0.3695  rmse=0.2380
[13:01:48]   Epoch 031 [2600/2849]  reg=-0.9524  cls=0.3505  rmse=0.2375
[13:01:49]   Epoch 031 [2650/2849]  reg=-0.9558  cls=0.3664  rmse=0.2373
[13:01:49]   Epoch 031 [2700/2849]  reg=-0.9390  cls=0.3814  rmse=0.2367
[13:01:50]   Epoch 031 [2750/2849]  reg=-0.9476  cls=0.3468  rmse=0.2366
[13:01:50]   Epoch 031 [2800/2849]  reg=-0.9385  cls=0.4274  rmse=0.2378
[13:02:03] Epoch 031/100  lr=8.44e-05  train[reg=-0.8852 cls=0.3449 rmse=0.2374]  val[rmse=0.2083 cls=0.6020 xyz=(0.156,0.135,0.027) acc=0.917]  (54.2s)
[13:02:03]   ckpt 저장: out_classifier2\checkpoints\best.pth
[13:02:13]   Epoch 032 [  50/2849]  reg=-0.9472  cls=0.3226  rmse=0.2206
[13:02:14]   Epoch 032 [ 100/2849]  reg=-0.9529  cls=0.3469  rmse=0.2154
[13:02:14]   Epoch 032 [ 150/2849]  reg=-0.9504  cls=0.3253  rmse=0.2151
[13:02:15]   Epoch 032 [ 200/2849]  reg=-0.9360  cls=0.3318  rmse=0.2180
[13:02:15]   Epoch 032 [ 250/2849]  reg=-0.9304  cls=0.3251  rmse=0.2171
[13:02:16]   Epoch 032 [ 300/2849]  reg=-0.9373  cls=0.3145  rmse=0.2164
[13:02:16]   Epoch 032 [ 350/2849]  reg=-0.9587  cls=0.3480  rmse=0.2158
[13:02:17]   Epoch 032 [ 400/2849]  reg=-0.9511  cls=0.3400  rmse=0.2154
[13:02:18]   Epoch 032 [ 450/2849]  reg=-0.9324  cls=0.3347  rmse=0.2146
[13:02:18]   Epoch 032 [ 500/2849]  reg=-0.9469  cls=0.4018  rmse=0.2141
[13:02:19]   Epoch 032 [ 550/2849]  reg=-0.9439  cls=0.3657  rmse=0.2136
[13:02:19]   Epoch 032 [ 600/2849]  reg=-0.9463  cls=0.3424  rmse=0.2134
[13:02:20]   Epoch 032 [ 650/2849]  reg=-0.9373  cls=0.3242  rmse=0.2131
[13:02:20]   Epoch 032 [ 700/2849]  reg=-0.9530  cls=0.3497  rmse=0.2127
[13:02:21]   Epoch 032 [ 750/2849]  reg=-0.9529  cls=0.3787  rmse=0.2123
[13:02:21]   Epoch 032 [ 800/2849]  reg=-0.9419  cls=0.3306  rmse=0.2121
[13:02:22]   Epoch 032 [ 850/2849]  reg=-0.9449  cls=0.3765  rmse=0.2127
[13:02:23]   Epoch 032 [ 900/2849]  reg=-0.9498  cls=0.3100  rmse=0.2132
[13:02:23]   Epoch 032 [ 950/2849]  reg=-0.9538  cls=0.3825  rmse=0.2134
[13:02:24]   Epoch 032 [1000/2849]  reg=-0.9514  cls=0.3206  rmse=0.2176
[13:02:24]   Epoch 032 [1050/2849]  reg=-0.9462  cls=0.3296  rmse=0.2173
[13:02:25]   Epoch 032 [1100/2849]  reg=-0.9141  cls=0.3375  rmse=0.2183
[13:02:26]   Epoch 032 [1150/2849]  reg=-0.9375  cls=0.3574  rmse=0.2178
[13:02:26]   Epoch 032 [1200/2849]  reg=-0.9558  cls=0.3405  rmse=0.2173
[13:02:27]   Epoch 032 [1250/2849]  reg=-0.9339  cls=0.3755  rmse=0.2171
[13:02:27]   Epoch 032 [1300/2849]  reg=-0.9512  cls=0.3295  rmse=0.2197
[13:02:28]   Epoch 032 [1350/2849]  reg=-0.9451  cls=0.3379  rmse=0.2195
[13:02:28]   Epoch 032 [1400/2849]  reg=-0.9492  cls=0.3427  rmse=0.2190
[13:02:29]   Epoch 032 [1450/2849]  reg=-0.9408  cls=0.3333  rmse=0.2187
[13:02:30]   Epoch 032 [1500/2849]  reg=-0.9456  cls=0.3643  rmse=0.2188
[13:02:30]   Epoch 032 [1550/2849]  reg=-0.9603  cls=0.2985  rmse=0.2184
[13:02:31]   Epoch 032 [1600/2849]  reg=-0.9384  cls=0.3539  rmse=0.2181
[13:02:31]   Epoch 032 [1650/2849]  reg=-0.9475  cls=0.4161  rmse=0.2182
[13:02:32]   Epoch 032 [1700/2849]  reg=-0.9419  cls=0.3417  rmse=0.2184
[13:02:32]   Epoch 032 [1750/2849]  reg=-0.9452  cls=0.3571  rmse=0.2180
[13:02:33]   Epoch 032 [1800/2849]  reg=-0.9511  cls=0.3313  rmse=0.2184
[13:02:34]   Epoch 032 [1850/2849]  reg=-0.9440  cls=0.3275  rmse=0.2185
[13:02:34]   Epoch 032 [1900/2849]  reg=-0.9387  cls=0.3951  rmse=0.2182
[13:02:35]   Epoch 032 [1950/2849]  reg=-0.9453  cls=0.3911  rmse=0.2183
[13:02:35]   Epoch 032 [2000/2849]  reg=-0.9524  cls=0.3476  rmse=0.2180
[13:02:36]   Epoch 032 [2050/2849]  reg=-0.9479  cls=0.3367  rmse=0.2196
[13:02:36]   Epoch 032 [2100/2849]  reg=-0.9314  cls=0.3421  rmse=0.2192
[13:02:37]   Epoch 032 [2150/2849]  reg=-0.9389  cls=0.3584  rmse=0.2190
[13:02:38]   Epoch 032 [2200/2849]  reg=-0.9402  cls=0.3513  rmse=0.2190
[13:02:38]   Epoch 032 [2250/2849]  reg=-0.9489  cls=0.3906  rmse=0.2187
[13:02:39]   Epoch 032 [2300/2849]  reg=-0.9529  cls=0.3480  rmse=0.2186
[13:02:39]   Epoch 032 [2350/2849]  reg=-0.9477  cls=0.3889  rmse=0.2184
[13:02:40]   Epoch 032 [2400/2849]  reg=-0.9579  cls=0.3512  rmse=0.2181
[13:02:41]   Epoch 032 [2450/2849]  reg=-0.9482  cls=0.3187  rmse=0.2179
[13:02:41]   Epoch 032 [2500/2849]  reg=-0.9350  cls=0.3356  rmse=0.2180
[13:02:42]   Epoch 032 [2550/2849]  reg=-0.9598  cls=0.3617  rmse=0.2193
[13:02:43]   Epoch 032 [2600/2849]  reg=-0.9531  cls=0.3473  rmse=0.2190
[13:02:43]   Epoch 032 [2650/2849]  reg=-0.9388  cls=0.3442  rmse=0.2188
[13:02:44]   Epoch 032 [2700/2849]  reg=-0.9371  cls=0.3688  rmse=0.2185
[13:02:45]   Epoch 032 [2750/2849]  reg=-0.9576  cls=0.3255  rmse=0.2183
[13:02:45]   Epoch 032 [2800/2849]  reg=-0.9406  cls=0.3237  rmse=0.2181
[13:02:58] Epoch 032/100  lr=8.32e-05  train[reg=-0.9118 cls=0.3432 rmse=0.2181]  val[rmse=0.2057 cls=0.5949 xyz=(0.153,0.135,0.027) acc=0.921]  (55.1s)
[13:02:58]   ckpt 저장: out_classifier2\checkpoints\best.pth
[13:03:09]   Epoch 033 [  50/2849]  reg=-0.9542  cls=0.3744  rmse=0.2055
[13:03:09]   Epoch 033 [ 100/2849]  reg=-0.9423  cls=0.3180  rmse=0.2049
[13:03:10]   Epoch 033 [ 150/2849]  reg=-0.9525  cls=0.3161  rmse=0.2045
[13:03:10]   Epoch 033 [ 200/2849]  reg=-0.9267  cls=0.3336  rmse=0.2077
[13:03:11]   Epoch 033 [ 250/2849]  reg=-0.9484  cls=0.3187  rmse=0.2067
[13:03:12]   Epoch 033 [ 300/2849]  reg=-0.9362  cls=0.3514  rmse=0.2082
[13:03:12]   Epoch 033 [ 350/2849]  reg=-0.9443  cls=0.3736  rmse=0.2099
[13:03:13]   Epoch 033 [ 400/2849]  reg=-0.9460  cls=0.3545  rmse=0.2095
[13:03:13]   Epoch 033 [ 450/2849]  reg=-0.9456  cls=0.3414  rmse=0.2090
[13:03:14]   Epoch 033 [ 500/2849]  reg=-0.9492  cls=0.3288  rmse=0.2084
[13:03:15]   Epoch 033 [ 550/2849]  reg=-0.9557  cls=0.3659  rmse=0.2084
[13:03:15]   Epoch 033 [ 600/2849]  reg=-0.9494  cls=0.3358  rmse=0.2083
[13:03:16]   Epoch 033 [ 650/2849]  reg=-0.9569  cls=0.3366  rmse=0.2091
[13:03:17]   Epoch 033 [ 700/2849]  reg=-0.9462  cls=0.3054  rmse=0.2096
[13:03:17]   Epoch 033 [ 750/2849]  reg=-0.9449  cls=0.3953  rmse=0.2092
[13:03:18]   Epoch 033 [ 800/2849]  reg=-0.9521  cls=0.3825  rmse=0.2088
[13:03:18]   Epoch 033 [ 850/2849]  reg=-0.9442  cls=0.3760  rmse=0.2085
[13:03:19]   Epoch 033 [ 900/2849]  reg=-0.9604  cls=0.3129  rmse=0.2080
[13:03:20]   Epoch 033 [ 950/2849]  reg=-0.9470  cls=0.3185  rmse=0.2086
[13:03:20]   Epoch 033 [1000/2849]  reg=-0.9542  cls=0.4033  rmse=0.2086
[13:03:21]   Epoch 033 [1050/2849]  reg=-0.9424  cls=0.3449  rmse=0.2089
[13:03:21]   Epoch 033 [1100/2849]  reg=-0.9522  cls=0.3514  rmse=0.2094
[13:03:22]   Epoch 033 [1150/2849]  reg=-0.9534  cls=0.3358  rmse=0.2125
[13:03:23]   Epoch 033 [1200/2849]  reg=-0.9263  cls=0.3595  rmse=0.2122
[13:03:23]   Epoch 033 [1250/2849]  reg=-0.9536  cls=0.3860  rmse=0.2124
[13:03:24]   Epoch 033 [1300/2849]  reg=-0.9473  cls=0.3884  rmse=0.2129
[13:03:25]   Epoch 033 [1350/2849]  reg=-0.9400  cls=0.3131  rmse=0.2126
[13:03:25]   Epoch 033 [1400/2849]  reg=-0.9389  cls=0.3248  rmse=0.2122
[13:03:26]   Epoch 033 [1450/2849]  reg=-0.9459  cls=0.3372  rmse=0.2119
[13:03:27]   Epoch 033 [1500/2849]  reg=-0.9485  cls=0.3309  rmse=0.2121
[13:03:27]   Epoch 033 [1550/2849]  reg=-0.9317  cls=0.3236  rmse=0.2144
[13:03:28]   Epoch 033 [1600/2849]  reg=-0.9323  cls=0.3067  rmse=0.2139
[13:03:28]   Epoch 033 [1650/2849]  reg=-0.9590  cls=0.3416  rmse=0.2137
[13:03:29]   Epoch 033 [1700/2849]  reg=-0.9542  cls=0.2944  rmse=0.2133
[13:03:30]   Epoch 033 [1750/2849]  reg=-0.9207  cls=0.3552  rmse=0.2131
[13:03:30]   Epoch 033 [1800/2849]  reg=-0.9429  cls=0.3522  rmse=0.2135
[13:03:31]   Epoch 033 [1850/2849]  reg=-0.9459  cls=0.3394  rmse=0.2153
[13:03:31]   Epoch 033 [1900/2849]  reg=-0.9378  cls=0.3273  rmse=0.2151
[13:03:32]   Epoch 033 [1950/2849]  reg=-0.9462  cls=0.3527  rmse=0.2148
[13:03:33]   Epoch 033 [2000/2849]  reg=-0.9376  cls=0.2963  rmse=0.2146
[13:03:33]   Epoch 033 [2050/2849]  reg=-0.9460  cls=0.3702  rmse=0.2147
[13:03:34]   Epoch 033 [2100/2849]  reg=-0.9504  cls=0.3243  rmse=0.2146
[13:03:35]   Epoch 033 [2150/2849]  reg=-0.9341  cls=0.3108  rmse=0.2145
[13:03:35]   Epoch 033 [2200/2849]  reg=-0.9360  cls=0.3356  rmse=0.2142
[13:03:36]   Epoch 033 [2250/2849]  reg=-0.9454  cls=0.3415  rmse=0.2141
[13:03:36]   Epoch 033 [2300/2849]  reg=-0.9510  cls=0.3985  rmse=0.2139
[13:03:37]   Epoch 033 [2350/2849]  reg=-0.9436  cls=0.3570  rmse=0.2137
[13:03:38]   Epoch 033 [2400/2849]  reg=-0.9436  cls=0.3463  rmse=0.2134
[13:03:38]   Epoch 033 [2450/2849]  reg=-0.9670  cls=0.3184  rmse=0.2134
[13:03:39]   Epoch 033 [2500/2849]  reg=-0.9573  cls=0.3342  rmse=0.2132
[13:03:39]   Epoch 033 [2550/2849]  reg=-0.9581  cls=0.3131  rmse=0.2130
[13:03:40]   Epoch 033 [2600/2849]  reg=-0.9488  cls=0.3249  rmse=0.2128
[13:03:41]   Epoch 033 [2650/2849]  reg=-0.9420  cls=0.3127  rmse=0.2126
[13:03:41]   Epoch 033 [2700/2849]  reg=-0.9465  cls=0.3157  rmse=0.2124
[13:03:42]   Epoch 033 [2750/2849]  reg=-0.9538  cls=0.3092  rmse=0.2136
[13:03:43]   Epoch 033 [2800/2849]  reg=-0.9519  cls=0.3123  rmse=0.2137
[13:03:56] Epoch 033/100  lr=8.21e-05  train[reg=-0.9143 cls=0.3435 rmse=0.2135]  val[rmse=0.2050 cls=0.6105 xyz=(0.154,0.133,0.027) acc=0.918]  (57.3s)
[13:03:56]   ckpt 저장: out_classifier2\checkpoints\best.pth
[13:04:06]   Epoch 034 [  50/2849]  reg=-0.9461  cls=0.3631  rmse=0.2042
[13:04:06]   Epoch 034 [ 100/2849]  reg=-0.9442  cls=0.3455  rmse=0.2088
[13:04:07]   Epoch 034 [ 150/2849]  reg=-0.9456  cls=0.3717  rmse=0.2069
[13:04:07]   Epoch 034 [ 200/2849]  reg=-0.9353  cls=0.3152  rmse=0.2049
[13:04:08]   Epoch 034 [ 250/2849]  reg=-0.9469  cls=0.3106  rmse=0.2046
[13:04:09]   Epoch 034 [ 300/2849]  reg=-0.9470  cls=0.3347  rmse=0.2044
[13:04:09]   Epoch 034 [ 350/2849]  reg=-0.9499  cls=0.3166  rmse=0.2074
[13:04:10]   Epoch 034 [ 400/2849]  reg=-0.9585  cls=0.3435  rmse=0.2069
[13:04:10]   Epoch 034 [ 450/2849]  reg=-0.9494  cls=0.3933  rmse=0.2072
[13:04:11]   Epoch 034 [ 500/2849]  reg=-0.9514  cls=0.3403  rmse=0.2078
[13:04:11]   Epoch 034 [ 550/2849]  reg=-0.9579  cls=0.3240  rmse=0.2143
[13:04:12]   Epoch 034 [ 600/2849]  reg=-0.9524  cls=0.3055  rmse=0.2199
[13:04:13]   Epoch 034 [ 650/2849]  reg=-0.9529  cls=0.3250  rmse=0.2184
[13:04:13]   Epoch 034 [ 700/2849]  reg=-0.9319  cls=0.3667  rmse=0.2183
[13:04:14]   Epoch 034 [ 750/2849]  reg=-0.9496  cls=0.3748  rmse=0.2171
[13:04:14]   Epoch 034 [ 800/2849]  reg=-0.9371  cls=0.3689  rmse=0.2159
[13:04:15]   Epoch 034 [ 850/2849]  reg=-0.9654  cls=0.3335  rmse=0.2148
[13:04:16]   Epoch 034 [ 900/2849]  reg=-0.9575  cls=0.3375  rmse=0.2149
[13:04:16]   Epoch 034 [ 950/2849]  reg=-0.9375  cls=0.3877  rmse=0.2143
[13:04:17]   Epoch 034 [1000/2849]  reg=-0.9500  cls=0.3333  rmse=0.2143
[13:04:17]   Epoch 034 [1050/2849]  reg=-0.9610  cls=0.3228  rmse=0.2136
[13:04:18]   Epoch 034 [1100/2849]  reg=-0.9538  cls=0.3491  rmse=0.2129
[13:04:19]   Epoch 034 [1150/2849]  reg=-0.9491  cls=0.3333  rmse=0.2123
[13:04:19]   Epoch 034 [1200/2849]  reg=-0.9499  cls=0.3489  rmse=0.2118
[13:04:20]   Epoch 034 [1250/2849]  reg=-0.9446  cls=0.3677  rmse=0.2114
[13:04:21]   Epoch 034 [1300/2849]  reg=-0.9533  cls=0.3216  rmse=0.2110
[13:04:21]   Epoch 034 [1350/2849]  reg=-0.9490  cls=0.3326  rmse=0.2106
[13:04:22]   Epoch 034 [1400/2849]  reg=-0.9485  cls=0.3768  rmse=0.2104
[13:04:22]   Epoch 034 [1450/2849]  reg=-0.9516  cls=0.3723  rmse=0.2101
[13:04:23]   Epoch 034 [1500/2849]  reg=-0.9553  cls=0.3507  rmse=0.2122
[13:04:23]   Epoch 034 [1550/2849]  reg=-0.9569  cls=0.3948  rmse=0.2118
[13:04:24]   Epoch 034 [1600/2849]  reg=-0.9599  cls=0.3432  rmse=0.2118
[13:04:24]   Epoch 034 [1650/2849]  reg=-0.9460  cls=0.3019  rmse=0.2120
[13:04:25]   Epoch 034 [1700/2849]  reg=-0.9311  cls=0.3322  rmse=0.2119
[13:04:25]   Epoch 034 [1750/2849]  reg=-0.9609  cls=0.3216  rmse=0.2122
[13:04:26]   Epoch 034 [1800/2849]  reg=-0.9567  cls=0.3686  rmse=0.2140
[13:04:26]   Epoch 034 [1850/2849]  reg=-0.9510  cls=0.2963  rmse=0.2136
[13:04:27]   Epoch 034 [1900/2849]  reg=-0.9552  cls=0.3898  rmse=0.2133
[13:04:27]   Epoch 034 [1950/2849]  reg=-0.9471  cls=0.3562  rmse=0.2129
[13:04:28]   Epoch 034 [2000/2849]  reg=-0.9473  cls=0.3895  rmse=0.2127
[13:04:29]   Epoch 034 [2050/2849]  reg=-0.9531  cls=0.3524  rmse=0.2124
[13:04:29]   Epoch 034 [2100/2849]  reg=-0.9490  cls=0.3219  rmse=0.2121
[13:04:30]   Epoch 034 [2150/2849]  reg=-0.9503  cls=0.3132  rmse=0.2119
[13:04:30]   Epoch 034 [2200/2849]  reg=-0.9510  cls=0.3543  rmse=0.2117
[13:04:31]   Epoch 034 [2250/2849]  reg=-0.9424  cls=0.3182  rmse=0.2114
[13:04:32]   Epoch 034 [2300/2849]  reg=-0.9459  cls=0.3419  rmse=0.2114
[13:04:32]   Epoch 034 [2350/2849]  reg=-0.9423  cls=0.3528  rmse=0.2115
[13:04:33]   Epoch 034 [2400/2849]  reg=-0.9509  cls=0.3588  rmse=0.2116
[13:04:33]   Epoch 034 [2450/2849]  reg=-0.9600  cls=0.3163  rmse=0.2113
[13:04:34]   Epoch 034 [2500/2849]  reg=-0.9530  cls=0.3502  rmse=0.2112
[13:04:35]   Epoch 034 [2550/2849]  reg=-0.9561  cls=0.4630  rmse=0.2109
[13:04:35]   Epoch 034 [2600/2849]  reg=-0.9461  cls=0.3223  rmse=0.2107
[13:04:36]   Epoch 034 [2650/2849]  reg=-0.9468  cls=0.3165  rmse=0.2105
[13:04:36]   Epoch 034 [2700/2849]  reg=-0.9545  cls=0.3948  rmse=0.2104
[13:04:37]   Epoch 034 [2750/2849]  reg=-0.9598  cls=0.4173  rmse=0.2106
[13:04:38]   Epoch 034 [2800/2849]  reg=-0.9307  cls=0.3256  rmse=0.2106
[13:04:50] Epoch 034/100  lr=8.08e-05  train[reg=-0.9159 cls=0.3432 rmse=0.2104]  val[rmse=0.2006 cls=0.6131 xyz=(0.149,0.132,0.027) acc=0.917]  (54.7s)
[13:04:50]   ckpt 저장: out_classifier2\checkpoints\best.pth
[13:05:01]   Epoch 035 [  50/2849]  reg=-0.9405  cls=0.3458  rmse=0.2112
[13:05:01]   Epoch 035 [ 100/2849]  reg=-0.9571  cls=0.3377  rmse=0.2047
[13:05:02]   Epoch 035 [ 150/2849]  reg=-0.9562  cls=0.3542  rmse=0.2032
[13:05:02]   Epoch 035 [ 200/2849]  reg=-0.9532  cls=0.3537  rmse=0.2027
[13:05:03]   Epoch 035 [ 250/2849]  reg=-0.9530  cls=0.2990  rmse=0.2023
[13:05:04]   Epoch 035 [ 300/2849]  reg=-0.9548  cls=0.3351  rmse=0.2016
[13:05:04]   Epoch 035 [ 350/2849]  reg=-0.9620  cls=0.3490  rmse=0.2119
[13:05:05]   Epoch 035 [ 400/2849]  reg=-0.9313  cls=0.3680  rmse=0.2199
[13:05:05]   Epoch 035 [ 450/2849]  reg=-0.9392  cls=0.3364  rmse=0.2177
[13:05:06]   Epoch 035 [ 500/2849]  reg=-0.9483  cls=0.3193  rmse=0.2173
[13:05:07]   Epoch 035 [ 550/2849]  reg=-0.9446  cls=0.3303  rmse=0.2156
[13:05:07]   Epoch 035 [ 600/2849]  reg=-0.9582  cls=0.4141  rmse=0.2141
[13:05:08]   Epoch 035 [ 650/2849]  reg=-0.9417  cls=0.3911  rmse=0.2190
[13:05:09]   Epoch 035 [ 700/2849]  reg=-0.9486  cls=0.3661  rmse=0.2176
[13:05:09]   Epoch 035 [ 750/2849]  reg=-0.9538  cls=0.3853  rmse=0.2166
[13:05:10]   Epoch 035 [ 800/2849]  reg=-0.9637  cls=0.3261  rmse=0.2162
[13:05:10]   Epoch 035 [ 850/2849]  reg=-0.9536  cls=0.3293  rmse=0.2152
[13:05:11]   Epoch 035 [ 900/2849]  reg=-0.9564  cls=0.3168  rmse=0.2187
[13:05:12]   Epoch 035 [ 950/2849]  reg=-0.9475  cls=0.3073  rmse=0.2176
[13:05:12]   Epoch 035 [1000/2849]  reg=-0.9551  cls=0.3543  rmse=0.2175
[13:05:13]   Epoch 035 [1050/2849]  reg=-0.9454  cls=0.3959  rmse=0.2173
[13:05:13]   Epoch 035 [1100/2849]  reg=-0.9610  cls=0.3423  rmse=0.2164
[13:05:14]   Epoch 035 [1150/2849]  reg=-0.9566  cls=0.3116  rmse=0.2160
[13:05:15]   Epoch 035 [1200/2849]  reg=-0.9596  cls=0.3687  rmse=0.2157
[13:05:15]   Epoch 035 [1250/2849]  reg=-0.9568  cls=0.3597  rmse=0.2150
[13:05:16]   Epoch 035 [1300/2849]  reg=-0.9548  cls=0.3450  rmse=0.2144
[13:05:16]   Epoch 035 [1350/2849]  reg=-0.9535  cls=0.3510  rmse=0.2138
[13:05:17]   Epoch 035 [1400/2849]  reg=-0.9484  cls=0.3642  rmse=0.2138
[13:05:17]   Epoch 035 [1450/2849]  reg=-0.9607  cls=0.3188  rmse=0.2138
[13:05:18]   Epoch 035 [1500/2849]  reg=-0.9447  cls=0.3822  rmse=0.2132
[13:05:19]   Epoch 035 [1550/2849]  reg=-0.9307  cls=0.3526  rmse=0.2127
[13:05:19]   Epoch 035 [1600/2849]  reg=-0.9567  cls=0.3342  rmse=0.2126
[13:05:20]   Epoch 035 [1650/2849]  reg=-0.9513  cls=0.3254  rmse=0.2130
[13:05:20]   Epoch 035 [1700/2849]  reg=-0.9564  cls=0.3524  rmse=0.2129
[13:05:21]   Epoch 035 [1750/2849]  reg=-0.9562  cls=0.3212  rmse=0.2124
[13:05:22]   Epoch 035 [1800/2849]  reg=-0.9330  cls=0.3026  rmse=0.2120
[13:05:22]   Epoch 035 [1850/2849]  reg=-0.9416  cls=0.3960  rmse=0.2116
[13:05:23]   Epoch 035 [1900/2849]  reg=-0.9580  cls=0.3276  rmse=0.2113
[13:05:23]   Epoch 035 [1950/2849]  reg=-0.9406  cls=0.3873  rmse=0.2109
[13:05:24]   Epoch 035 [2000/2849]  reg=-0.9294  cls=0.3989  rmse=0.2107
[13:05:24]   Epoch 035 [2050/2849]  reg=-0.9530  cls=0.3501  rmse=0.2104
[13:05:25]   Epoch 035 [2100/2849]  reg=-0.9364  cls=0.3349  rmse=0.2101
[13:05:25]   Epoch 035 [2150/2849]  reg=-0.9614  cls=0.3256  rmse=0.2101
[13:05:26]   Epoch 035 [2200/2849]  reg=-0.9496  cls=0.3087  rmse=0.2100
[13:05:27]   Epoch 035 [2250/2849]  reg=-0.9650  cls=0.3097  rmse=0.2097
[13:05:27]   Epoch 035 [2300/2849]  reg=-0.9502  cls=0.3511  rmse=0.2094
[13:05:28]   Epoch 035 [2350/2849]  reg=-0.9424  cls=0.3188  rmse=0.2091
[13:05:28]   Epoch 035 [2400/2849]  reg=-0.9527  cls=0.3151  rmse=0.2089
[13:05:29]   Epoch 035 [2450/2849]  reg=-0.9626  cls=0.3379  rmse=0.2087
[13:05:30]   Epoch 035 [2500/2849]  reg=-0.9645  cls=0.3556  rmse=0.2084
[13:05:30]   Epoch 035 [2550/2849]  reg=-0.9561  cls=0.3434  rmse=0.2089
[13:05:31]   Epoch 035 [2600/2849]  reg=-0.9483  cls=0.3309  rmse=0.2087
[13:05:31]   Epoch 035 [2650/2849]  reg=-0.9584  cls=0.3618  rmse=0.2085
[13:05:32]   Epoch 035 [2700/2849]  reg=-0.9486  cls=0.3644  rmse=0.2083
[13:05:32]   Epoch 035 [2750/2849]  reg=-0.9623  cls=0.3580  rmse=0.2081
[13:05:33]   Epoch 035 [2800/2849]  reg=-0.9451  cls=0.3617  rmse=0.2079
[13:05:45] Epoch 035/100  lr=7.96e-05  train[reg=-0.9171 cls=0.3425 rmse=0.2077]  val[rmse=0.1983 cls=0.6189 xyz=(0.146,0.131,0.027) acc=0.916]  (54.5s)
[13:05:45]   ckpt 저장: out_classifier2\checkpoints\best.pth
[13:05:54]   Epoch 036 [  50/2849]  reg=-0.9511  cls=0.3322  rmse=0.1994
[13:05:55]   Epoch 036 [ 100/2849]  reg=-0.9557  cls=0.3300  rmse=0.2006
[13:05:55]   Epoch 036 [ 150/2849]  reg=-0.9454  cls=0.3128  rmse=0.1993
[13:05:56]   Epoch 036 [ 200/2849]  reg=-0.9595  cls=0.3263  rmse=0.1993
[13:05:56]   Epoch 036 [ 250/2849]  reg=-0.9507  cls=0.3592  rmse=0.2174
[13:05:57]   Epoch 036 [ 300/2849]  reg=-0.9610  cls=0.3598  rmse=0.2159
[13:05:58]   Epoch 036 [ 350/2849]  reg=-0.9604  cls=0.3114  rmse=0.2241
[13:05:58]   Epoch 036 [ 400/2849]  reg=-0.9542  cls=0.3528  rmse=0.2219
[13:05:59]   Epoch 036 [ 450/2849]  reg=-0.9305  cls=0.3518  rmse=0.2278
[13:05:59]   Epoch 036 [ 500/2849]  reg=-0.9543  cls=0.3636  rmse=0.2247
[13:06:00]   Epoch 036 [ 550/2849]  reg=-0.9562  cls=0.3339  rmse=0.2225
[13:06:00]   Epoch 036 [ 600/2849]  reg=-0.9451  cls=0.3113  rmse=0.2214
[13:06:01]   Epoch 036 [ 650/2849]  reg=-0.9547  cls=0.3268  rmse=0.2198
[13:06:01]   Epoch 036 [ 700/2849]  reg=-0.9527  cls=0.3386  rmse=0.2182
[13:06:02]   Epoch 036 [ 750/2849]  reg=-0.2707  cls=0.3104  rmse=0.2176
[13:06:02]   Epoch 036 [ 800/2849]  reg=-0.9410  cls=0.3279  rmse=0.2164
[13:06:03]   Epoch 036 [ 850/2849]  reg=-0.9620  cls=0.3196  rmse=0.2159
[13:06:04]   Epoch 036 [ 900/2849]  reg=-0.9523  cls=0.3275  rmse=0.2150
[13:06:04]   Epoch 036 [ 950/2849]  reg=-0.9450  cls=0.3295  rmse=0.2148
[13:06:05]   Epoch 036 [1000/2849]  reg=-0.9370  cls=0.3761  rmse=0.2185
[13:06:05]   Epoch 036 [1050/2849]  reg=-0.9537  cls=0.3232  rmse=0.2177
[13:06:06]   Epoch 036 [1100/2849]  reg=-0.9483  cls=0.3536  rmse=0.2172
[13:06:06]   Epoch 036 [1150/2849]  reg=-0.9498  cls=0.3333  rmse=0.2163
[13:06:07]   Epoch 036 [1200/2849]  reg=-0.9442  cls=0.3468  rmse=0.2155
[13:06:07]   Epoch 036 [1250/2849]  reg=-0.9399  cls=0.3214  rmse=0.2147
[13:06:08]   Epoch 036 [1300/2849]  reg=-0.9435  cls=0.3680  rmse=0.2141
[13:06:08]   Epoch 036 [1350/2849]  reg=-0.9560  cls=0.3672  rmse=0.2140
[13:06:09]   Epoch 036 [1400/2849]  reg=-0.9620  cls=0.3319  rmse=0.2138
[13:06:10]   Epoch 036 [1450/2849]  reg=-0.9640  cls=0.3692  rmse=0.2137
[13:06:10]   Epoch 036 [1500/2849]  reg=-0.9579  cls=0.3332  rmse=0.2132
[13:06:11]   Epoch 036 [1550/2849]  reg=-0.9616  cls=0.3177  rmse=0.2126
[13:06:11]   Epoch 036 [1600/2849]  reg=-0.9560  cls=0.3186  rmse=0.2125
[13:06:12]   Epoch 036 [1650/2849]  reg=-0.9480  cls=0.3053  rmse=0.2125
[13:06:12]   Epoch 036 [1700/2849]  reg=-0.9433  cls=0.3250  rmse=0.2120
[13:06:13]   Epoch 036 [1750/2849]  reg=-0.9530  cls=0.3286  rmse=0.2115
[13:06:13]   Epoch 036 [1800/2849]  reg=-0.9551  cls=0.3248  rmse=0.2110
[13:06:14]   Epoch 036 [1850/2849]  reg=-0.9561  cls=0.3438  rmse=0.2106
[13:06:15]   Epoch 036 [1900/2849]  reg=-0.9578  cls=0.3649  rmse=0.2102
[13:06:15]   Epoch 036 [1950/2849]  reg=-0.9475  cls=0.3462  rmse=0.2098
[13:06:16]   Epoch 036 [2000/2849]  reg=-0.9496  cls=0.3642  rmse=0.2094
[13:06:16]   Epoch 036 [2050/2849]  reg=-0.9492  cls=0.3280  rmse=0.2094
[13:06:17]   Epoch 036 [2100/2849]  reg=-0.9605  cls=0.3062  rmse=0.2091
[13:06:17]   Epoch 036 [2150/2849]  reg=-0.9556  cls=0.3430  rmse=0.2089
[13:06:18]   Epoch 036 [2200/2849]  reg=-0.9469  cls=0.3192  rmse=0.2086
[13:06:19]   Epoch 036 [2250/2849]  reg=-0.9499  cls=0.3215  rmse=0.2084
[13:06:19]   Epoch 036 [2300/2849]  reg=-0.9519  cls=0.3524  rmse=0.2081
[13:06:20]   Epoch 036 [2350/2849]  reg=-0.9433  cls=0.2992  rmse=0.2078
[13:06:20]   Epoch 036 [2400/2849]  reg=-0.9496  cls=0.3250  rmse=0.2076
[13:06:21]   Epoch 036 [2450/2849]  reg=-0.9601  cls=0.3137  rmse=0.2074
[13:06:21]   Epoch 036 [2500/2849]  reg=-0.9552  cls=0.3094  rmse=0.2076
[13:06:22]   Epoch 036 [2550/2849]  reg=-0.9498  cls=0.3069  rmse=0.2074
[13:06:23]   Epoch 036 [2600/2849]  reg=-0.9572  cls=0.3453  rmse=0.2072
[13:06:23]   Epoch 036 [2650/2849]  reg=-0.9367  cls=0.3394  rmse=0.2072
[13:06:24]   Epoch 036 [2700/2849]  reg=-0.9569  cls=0.3306  rmse=0.2070
[13:06:24]   Epoch 036 [2750/2849]  reg=-0.9571  cls=0.3609  rmse=0.2068
[13:06:25]   Epoch 036 [2800/2849]  reg=-0.9544  cls=0.3472  rmse=0.2065
[13:06:38] Epoch 036/100  lr=7.83e-05  train[reg=-0.9180 cls=0.3417 rmse=0.2063]  val[rmse=0.1976 cls=0.6122 xyz=(0.147,0.130,0.027) acc=0.916]  (53.1s)
[13:06:38]   ckpt 저장: out_classifier2\checkpoints\best.pth
[13:06:48]   Epoch 037 [  50/2849]  reg=-0.9393  cls=0.3245  rmse=0.1985
[13:06:49]   Epoch 037 [ 100/2849]  reg=-0.9420  cls=0.3815  rmse=0.1964
[13:06:50]   Epoch 037 [ 150/2849]  reg=-0.9588  cls=0.3883  rmse=0.1950
[13:06:50]   Epoch 037 [ 200/2849]  reg=-0.9460  cls=0.3434  rmse=0.1973
[13:06:51]   Epoch 037 [ 250/2849]  reg=-0.9612  cls=0.3487  rmse=0.1967
[13:06:51]   Epoch 037 [ 300/2849]  reg=-0.9590  cls=0.3520  rmse=0.1961
[13:06:52]   Epoch 037 [ 350/2849]  reg=-0.9536  cls=0.3617  rmse=0.1976
[13:06:53]   Epoch 037 [ 400/2849]  reg=-0.9426  cls=0.3174  rmse=0.1993
[13:06:53]   Epoch 037 [ 450/2849]  reg=-0.9661  cls=0.3151  rmse=0.1990
[13:06:54]   Epoch 037 [ 500/2849]  reg=-0.9641  cls=0.3398  rmse=0.1988
[13:06:55]   Epoch 037 [ 550/2849]  reg=-0.9498  cls=0.3564  rmse=0.2058
[13:06:55]   Epoch 037 [ 600/2849]  reg=-0.9532  cls=0.3363  rmse=0.2115
[13:06:56]   Epoch 037 [ 650/2849]  reg=-0.9585  cls=0.3646  rmse=0.2112
[13:06:56]   Epoch 037 [ 700/2849]  reg=-0.9548  cls=0.3425  rmse=0.2109
[13:06:57]   Epoch 037 [ 750/2849]  reg=-0.9503  cls=0.3508  rmse=0.2098
[13:06:58]   Epoch 037 [ 800/2849]  reg=-0.9611  cls=0.3630  rmse=0.2089
[13:06:58]   Epoch 037 [ 850/2849]  reg=-0.9485  cls=0.3248  rmse=0.2081
[13:06:59]   Epoch 037 [ 900/2849]  reg=-0.9485  cls=0.3053  rmse=0.2073
[13:07:00]   Epoch 037 [ 950/2849]  reg=-0.9526  cls=0.3205  rmse=0.2070
[13:07:00]   Epoch 037 [1000/2849]  reg=-0.9512  cls=0.3123  rmse=0.2063
[13:07:01]   Epoch 037 [1050/2849]  reg=-0.9565  cls=0.2983  rmse=0.2056
[13:07:01]   Epoch 037 [1100/2849]  reg=-0.9483  cls=0.3895  rmse=0.2051
[13:07:02]   Epoch 037 [1150/2849]  reg=-0.9468  cls=0.3454  rmse=0.2046
[13:07:03]   Epoch 037 [1200/2849]  reg=-0.9432  cls=0.3820  rmse=0.2042
[13:07:03]   Epoch 037 [1250/2849]  reg=-0.9434  cls=0.3670  rmse=0.2045
[13:07:04]   Epoch 037 [1300/2849]  reg=-0.9513  cls=0.3570  rmse=0.2040
[13:07:04]   Epoch 037 [1350/2849]  reg=-0.9456  cls=0.4171  rmse=0.2072
[13:07:05]   Epoch 037 [1400/2849]  reg=-0.9570  cls=0.3008  rmse=0.2067
[13:07:06]   Epoch 037 [1450/2849]  reg=-0.2781  cls=0.3091  rmse=0.2071
[13:07:06]   Epoch 037 [1500/2849]  reg=-0.9542  cls=0.3545  rmse=0.2071
[13:07:07]   Epoch 037 [1550/2849]  reg=-0.9477  cls=0.3618  rmse=0.2068
[13:07:07]   Epoch 037 [1600/2849]  reg=-0.9484  cls=0.3393  rmse=0.2065
[13:07:08]   Epoch 037 [1650/2849]  reg=-0.9129  cls=0.3464  rmse=0.2065
[13:07:09]   Epoch 037 [1700/2849]  reg=-0.9398  cls=0.3370  rmse=0.2062
[13:07:09]   Epoch 037 [1750/2849]  reg=-0.9502  cls=0.3285  rmse=0.2063
[13:07:10]   Epoch 037 [1800/2849]  reg=-0.9608  cls=0.3976  rmse=0.2060
[13:07:10]   Epoch 037 [1850/2849]  reg=-0.9652  cls=0.3130  rmse=0.2056
[13:07:11]   Epoch 037 [1900/2849]  reg=-0.9575  cls=0.3560  rmse=0.2052
[13:07:11]   Epoch 037 [1950/2849]  reg=-0.9573  cls=0.3345  rmse=0.2053
[13:07:12]   Epoch 037 [2000/2849]  reg=-0.9574  cls=0.3645  rmse=0.2069
[13:07:12]   Epoch 037 [2050/2849]  reg=-0.9479  cls=0.3691  rmse=0.2067
[13:07:13]   Epoch 037 [2100/2849]  reg=-0.9524  cls=0.3883  rmse=0.2065
[13:07:14]   Epoch 037 [2150/2849]  reg=-0.9484  cls=0.3113  rmse=0.2062
[13:07:14]   Epoch 037 [2200/2849]  reg=-0.9628  cls=0.3301  rmse=0.2063
[13:07:15]   Epoch 037 [2250/2849]  reg=-0.9536  cls=0.3560  rmse=0.2063
[13:07:15]   Epoch 037 [2300/2849]  reg=-0.9418  cls=0.3476  rmse=0.2060
[13:07:16]   Epoch 037 [2350/2849]  reg=-0.9437  cls=0.3731  rmse=0.2058
[13:07:16]   Epoch 037 [2400/2849]  reg=-0.9519  cls=0.3308  rmse=0.2056
[13:07:17]   Epoch 037 [2450/2849]  reg=-0.9612  cls=0.3114  rmse=0.2053
[13:07:17]   Epoch 037 [2500/2849]  reg=-0.9570  cls=0.3457  rmse=0.2051
[13:07:18]   Epoch 037 [2550/2849]  reg=-0.9619  cls=0.3325  rmse=0.2050
[13:07:19]   Epoch 037 [2600/2849]  reg=-0.9466  cls=0.3170  rmse=0.2049
[13:07:19]   Epoch 037 [2650/2849]  reg=-0.9488  cls=0.3053  rmse=0.2047
[13:07:20]   Epoch 037 [2700/2849]  reg=-0.9575  cls=0.3535  rmse=0.2045
[13:07:20]   Epoch 037 [2750/2849]  reg=-0.9648  cls=0.3144  rmse=0.2044
[13:07:21]   Epoch 037 [2800/2849]  reg=-0.9490  cls=0.3071  rmse=0.2042
[13:07:33] Epoch 037/100  lr=7.70e-05  train[reg=-0.9189 cls=0.3417 rmse=0.2043]  val[rmse=0.1963 cls=0.6211 xyz=(0.145,0.129,0.027) acc=0.919]  (54.8s)
[13:07:33]   ckpt 저장: out_classifier2\checkpoints\best.pth
[13:07:43]   Epoch 038 [  50/2849]  reg=-0.9595  cls=0.3398  rmse=0.1965
[13:07:43]   Epoch 038 [ 100/2849]  reg=-0.9474  cls=0.3164  rmse=0.2019
[13:07:44]   Epoch 038 [ 150/2849]  reg=-0.9644  cls=0.3390  rmse=0.2010
[13:07:45]   Epoch 038 [ 200/2849]  reg=-0.9590  cls=0.3839  rmse=0.1996
[13:07:45]   Epoch 038 [ 250/2849]  reg=-0.9568  cls=0.3278  rmse=0.1986
[13:07:46]   Epoch 038 [ 300/2849]  reg=-0.9362  cls=0.3458  rmse=0.1986
[13:07:46]   Epoch 038 [ 350/2849]  reg=-0.9578  cls=0.3307  rmse=0.1977
[13:07:47]   Epoch 038 [ 400/2849]  reg=-0.9291  cls=0.3830  rmse=0.1991
[13:07:47]   Epoch 038 [ 450/2849]  reg=-0.9574  cls=0.3432  rmse=0.1987
[13:07:48]   Epoch 038 [ 500/2849]  reg=-0.1306  cls=0.3829  rmse=0.1995
[13:07:49]   Epoch 038 [ 550/2849]  reg=-0.9605  cls=0.3079  rmse=0.1989
[13:07:49]   Epoch 038 [ 600/2849]  reg=-0.9659  cls=0.3166  rmse=0.1993
[13:07:50]   Epoch 038 [ 650/2849]  reg=-0.9611  cls=0.3175  rmse=0.1990
[13:07:50]   Epoch 038 [ 700/2849]  reg=-0.9583  cls=0.3320  rmse=0.1985
[13:07:51]   Epoch 038 [ 750/2849]  reg=-0.9561  cls=0.3398  rmse=0.1992
[13:07:51]   Epoch 038 [ 800/2849]  reg=-0.9465  cls=0.3310  rmse=0.1989
[13:07:52]   Epoch 038 [ 850/2849]  reg=-0.9563  cls=0.3757  rmse=0.1986
[13:07:52]   Epoch 038 [ 900/2849]  reg=-0.9603  cls=0.3792  rmse=0.1984
[13:07:53]   Epoch 038 [ 950/2849]  reg=-0.9645  cls=0.3090  rmse=0.1981
[13:07:53]   Epoch 038 [1000/2849]  reg=-0.9585  cls=0.3276  rmse=0.1979
[13:07:54]   Epoch 038 [1050/2849]  reg=-0.9583  cls=0.3798  rmse=0.1977
[13:07:54]   Epoch 038 [1100/2849]  reg=-0.9543  cls=0.3656  rmse=0.1979
[13:07:55]   Epoch 038 [1150/2849]  reg=-0.9498  cls=0.3616  rmse=0.1975
[13:07:55]   Epoch 038 [1200/2849]  reg=-0.9528  cls=0.3337  rmse=0.1976
[13:07:56]   Epoch 038 [1250/2849]  reg=-0.9676  cls=0.3318  rmse=0.2005
[13:07:56]   Epoch 038 [1300/2849]  reg=-0.9602  cls=0.4069  rmse=0.2002
[13:07:57]   Epoch 038 [1350/2849]  reg=-0.9379  cls=0.3106  rmse=0.2004
[13:07:58]   Epoch 038 [1400/2849]  reg=-0.9547  cls=0.3779  rmse=0.2001
[13:07:58]   Epoch 038 [1450/2849]  reg=-0.9616  cls=0.3091  rmse=0.2004
[13:07:59]   Epoch 038 [1500/2849]  reg=-0.9555  cls=0.3098  rmse=0.2002
[13:07:59]   Epoch 038 [1550/2849]  reg=-0.9577  cls=0.3775  rmse=0.2026
[13:08:00]   Epoch 038 [1600/2849]  reg=-0.9563  cls=0.3634  rmse=0.2027
[13:08:00]   Epoch 038 [1650/2849]  reg=-0.9558  cls=0.3521  rmse=0.2028
[13:08:01]   Epoch 038 [1700/2849]  reg=-0.9428  cls=0.3848  rmse=0.2027
[13:08:01]   Epoch 038 [1750/2849]  reg=-0.9598  cls=0.3424  rmse=0.2028
[13:08:02]   Epoch 038 [1800/2849]  reg=-0.9592  cls=0.3649  rmse=0.2025
[13:08:02]   Epoch 038 [1850/2849]  reg=-0.9509  cls=0.3560  rmse=0.2022
[13:08:03]   Epoch 038 [1900/2849]  reg=-0.9533  cls=0.3275  rmse=0.2020
[13:08:04]   Epoch 038 [1950/2849]  reg=-0.9468  cls=0.3709  rmse=0.2018
[13:08:04]   Epoch 038 [2000/2849]  reg=-0.9484  cls=0.3251  rmse=0.2020
[13:08:05]   Epoch 038 [2050/2849]  reg=-0.9512  cls=0.4040  rmse=0.2021
[13:08:05]   Epoch 038 [2100/2849]  reg=-0.9560  cls=0.3340  rmse=0.2019
[13:08:06]   Epoch 038 [2150/2849]  reg=-0.9513  cls=0.3145  rmse=0.2038
[13:08:06]   Epoch 038 [2200/2849]  reg=-0.9539  cls=0.3757  rmse=0.2039
[13:08:07]   Epoch 038 [2250/2849]  reg=-0.9282  cls=0.3360  rmse=0.2037
[13:08:08]   Epoch 038 [2300/2849]  reg=-0.9507  cls=0.3308  rmse=0.2036
[13:08:08]   Epoch 038 [2350/2849]  reg=-0.9585  cls=0.3505  rmse=0.2033
[13:08:09]   Epoch 038 [2400/2849]  reg=-0.9217  cls=0.3218  rmse=0.2031
[13:08:09]   Epoch 038 [2450/2849]  reg=-0.9510  cls=0.3408  rmse=0.2030
[13:08:10]   Epoch 038 [2500/2849]  reg=-0.9578  cls=0.3139  rmse=0.2028
[13:08:10]   Epoch 038 [2550/2849]  reg=-0.9611  cls=0.3220  rmse=0.2026
[13:08:11]   Epoch 038 [2600/2849]  reg=-0.9463  cls=0.3287  rmse=0.2026
[13:08:12]   Epoch 038 [2650/2849]  reg=-0.9496  cls=0.3092  rmse=0.2026
[13:08:12]   Epoch 038 [2700/2849]  reg=-0.9545  cls=0.3678  rmse=0.2024
[13:08:13]   Epoch 038 [2750/2849]  reg=-0.9565  cls=0.3235  rmse=0.2036
[13:08:13]   Epoch 038 [2800/2849]  reg=-0.9615  cls=0.3489  rmse=0.2034
[13:08:25] Epoch 038/100  lr=7.57e-05  train[reg=-0.9195 cls=0.3411 rmse=0.2032]  val[rmse=0.1965 cls=0.6172 xyz=(0.147,0.128,0.027) acc=0.918]  (52.2s)
[13:08:35]   Epoch 039 [  50/2849]  reg=-0.9525  cls=0.4021  rmse=0.2079
[13:08:36]   Epoch 039 [ 100/2849]  reg=-0.9277  cls=0.3351  rmse=0.2004
[13:08:37]   Epoch 039 [ 150/2849]  reg=-0.9535  cls=0.3045  rmse=0.1983
[13:08:37]   Epoch 039 [ 200/2849]  reg=-0.9471  cls=0.3333  rmse=0.1971
[13:08:38]   Epoch 039 [ 250/2849]  reg=-0.9643  cls=0.3289  rmse=0.1965
[13:08:38]   Epoch 039 [ 300/2849]  reg=-0.9646  cls=0.3300  rmse=0.1959
[13:08:39]   Epoch 039 [ 350/2849]  reg=-0.9482  cls=0.3407  rmse=0.1953
[13:08:39]   Epoch 039 [ 400/2849]  reg=-0.9559  cls=0.3591  rmse=0.1963
[13:08:40]   Epoch 039 [ 450/2849]  reg=-0.9450  cls=0.3643  rmse=0.1963
[13:08:40]   Epoch 039 [ 500/2849]  reg=-0.9389  cls=0.3576  rmse=0.1976
[13:08:41]   Epoch 039 [ 550/2849]  reg=-0.9603  cls=0.3191  rmse=0.1971
[13:08:42]   Epoch 039 [ 600/2849]  reg=-0.9545  cls=0.3359  rmse=0.1965
[13:08:42]   Epoch 039 [ 650/2849]  reg=-0.9578  cls=0.3471  rmse=0.1963
[13:08:43]   Epoch 039 [ 700/2849]  reg=-0.9511  cls=0.3196  rmse=0.1973
[13:08:43]   Epoch 039 [ 750/2849]  reg=-0.9426  cls=0.3344  rmse=0.1970
[13:08:44]   Epoch 039 [ 800/2849]  reg=-0.9585  cls=0.3392  rmse=0.1977
[13:08:44]   Epoch 039 [ 850/2849]  reg=-0.9565  cls=0.3629  rmse=0.1983
[13:08:45]   Epoch 039 [ 900/2849]  reg=-0.9536  cls=0.3275  rmse=0.1985
[13:08:46]   Epoch 039 [ 950/2849]  reg=-0.9639  cls=0.3062  rmse=0.1982
[13:08:46]   Epoch 039 [1000/2849]  reg=-0.9534  cls=0.3579  rmse=0.1980
[13:08:47]   Epoch 039 [1050/2849]  reg=-0.9369  cls=0.3344  rmse=0.1981
[13:08:48]   Epoch 039 [1100/2849]  reg=-0.9409  cls=0.3130  rmse=0.1979
[13:08:48]   Epoch 039 [1150/2849]  reg=-0.9566  cls=0.3907  rmse=0.1977
[13:08:49]   Epoch 039 [1200/2849]  reg=-0.9514  cls=0.3037  rmse=0.2009
[13:08:49]   Epoch 039 [1250/2849]  reg=-0.9538  cls=0.3339  rmse=0.2005
[13:08:50]   Epoch 039 [1300/2849]  reg=-0.9547  cls=0.3858  rmse=0.2001
[13:08:51]   Epoch 039 [1350/2849]  reg=-0.9516  cls=0.3208  rmse=0.2027
[13:08:51]   Epoch 039 [1400/2849]  reg=-0.9401  cls=0.3814  rmse=0.2022
[13:08:52]   Epoch 039 [1450/2849]  reg=-0.9548  cls=0.3360  rmse=0.2023
[13:08:52]   Epoch 039 [1500/2849]  reg=-0.9517  cls=0.3593  rmse=0.2020
[13:08:53]   Epoch 039 [1550/2849]  reg=-0.9660  cls=0.3676  rmse=0.2017
[13:08:54]   Epoch 039 [1600/2849]  reg=-0.9419  cls=0.3377  rmse=0.2015
[13:08:54]   Epoch 039 [1650/2849]  reg=-0.9548  cls=0.3315  rmse=0.2038
[13:08:55]   Epoch 039 [1700/2849]  reg=-0.9615  cls=0.2971  rmse=0.2034
[13:08:55]   Epoch 039 [1750/2849]  reg=-0.9484  cls=0.3717  rmse=0.2038
[13:08:56]   Epoch 039 [1800/2849]  reg=-0.9328  cls=0.3451  rmse=0.2057
[13:08:56]   Epoch 039 [1850/2849]  reg=-0.9538  cls=0.3542  rmse=0.2054
[13:08:57]   Epoch 039 [1900/2849]  reg=-0.9605  cls=0.3354  rmse=0.2052
[13:08:57]   Epoch 039 [1950/2849]  reg=-0.9555  cls=0.3532  rmse=0.2048
[13:08:58]   Epoch 039 [2000/2849]  reg=-0.9468  cls=0.3302  rmse=0.2044
[13:08:58]   Epoch 039 [2050/2849]  reg=-0.9624  cls=0.3348  rmse=0.2044
[13:08:59]   Epoch 039 [2100/2849]  reg=-0.9527  cls=0.3935  rmse=0.2041
[13:08:59]   Epoch 039 [2150/2849]  reg=-0.9540  cls=0.3584  rmse=0.2040
[13:09:00]   Epoch 039 [2200/2849]  reg=-0.9536  cls=0.3374  rmse=0.2037
[13:09:00]   Epoch 039 [2250/2849]  reg=-0.9412  cls=0.3669  rmse=0.2037
[13:09:01]   Epoch 039 [2300/2849]  reg=-0.8918  cls=0.3284  rmse=0.2035
[13:09:02]   Epoch 039 [2350/2849]  reg=-0.9500  cls=0.3895  rmse=0.2033
[13:09:02]   Epoch 039 [2400/2849]  reg=-0.9666  cls=0.3203  rmse=0.2030
[13:09:03]   Epoch 039 [2450/2849]  reg=-0.9469  cls=0.3616  rmse=0.2028
[13:09:03]   Epoch 039 [2500/2849]  reg=-0.9508  cls=0.3360  rmse=0.2026
[13:09:04]   Epoch 039 [2550/2849]  reg=-0.9524  cls=0.3516  rmse=0.2024
[13:09:04]   Epoch 039 [2600/2849]  reg=-0.9635  cls=0.3215  rmse=0.2022
[13:09:05]   Epoch 039 [2650/2849]  reg=-0.9483  cls=0.3354  rmse=0.2020
[13:09:05]   Epoch 039 [2700/2849]  reg=-0.9460  cls=0.3470  rmse=0.2018
[13:09:06]   Epoch 039 [2750/2849]  reg=-0.9555  cls=0.3915  rmse=0.2019
[13:09:06]   Epoch 039 [2800/2849]  reg=-0.9632  cls=0.3275  rmse=0.2017
[13:09:18] Epoch 039/100  lr=7.43e-05  train[reg=-0.9201 cls=0.3411 rmse=0.2019]  val[rmse=0.1936 cls=0.6135 xyz=(0.144,0.127,0.027) acc=0.916]  (53.3s)
[13:09:19]   ckpt 저장: out_classifier2\checkpoints\best.pth
[13:09:28]   Epoch 040 [  50/2849]  reg=-0.9567  cls=0.3509  rmse=0.1917
[13:09:29]   Epoch 040 [ 100/2849]  reg=-0.9572  cls=0.3478  rmse=0.1912
[13:09:29]   Epoch 040 [ 150/2849]  reg=-0.9684  cls=0.3347  rmse=0.1896
[13:09:30]   Epoch 040 [ 200/2849]  reg=-0.9579  cls=0.3414  rmse=0.1904
[13:09:31]   Epoch 040 [ 250/2849]  reg=-0.9614  cls=0.3353  rmse=0.1939
[13:09:31]   Epoch 040 [ 300/2849]  reg=-0.9591  cls=0.3277  rmse=0.1932
[13:09:32]   Epoch 040 [ 350/2849]  reg=-0.9622  cls=0.4074  rmse=0.1929
[13:09:32]   Epoch 040 [ 400/2849]  reg=-0.9637  cls=0.3408  rmse=0.1925
[13:09:33]   Epoch 040 [ 450/2849]  reg=-0.9610  cls=0.3302  rmse=0.1923
[13:09:34]   Epoch 040 [ 500/2849]  reg=-0.9684  cls=0.3833  rmse=0.1921
[13:09:34]   Epoch 040 [ 550/2849]  reg=-0.9607  cls=0.3477  rmse=0.1918
[13:09:35]   Epoch 040 [ 600/2849]  reg=-0.9628  cls=0.3281  rmse=0.1919
[13:09:35]   Epoch 040 [ 650/2849]  reg=-0.9546  cls=0.3035  rmse=0.1920
[13:09:36]   Epoch 040 [ 700/2849]  reg=-0.9564  cls=0.3466  rmse=0.1918
[13:09:36]   Epoch 040 [ 750/2849]  reg=-0.9511  cls=0.3282  rmse=0.1918
[13:09:37]   Epoch 040 [ 800/2849]  reg=-0.9569  cls=0.3681  rmse=0.1925
[13:09:38]   Epoch 040 [ 850/2849]  reg=-0.9511  cls=0.3447  rmse=0.1925
[13:09:38]   Epoch 040 [ 900/2849]  reg=-0.9640  cls=0.3395  rmse=0.1927
[13:09:39]   Epoch 040 [ 950/2849]  reg=-0.9569  cls=0.3386  rmse=0.1924
[13:09:39]   Epoch 040 [1000/2849]  reg=-0.9588  cls=0.3195  rmse=0.1923
[13:09:40]   Epoch 040 [1050/2849]  reg=-0.9613  cls=0.3648  rmse=0.1922
[13:09:41]   Epoch 040 [1100/2849]  reg=-0.9442  cls=0.3376  rmse=0.1921
[13:09:41]   Epoch 040 [1150/2849]  reg=-0.9647  cls=0.3666  rmse=0.1920
[13:09:42]   Epoch 040 [1200/2849]  reg=-0.9510  cls=0.3449  rmse=0.1931
[13:09:42]   Epoch 040 [1250/2849]  reg=-0.9342  cls=0.3548  rmse=0.1935
[13:09:43]   Epoch 040 [1300/2849]  reg=-0.9532  cls=0.3528  rmse=0.1964
[13:09:44]   Epoch 040 [1350/2849]  reg=-0.9625  cls=0.3372  rmse=0.1963
[13:09:44]   Epoch 040 [1400/2849]  reg=-0.9594  cls=0.3492  rmse=0.1965
[13:09:45]   Epoch 040 [1450/2849]  reg=-0.9644  cls=0.2964  rmse=0.1963
[13:09:45]   Epoch 040 [1500/2849]  reg=-0.9646  cls=0.4049  rmse=0.1960
[13:09:46]   Epoch 040 [1550/2849]  reg=-0.2699  cls=0.3422  rmse=0.1962
[13:09:47]   Epoch 040 [1600/2849]  reg=-0.9512  cls=0.3333  rmse=0.1962
[13:09:47]   Epoch 040 [1650/2849]  reg=-0.9573  cls=0.3241  rmse=0.1961
[13:09:48]   Epoch 040 [1700/2849]  reg=-0.9447  cls=0.3555  rmse=0.1960
[13:09:48]   Epoch 040 [1750/2849]  reg=-0.9569  cls=0.3216  rmse=0.1958
[13:09:49]   Epoch 040 [1800/2849]  reg=-0.9499  cls=0.3482  rmse=0.1964
[13:09:50]   Epoch 040 [1850/2849]  reg=-0.2666  cls=0.3714  rmse=0.1967
[13:09:50]   Epoch 040 [1900/2849]  reg=-0.9550  cls=0.3441  rmse=0.1965
[13:09:51]   Epoch 040 [1950/2849]  reg=-0.9656  cls=0.3742  rmse=0.1963
[13:09:51]   Epoch 040 [2000/2849]  reg=-0.9641  cls=0.3219  rmse=0.1965
[13:09:52]   Epoch 040 [2050/2849]  reg=-0.9552  cls=0.3246  rmse=0.1964
[13:09:52]   Epoch 040 [2100/2849]  reg=-0.9646  cls=0.3357  rmse=0.1981
[13:09:53]   Epoch 040 [2150/2849]  reg=-0.9392  cls=0.3487  rmse=0.1980
[13:09:54]   Epoch 040 [2200/2849]  reg=-0.9643  cls=0.3746  rmse=0.1978
[13:09:54]   Epoch 040 [2250/2849]  reg=-0.9522  cls=0.3430  rmse=0.1977
[13:09:55]   Epoch 040 [2300/2849]  reg=-0.9465  cls=0.3194  rmse=0.1998
[13:09:55]   Epoch 040 [2350/2849]  reg=-0.9612  cls=0.3951  rmse=0.1998
[13:09:56]   Epoch 040 [2400/2849]  reg=-0.9533  cls=0.3580  rmse=0.1995
[13:09:56]   Epoch 040 [2450/2849]  reg=-0.9496  cls=0.3306  rmse=0.1993
[13:09:57]   Epoch 040 [2500/2849]  reg=-0.9694  cls=0.3315  rmse=0.1996
[13:09:58]   Epoch 040 [2550/2849]  reg=-0.9616  cls=0.3625  rmse=0.1995
[13:09:58]   Epoch 040 [2600/2849]  reg=-0.9442  cls=0.3371  rmse=0.1993
[13:09:59]   Epoch 040 [2650/2849]  reg=-0.9564  cls=0.3450  rmse=0.1995
[13:09:59]   Epoch 040 [2700/2849]  reg=-0.9606  cls=0.3390  rmse=0.1995
[13:10:00]   Epoch 040 [2750/2849]  reg=-0.9591  cls=0.3366  rmse=0.1993
[13:10:00]   Epoch 040 [2800/2849]  reg=-0.9547  cls=0.3238  rmse=0.1991
[13:10:12] Epoch 040/100  lr=7.30e-05  train[reg=-0.9208 cls=0.3400 rmse=0.2004]  val[rmse=0.1953 cls=0.6153 xyz=(0.146,0.126,0.027) acc=0.919]  (53.9s)
[13:10:12]   ckpt 저장: out_classifier2\checkpoints\epoch_040.pth
[13:10:22]   Epoch 041 [  50/2849]  reg=-0.9536  cls=0.3149  rmse=0.1890
[13:10:22]   Epoch 041 [ 100/2849]  reg=-0.9540  cls=0.3129  rmse=0.1888
[13:10:23]   Epoch 041 [ 150/2849]  reg=-0.9657  cls=0.3394  rmse=0.1889
[13:10:23]   Epoch 041 [ 200/2849]  reg=-0.9555  cls=0.3397  rmse=0.1890
[13:10:24]   Epoch 041 [ 250/2849]  reg=-0.9670  cls=0.3743  rmse=0.2075
[13:10:24]   Epoch 041 [ 300/2849]  reg=-0.9560  cls=0.3581  rmse=0.2068
[13:10:25]   Epoch 041 [ 350/2849]  reg=-0.9575  cls=0.3473  rmse=0.2049
[13:10:25]   Epoch 041 [ 400/2849]  reg=-0.9452  cls=0.3142  rmse=0.2048
[13:10:26]   Epoch 041 [ 450/2849]  reg=-0.9440  cls=0.3493  rmse=0.2032
[13:10:26]   Epoch 041 [ 500/2849]  reg=-0.9557  cls=0.3902  rmse=0.2019
[13:10:27]   Epoch 041 [ 550/2849]  reg=-0.9516  cls=0.3924  rmse=0.2021
[13:10:27]   Epoch 041 [ 600/2849]  reg=-0.9601  cls=0.2892  rmse=0.2010
[13:10:28]   Epoch 041 [ 650/2849]  reg=-0.9534  cls=0.3404  rmse=0.2001
[13:10:29]   Epoch 041 [ 700/2849]  reg=-0.9626  cls=0.3413  rmse=0.1999
[13:10:29]   Epoch 041 [ 750/2849]  reg=-0.9555  cls=0.3226  rmse=0.2000
[13:10:30]   Epoch 041 [ 800/2849]  reg=-0.9567  cls=0.3055  rmse=0.1992
[13:10:30]   Epoch 041 [ 850/2849]  reg=-0.9587  cls=0.3315  rmse=0.1988
[13:10:31]   Epoch 041 [ 900/2849]  reg=-0.9572  cls=0.3497  rmse=0.1982
[13:10:31]   Epoch 041 [ 950/2849]  reg=-0.9678  cls=0.3436  rmse=0.1984
[13:10:32]   Epoch 041 [1000/2849]  reg=-0.9398  cls=0.2965  rmse=0.1982
[13:10:32]   Epoch 041 [1050/2849]  reg=-0.9607  cls=0.3083  rmse=0.1977
[13:10:33]   Epoch 041 [1100/2849]  reg=-0.9579  cls=0.3278  rmse=0.1974
[13:10:34]   Epoch 041 [1150/2849]  reg=-0.9399  cls=0.3445  rmse=0.1971
[13:10:34]   Epoch 041 [1200/2849]  reg=-0.9458  cls=0.3114  rmse=0.1969
[13:10:35]   Epoch 041 [1250/2849]  reg=-0.9629  cls=0.3310  rmse=0.1970
[13:10:35]   Epoch 041 [1300/2849]  reg=-0.9534  cls=0.3144  rmse=0.1966
[13:10:36]   Epoch 041 [1350/2849]  reg=-0.9523  cls=0.4146  rmse=0.1963
[13:10:36]   Epoch 041 [1400/2849]  reg=-0.9395  cls=0.3257  rmse=0.1962
[13:10:37]   Epoch 041 [1450/2849]  reg=-0.9478  cls=0.3694  rmse=0.1960
[13:10:37]   Epoch 041 [1500/2849]  reg=-0.9626  cls=0.3277  rmse=0.1958
[13:10:38]   Epoch 041 [1550/2849]  reg=-0.9549  cls=0.3285  rmse=0.1956
[13:10:39]   Epoch 041 [1600/2849]  reg=-0.9498  cls=0.3683  rmse=0.1954
[13:10:39]   Epoch 041 [1650/2849]  reg=-0.9539  cls=0.3591  rmse=0.1951
[13:10:40]   Epoch 041 [1700/2849]  reg=-0.9586  cls=0.3967  rmse=0.1953
[13:10:40]   Epoch 041 [1750/2849]  reg=-0.9575  cls=0.3594  rmse=0.1978
[13:10:41]   Epoch 041 [1800/2849]  reg=-0.9542  cls=0.3137  rmse=0.1979
[13:10:42]   Epoch 041 [1850/2849]  reg=-0.9580  cls=0.3398  rmse=0.1976
[13:10:42]   Epoch 041 [1900/2849]  reg=-0.9558  cls=0.3225  rmse=0.1999
[13:10:43]   Epoch 041 [1950/2849]  reg=-0.9492  cls=0.3496  rmse=0.1997
[13:10:43]   Epoch 041 [2000/2849]  reg=-0.9567  cls=0.3838  rmse=0.1994
[13:10:44]   Epoch 041 [2050/2849]  reg=-0.9451  cls=0.3840  rmse=0.1992
[13:10:45]   Epoch 041 [2100/2849]  reg=-0.9569  cls=0.3717  rmse=0.1990
[13:10:45]   Epoch 041 [2150/2849]  reg=-0.9633  cls=0.3011  rmse=0.1988
[13:10:46]   Epoch 041 [2200/2849]  reg=-0.9589  cls=0.3486  rmse=0.1989
[13:10:46]   Epoch 041 [2250/2849]  reg=-0.9518  cls=0.3541  rmse=0.1989
[13:10:47]   Epoch 041 [2300/2849]  reg=-0.9639  cls=0.3080  rmse=0.1987
[13:10:48]   Epoch 041 [2350/2849]  reg=-0.9564  cls=0.3339  rmse=0.1988
[13:10:48]   Epoch 041 [2400/2849]  reg=-0.9559  cls=0.3671  rmse=0.1985
[13:10:49]   Epoch 041 [2450/2849]  reg=-0.9573  cls=0.3504  rmse=0.1983
[13:10:50]   Epoch 041 [2500/2849]  reg=-0.9540  cls=0.3306  rmse=0.1999
[13:10:50]   Epoch 041 [2550/2849]  reg=-0.9542  cls=0.3195  rmse=0.1997
[13:10:51]   Epoch 041 [2600/2849]  reg=-0.9612  cls=0.3270  rmse=0.1998
[13:10:51]   Epoch 041 [2650/2849]  reg=-0.9520  cls=0.3249  rmse=0.2001
[13:10:52]   Epoch 041 [2700/2849]  reg=-0.9617  cls=0.3218  rmse=0.1998
[13:10:53]   Epoch 041 [2750/2849]  reg=-0.9572  cls=0.3046  rmse=0.1996
[13:10:53]   Epoch 041 [2800/2849]  reg=-0.9605  cls=0.3263  rmse=0.1995
[13:11:07] Epoch 041/100  lr=7.16e-05  train[reg=-0.9214 cls=0.3394 rmse=0.1993]  val[rmse=0.1968 cls=0.6003 xyz=(0.149,0.125,0.027) acc=0.922]  (54.5s)
[13:11:17]   Epoch 042 [  50/2849]  reg=-0.9508  cls=0.3528  rmse=0.2001
[13:11:18]   Epoch 042 [ 100/2849]  reg=-0.2518  cls=0.3247  rmse=0.1993
[13:11:18]   Epoch 042 [ 150/2849]  reg=-0.9636  cls=0.3260  rmse=0.1964
[13:11:19]   Epoch 042 [ 200/2849]  reg=-0.9514  cls=0.3236  rmse=0.1990
[13:11:19]   Epoch 042 [ 250/2849]  reg=-0.9505  cls=0.3495  rmse=0.1969
[13:11:20]   Epoch 042 [ 300/2849]  reg=-0.9536  cls=0.3363  rmse=0.1961
[13:11:21]   Epoch 042 [ 350/2849]  reg=-0.9588  cls=0.3172  rmse=0.1956
[13:11:21]   Epoch 042 [ 400/2849]  reg=-0.9509  cls=0.3062  rmse=0.1948
[13:11:22]   Epoch 042 [ 450/2849]  reg=-0.9590  cls=0.3071  rmse=0.1944
[13:11:22]   Epoch 042 [ 500/2849]  reg=-0.9504  cls=0.3503  rmse=0.1952
[13:11:23]   Epoch 042 [ 550/2849]  reg=-0.9645  cls=0.3161  rmse=0.1948
[13:11:23]   Epoch 042 [ 600/2849]  reg=-0.9548  cls=0.3315  rmse=0.1953
[13:11:24]   Epoch 042 [ 650/2849]  reg=-0.9610  cls=0.3235  rmse=0.2007
[13:11:24]   Epoch 042 [ 700/2849]  reg=-0.9658  cls=0.3406  rmse=0.1996
[13:11:25]   Epoch 042 [ 750/2849]  reg=-0.9613  cls=0.3088  rmse=0.1991
[13:11:26]   Epoch 042 [ 800/2849]  reg=-0.9341  cls=0.3418  rmse=0.1985
[13:11:26]   Epoch 042 [ 850/2849]  reg=-0.9465  cls=0.3508  rmse=0.1980
[13:11:27]   Epoch 042 [ 900/2849]  reg=-0.9600  cls=0.3390  rmse=0.1977
[13:11:27]   Epoch 042 [ 950/2849]  reg=-0.9442  cls=0.3360  rmse=0.1970
[13:11:28]   Epoch 042 [1000/2849]  reg=-0.9609  cls=0.3337  rmse=0.1972
[13:11:28]   Epoch 042 [1050/2849]  reg=-0.9549  cls=0.3871  rmse=0.1969
[13:11:29]   Epoch 042 [1100/2849]  reg=-0.9580  cls=0.3113  rmse=0.1965
[13:11:29]   Epoch 042 [1150/2849]  reg=-0.9632  cls=0.3115  rmse=0.1960
[13:11:30]   Epoch 042 [1200/2849]  reg=-0.9331  cls=0.3577  rmse=0.1958
[13:11:31]   Epoch 042 [1250/2849]  reg=-0.9539  cls=0.3618  rmse=0.1955
[13:11:31]   Epoch 042 [1300/2849]  reg=-0.9509  cls=0.3444  rmse=0.1957
[13:11:32]   Epoch 042 [1350/2849]  reg=-0.9604  cls=0.3407  rmse=0.1955
[13:11:32]   Epoch 042 [1400/2849]  reg=-0.9543  cls=0.4074  rmse=0.1956
[13:11:33]   Epoch 042 [1450/2849]  reg=-0.9581  cls=0.3404  rmse=0.1980
[13:11:33]   Epoch 042 [1500/2849]  reg=-0.9567  cls=0.3372  rmse=0.1982
[13:11:34]   Epoch 042 [1550/2849]  reg=-0.9535  cls=0.3664  rmse=0.1980
[13:11:34]   Epoch 042 [1600/2849]  reg=-0.9505  cls=0.3602  rmse=0.1976
[13:11:35]   Epoch 042 [1650/2849]  reg=-0.9692  cls=0.3442  rmse=0.1974
[13:11:35]   Epoch 042 [1700/2849]  reg=-0.9650  cls=0.3731  rmse=0.1975
[13:11:36]   Epoch 042 [1750/2849]  reg=-0.9599  cls=0.3457  rmse=0.1976
[13:11:37]   Epoch 042 [1800/2849]  reg=-0.9559  cls=0.3200  rmse=0.1977
[13:11:37]   Epoch 042 [1850/2849]  reg=-0.9571  cls=0.3414  rmse=0.1979
[13:11:38]   Epoch 042 [1900/2849]  reg=-0.9583  cls=0.3166  rmse=0.1977
[13:11:38]   Epoch 042 [1950/2849]  reg=-0.9610  cls=0.3348  rmse=0.1975
[13:11:39]   Epoch 042 [2000/2849]  reg=-0.9703  cls=0.3316  rmse=0.1972
[13:11:39]   Epoch 042 [2050/2849]  reg=-0.9555  cls=0.3599  rmse=0.1969
[13:11:40]   Epoch 042 [2100/2849]  reg=-0.9474  cls=0.3263  rmse=0.1966
[13:11:40]   Epoch 042 [2150/2849]  reg=-0.9636  cls=0.3609  rmse=0.1964
[13:11:41]   Epoch 042 [2200/2849]  reg=-0.9576  cls=0.3578  rmse=0.1961
[13:11:41]   Epoch 042 [2250/2849]  reg=-0.9504  cls=0.3490  rmse=0.1977
[13:11:42]   Epoch 042 [2300/2849]  reg=-0.9665  cls=0.3185  rmse=0.1975
[13:11:42]   Epoch 042 [2350/2849]  reg=-0.9540  cls=0.3687  rmse=0.1973
[13:11:43]   Epoch 042 [2400/2849]  reg=-0.9652  cls=0.3579  rmse=0.1976
[13:11:43]   Epoch 042 [2450/2849]  reg=-0.9533  cls=0.3359  rmse=0.1975
[13:11:44]   Epoch 042 [2500/2849]  reg=-0.9627  cls=0.2952  rmse=0.1972
[13:11:44]   Epoch 042 [2550/2849]  reg=-0.9635  cls=0.3027  rmse=0.1970
[13:11:45]   Epoch 042 [2600/2849]  reg=-0.9405  cls=0.3534  rmse=0.1971
[13:11:46]   Epoch 042 [2650/2849]  reg=-0.9630  cls=0.3135  rmse=0.1984
[13:11:46]   Epoch 042 [2700/2849]  reg=-0.9554  cls=0.3895  rmse=0.1982
[13:11:47]   Epoch 042 [2750/2849]  reg=-0.9552  cls=0.3457  rmse=0.1983
[13:11:47]   Epoch 042 [2800/2849]  reg=-0.9550  cls=0.3874  rmse=0.1984
[13:11:58] Epoch 042/100  lr=7.02e-05  train[reg=-0.9217 cls=0.3389 rmse=0.1982]  val[rmse=0.1907 cls=0.6195 xyz=(0.141,0.125,0.027) acc=0.916]  (51.2s)
[13:11:58]   ckpt 저장: out_classifier2\checkpoints\best.pth
[13:12:07]   Epoch 043 [  50/2849]  reg=-0.9641  cls=0.3014  rmse=0.2657
[13:12:07]   Epoch 043 [ 100/2849]  reg=-0.9471  cls=0.3550  rmse=0.2271
[13:12:08]   Epoch 043 [ 150/2849]  reg=-0.9592  cls=0.3414  rmse=0.2183
[13:12:09]   Epoch 043 [ 200/2849]  reg=-0.9654  cls=0.2995  rmse=0.2107
[13:12:09]   Epoch 043 [ 250/2849]  reg=-0.9655  cls=0.3174  rmse=0.2060
[13:12:10]   Epoch 043 [ 300/2849]  reg=-0.9623  cls=0.2951  rmse=0.2200
[13:12:10]   Epoch 043 [ 350/2849]  reg=-0.9526  cls=0.3427  rmse=0.2161
[13:12:11]   Epoch 043 [ 400/2849]  reg=-0.9600  cls=0.3403  rmse=0.2126
[13:12:11]   Epoch 043 [ 450/2849]  reg=-0.9573  cls=0.3268  rmse=0.2099
[13:12:12]   Epoch 043 [ 500/2849]  reg=-0.9453  cls=0.3303  rmse=0.2078
[13:12:12]   Epoch 043 [ 550/2849]  reg=-0.9566  cls=0.3367  rmse=0.2058
[13:12:13]   Epoch 043 [ 600/2849]  reg=-0.1957  cls=0.3106  rmse=0.2056
[13:12:13]   Epoch 043 [ 650/2849]  reg=-0.9479  cls=0.3241  rmse=0.2043
[13:12:14]   Epoch 043 [ 700/2849]  reg=-0.9541  cls=0.3368  rmse=0.2042
[13:12:14]   Epoch 043 [ 750/2849]  reg=-0.9540  cls=0.3234  rmse=0.2032
[13:12:15]   Epoch 043 [ 800/2849]  reg=-0.9519  cls=0.3097  rmse=0.2024
[13:12:16]   Epoch 043 [ 850/2849]  reg=-0.9501  cls=0.3279  rmse=0.2014
[13:12:16]   Epoch 043 [ 900/2849]  reg=-0.9637  cls=0.3367  rmse=0.2005
[13:12:17]   Epoch 043 [ 950/2849]  reg=-0.9584  cls=0.3174  rmse=0.2005
[13:12:17]   Epoch 043 [1000/2849]  reg=-0.9465  cls=0.3166  rmse=0.1999
[13:12:18]   Epoch 043 [1050/2849]  reg=-0.9521  cls=0.3563  rmse=0.1992
[13:12:19]   Epoch 043 [1100/2849]  reg=-0.9648  cls=0.3427  rmse=0.1993
[13:12:19]   Epoch 043 [1150/2849]  reg=-0.9610  cls=0.3951  rmse=0.1989
[13:12:20]   Epoch 043 [1200/2849]  reg=-0.9491  cls=0.3778  rmse=0.1984
[13:12:20]   Epoch 043 [1250/2849]  reg=-0.9621  cls=0.3855  rmse=0.1979
[13:12:21]   Epoch 043 [1300/2849]  reg=-0.9658  cls=0.3061  rmse=0.1976
[13:12:21]   Epoch 043 [1350/2849]  reg=-0.9618  cls=0.3467  rmse=0.1979
[13:12:22]   Epoch 043 [1400/2849]  reg=-0.9593  cls=0.3148  rmse=0.1975
[13:12:23]   Epoch 043 [1450/2849]  reg=-0.9616  cls=0.3563  rmse=0.1972
[13:12:23]   Epoch 043 [1500/2849]  reg=-0.9690  cls=0.3154  rmse=0.1981
[13:12:24]   Epoch 043 [1550/2849]  reg=-0.9657  cls=0.3324  rmse=0.1978
[13:12:24]   Epoch 043 [1600/2849]  reg=-0.9409  cls=0.3385  rmse=0.1975
[13:12:25]   Epoch 043 [1650/2849]  reg=-0.9612  cls=0.3520  rmse=0.1972
[13:12:25]   Epoch 043 [1700/2849]  reg=-0.9534  cls=0.3389  rmse=0.1969
[13:12:26]   Epoch 043 [1750/2849]  reg=-0.9569  cls=0.3566  rmse=0.1971
[13:12:27]   Epoch 043 [1800/2849]  reg=-0.9473  cls=0.3354  rmse=0.1970
[13:12:27]   Epoch 043 [1850/2849]  reg=-0.9514  cls=0.3599  rmse=0.1967
[13:12:28]   Epoch 043 [1900/2849]  reg=-0.9649  cls=0.3162  rmse=0.1964
[13:12:28]   Epoch 043 [1950/2849]  reg=-0.9610  cls=0.3078  rmse=0.1961
[13:12:29]   Epoch 043 [2000/2849]  reg=-0.9537  cls=0.2997  rmse=0.1959
[13:12:29]   Epoch 043 [2050/2849]  reg=-0.9608  cls=0.3398  rmse=0.1959
[13:12:30]   Epoch 043 [2100/2849]  reg=-0.9615  cls=0.3297  rmse=0.1958
[13:12:31]   Epoch 043 [2150/2849]  reg=-0.9622  cls=0.4118  rmse=0.1956
[13:12:31]   Epoch 043 [2200/2849]  reg=-0.9667  cls=0.3151  rmse=0.1957
[13:12:32]   Epoch 043 [2250/2849]  reg=-0.9452  cls=0.3421  rmse=0.1955
[13:12:32]   Epoch 043 [2300/2849]  reg=-0.9359  cls=0.3533  rmse=0.1959
[13:12:33]   Epoch 043 [2350/2849]  reg=-0.9563  cls=0.3665  rmse=0.1960
[13:12:34]   Epoch 043 [2400/2849]  reg=-0.9459  cls=0.3602  rmse=0.1957
[13:12:34]   Epoch 043 [2450/2849]  reg=-0.8846  cls=0.3617  rmse=0.1956
[13:12:35]   Epoch 043 [2500/2849]  reg=-0.9558  cls=0.3619  rmse=0.1970
[13:12:35]   Epoch 043 [2550/2849]  reg=-0.9439  cls=0.3276  rmse=0.1968
[13:12:36]   Epoch 043 [2600/2849]  reg=-0.9609  cls=0.3210  rmse=0.1967
[13:12:37]   Epoch 043 [2650/2849]  reg=-0.9609  cls=0.3306  rmse=0.1979
[13:12:37]   Epoch 043 [2700/2849]  reg=-0.9649  cls=0.2995  rmse=0.1977
[13:12:38]   Epoch 043 [2750/2849]  reg=-0.9522  cls=0.3424  rmse=0.1975
[13:12:38]   Epoch 043 [2800/2849]  reg=-0.9528  cls=0.3260  rmse=0.1973
[13:12:51] Epoch 043/100  lr=6.87e-05  train[reg=-0.9223 cls=0.3385 rmse=0.1973]  val[rmse=0.1919 cls=0.6124 xyz=(0.144,0.125,0.027) acc=0.918]  (53.1s)
[13:13:01]   Epoch 044 [  50/2849]  reg=-0.9422  cls=0.3337  rmse=0.1883
[13:13:01]   Epoch 044 [ 100/2849]  reg=-0.9362  cls=0.3173  rmse=0.1874
[13:13:02]   Epoch 044 [ 150/2849]  reg=-0.9681  cls=0.3197  rmse=0.1875
[13:13:02]   Epoch 044 [ 200/2849]  reg=-0.9558  cls=0.3180  rmse=0.1882
[13:13:03]   Epoch 044 [ 250/2849]  reg=-0.9595  cls=0.3027  rmse=0.2061
[13:13:04]   Epoch 044 [ 300/2849]  reg=-0.9634  cls=0.3015  rmse=0.2037
[13:13:04]   Epoch 044 [ 350/2849]  reg=-0.9599  cls=0.3784  rmse=0.2014
[13:13:05]   Epoch 044 [ 400/2849]  reg=-0.9588  cls=0.3466  rmse=0.2000
[13:13:06]   Epoch 044 [ 450/2849]  reg=-0.9590  cls=0.3005  rmse=0.1988
[13:13:06]   Epoch 044 [ 500/2849]  reg=-0.9702  cls=0.3491  rmse=0.1975
[13:13:07]   Epoch 044 [ 550/2849]  reg=-0.9515  cls=0.3494  rmse=0.1963
[13:13:07]   Epoch 044 [ 600/2849]  reg=-0.9596  cls=0.3185  rmse=0.1975
[13:13:08]   Epoch 044 [ 650/2849]  reg=-0.9549  cls=0.3232  rmse=0.1978
[13:13:09]   Epoch 044 [ 700/2849]  reg=-0.9637  cls=0.3489  rmse=0.1971
[13:13:09]   Epoch 044 [ 750/2849]  reg=-0.9641  cls=0.3359  rmse=0.1967
[13:13:10]   Epoch 044 [ 800/2849]  reg=-0.9734  cls=0.2999  rmse=0.1965
[13:13:10]   Epoch 044 [ 850/2849]  reg=-0.9576  cls=0.3113  rmse=0.1960
[13:13:11]   Epoch 044 [ 900/2849]  reg=-0.9655  cls=0.3687  rmse=0.1954
[13:13:11]   Epoch 044 [ 950/2849]  reg=-0.9583  cls=0.3276  rmse=0.1956
[13:13:12]   Epoch 044 [1000/2849]  reg=-0.9411  cls=0.3300  rmse=0.1952
[13:13:13]   Epoch 044 [1050/2849]  reg=-0.9533  cls=0.3303  rmse=0.1947
[13:13:13]   Epoch 044 [1100/2849]  reg=-0.9650  cls=0.3745  rmse=0.1943
[13:13:14]   Epoch 044 [1150/2849]  reg=-0.9610  cls=0.3513  rmse=0.1939
[13:13:14]   Epoch 044 [1200/2849]  reg=-0.9529  cls=0.3301  rmse=0.1936
[13:13:15]   Epoch 044 [1250/2849]  reg=-0.9501  cls=0.3530  rmse=0.1933
[13:13:16]   Epoch 044 [1300/2849]  reg=-0.9558  cls=0.3223  rmse=0.1931
[13:13:16]   Epoch 044 [1350/2849]  reg=-0.9638  cls=0.3419  rmse=0.1928
[13:13:17]   Epoch 044 [1400/2849]  reg=-0.9616  cls=0.3180  rmse=0.1925
[13:13:17]   Epoch 044 [1450/2849]  reg=-0.9518  cls=0.3791  rmse=0.1923
[13:13:18]   Epoch 044 [1500/2849]  reg=-0.9579  cls=0.3224  rmse=0.1926
[13:13:19]   Epoch 044 [1550/2849]  reg=-0.9616  cls=0.3096  rmse=0.1923
[13:13:19]   Epoch 044 [1600/2849]  reg=-0.9616  cls=0.3551  rmse=0.1921
[13:13:20]   Epoch 044 [1650/2849]  reg=-0.9534  cls=0.3178  rmse=0.1927
[13:13:20]   Epoch 044 [1700/2849]  reg=-0.9555  cls=0.3173  rmse=0.1925
[13:13:21]   Epoch 044 [1750/2849]  reg=-0.9499  cls=0.3464  rmse=0.1927
[13:13:22]   Epoch 044 [1800/2849]  reg=-0.9590  cls=0.3311  rmse=0.1969
[13:13:22]   Epoch 044 [1850/2849]  reg=-0.9583  cls=0.3197  rmse=0.1966
[13:13:23]   Epoch 044 [1900/2849]  reg=-0.9601  cls=0.3337  rmse=0.1963
[13:13:23]   Epoch 044 [1950/2849]  reg=-0.9557  cls=0.3522  rmse=0.1966
[13:13:24]   Epoch 044 [2000/2849]  reg=-0.9644  cls=0.3339  rmse=0.1966
[13:13:24]   Epoch 044 [2050/2849]  reg=-0.9623  cls=0.2952  rmse=0.1964
[13:13:25]   Epoch 044 [2100/2849]  reg=-0.9590  cls=0.3162  rmse=0.1962
[13:13:25]   Epoch 044 [2150/2849]  reg=-0.9556  cls=0.3416  rmse=0.1961
[13:13:26]   Epoch 044 [2200/2849]  reg=-0.9432  cls=0.3629  rmse=0.1959
[13:13:26]   Epoch 044 [2250/2849]  reg=-0.9592  cls=0.3164  rmse=0.1957
[13:13:27]   Epoch 044 [2300/2849]  reg=-0.9485  cls=0.3519  rmse=0.1955
[13:13:27]   Epoch 044 [2350/2849]  reg=-0.9647  cls=0.3601  rmse=0.1954
[13:13:28]   Epoch 044 [2400/2849]  reg=-0.9638  cls=0.3100  rmse=0.1952
[13:13:29]   Epoch 044 [2450/2849]  reg=-0.9555  cls=0.3139  rmse=0.1950
[13:13:29]   Epoch 044 [2500/2849]  reg=-0.9697  cls=0.3228  rmse=0.1950
[13:13:30]   Epoch 044 [2550/2849]  reg=-0.9575  cls=0.3675  rmse=0.1951
[13:13:30]   Epoch 044 [2600/2849]  reg=-0.9406  cls=0.2985  rmse=0.1952
[13:13:31]   Epoch 044 [2650/2849]  reg=-0.9537  cls=0.3469  rmse=0.1952
[13:13:31]   Epoch 044 [2700/2849]  reg=-0.9645  cls=0.3204  rmse=0.1951
[13:13:32]   Epoch 044 [2750/2849]  reg=-0.9417  cls=0.3840  rmse=0.1952
[13:13:32]   Epoch 044 [2800/2849]  reg=-0.9515  cls=0.3748  rmse=0.1951
[13:13:44] Epoch 044/100  lr=6.73e-05  train[reg=-0.9228 cls=0.3378 rmse=0.1963]  val[rmse=0.1890 cls=0.6120 xyz=(0.140,0.124,0.027) acc=0.920]  (53.3s)
[13:13:44]   ckpt 저장: out_classifier2\checkpoints\best.pth
[13:13:54]   Epoch 045 [  50/2849]  reg=-0.9565  cls=0.3026  rmse=0.2000
[13:13:54]   Epoch 045 [ 100/2849]  reg=-0.9513  cls=0.3717  rmse=0.1927
[13:13:55]   Epoch 045 [ 150/2849]  reg=-0.9573  cls=0.3284  rmse=0.1909
[13:13:56]   Epoch 045 [ 200/2849]  reg=-0.9572  cls=0.3183  rmse=0.1904
[13:13:56]   Epoch 045 [ 250/2849]  reg=-0.9422  cls=0.3374  rmse=0.1926
[13:13:57]   Epoch 045 [ 300/2849]  reg=-0.9597  cls=0.3570  rmse=0.1939
[13:13:57]   Epoch 045 [ 350/2849]  reg=-0.9571  cls=0.3534  rmse=0.1933
[13:13:58]   Epoch 045 [ 400/2849]  reg=-0.9586  cls=0.3421  rmse=0.1923
[13:13:58]   Epoch 045 [ 450/2849]  reg=-0.9561  cls=0.3134  rmse=0.2005
[13:13:59]   Epoch 045 [ 500/2849]  reg=-0.9488  cls=0.3159  rmse=0.1993
[13:13:59]   Epoch 045 [ 550/2849]  reg=-0.9583  cls=0.3279  rmse=0.1980
[13:14:00]   Epoch 045 [ 600/2849]  reg=-0.9575  cls=0.3064  rmse=0.1970
[13:14:00]   Epoch 045 [ 650/2849]  reg=-0.2536  cls=0.3410  rmse=0.1971
[13:14:01]   Epoch 045 [ 700/2849]  reg=-0.9535  cls=0.3861  rmse=0.2022
[13:14:01]   Epoch 045 [ 750/2849]  reg=-0.9500  cls=0.3553  rmse=0.2013
[13:14:02]   Epoch 045 [ 800/2849]  reg=-0.9610  cls=0.3096  rmse=0.2005
[13:14:02]   Epoch 045 [ 850/2849]  reg=-0.9480  cls=0.3073  rmse=0.2003
[13:14:03]   Epoch 045 [ 900/2849]  reg=-0.9562  cls=0.3427  rmse=0.1996
[13:14:03]   Epoch 045 [ 950/2849]  reg=-0.9679  cls=0.3081  rmse=0.1988
[13:14:04]   Epoch 045 [1000/2849]  reg=-0.9642  cls=0.3179  rmse=0.1983
[13:14:05]   Epoch 045 [1050/2849]  reg=-0.9586  cls=0.3770  rmse=0.1978
[13:14:05]   Epoch 045 [1100/2849]  reg=-0.9568  cls=0.3518  rmse=0.1972
[13:14:06]   Epoch 045 [1150/2849]  reg=-0.9531  cls=0.3367  rmse=0.1973
[13:14:06]   Epoch 045 [1200/2849]  reg=-0.9643  cls=0.3225  rmse=0.1973
[13:14:07]   Epoch 045 [1250/2849]  reg=-0.9613  cls=0.3711  rmse=0.1968
[13:14:07]   Epoch 045 [1300/2849]  reg=-0.9658  cls=0.3540  rmse=0.1965
[13:14:08]   Epoch 045 [1350/2849]  reg=-0.9665  cls=0.3438  rmse=0.1962
[13:14:08]   Epoch 045 [1400/2849]  reg=-0.9691  cls=0.4126  rmse=0.1993
[13:14:09]   Epoch 045 [1450/2849]  reg=-0.9600  cls=0.3311  rmse=0.1987
[13:14:09]   Epoch 045 [1500/2849]  reg=-0.9554  cls=0.3002  rmse=0.1987
[13:14:10]   Epoch 045 [1550/2849]  reg=-0.9660  cls=0.3567  rmse=0.1986
[13:14:11]   Epoch 045 [1600/2849]  reg=-0.9606  cls=0.3044  rmse=0.1984
[13:14:11]   Epoch 045 [1650/2849]  reg=-0.9520  cls=0.3187  rmse=0.2004
[13:14:12]   Epoch 045 [1700/2849]  reg=-0.9624  cls=0.3058  rmse=0.2000
[13:14:12]   Epoch 045 [1750/2849]  reg=-0.9573  cls=0.3132  rmse=0.2003
[13:14:13]   Epoch 045 [1800/2849]  reg=-0.9470  cls=0.3491  rmse=0.2002
[13:14:13]   Epoch 045 [1850/2849]  reg=-0.9413  cls=0.3459  rmse=0.1998
[13:14:14]   Epoch 045 [1900/2849]  reg=-0.9567  cls=0.3139  rmse=0.1995
[13:14:14]   Epoch 045 [1950/2849]  reg=-0.9527  cls=0.3366  rmse=0.1992
[13:14:15]   Epoch 045 [2000/2849]  reg=-0.9552  cls=0.3402  rmse=0.1989
[13:14:15]   Epoch 045 [2050/2849]  reg=-0.9494  cls=0.3644  rmse=0.1985
[13:14:16]   Epoch 045 [2100/2849]  reg=-0.9514  cls=0.3299  rmse=0.1982
[13:14:17]   Epoch 045 [2150/2849]  reg=-0.9570  cls=0.3324  rmse=0.1979
[13:14:17]   Epoch 045 [2200/2849]  reg=-0.9564  cls=0.3035  rmse=0.1980
[13:14:18]   Epoch 045 [2250/2849]  reg=-0.9529  cls=0.3208  rmse=0.1977
[13:14:18]   Epoch 045 [2300/2849]  reg=-0.9560  cls=0.3388  rmse=0.1977
[13:14:19]   Epoch 045 [2350/2849]  reg=-0.9588  cls=0.3381  rmse=0.1974
[13:14:19]   Epoch 045 [2400/2849]  reg=-0.9661  cls=0.3281  rmse=0.1972
[13:14:20]   Epoch 045 [2450/2849]  reg=-0.9537  cls=0.3521  rmse=0.1969
[13:14:21]   Epoch 045 [2500/2849]  reg=-0.9644  cls=0.3130  rmse=0.1967
[13:14:21]   Epoch 045 [2550/2849]  reg=-0.9537  cls=0.3633  rmse=0.1964
[13:14:22]   Epoch 045 [2600/2849]  reg=-0.9616  cls=0.3230  rmse=0.1961
[13:14:22]   Epoch 045 [2650/2849]  reg=-0.9589  cls=0.3529  rmse=0.1962
[13:14:23]   Epoch 045 [2700/2849]  reg=-0.9564  cls=0.3096  rmse=0.1960
[13:14:23]   Epoch 045 [2750/2849]  reg=-0.9590  cls=0.3303  rmse=0.1961
[13:14:24]   Epoch 045 [2800/2849]  reg=-0.9604  cls=0.3656  rmse=0.1959
[13:14:35] Epoch 045/100  lr=6.58e-05  train[reg=-0.9229 cls=0.3376 rmse=0.1960]  val[rmse=0.1900 cls=0.6147 xyz=(0.141,0.124,0.027) acc=0.920]  (50.9s)
[13:14:45]   Epoch 046 [  50/2849]  reg=-0.9630  cls=0.3754  rmse=0.1875
[13:14:46]   Epoch 046 [ 100/2849]  reg=-0.9528  cls=0.3142  rmse=0.1859
[13:14:46]   Epoch 046 [ 150/2849]  reg=-0.9646  cls=0.3340  rmse=0.1859
[13:14:47]   Epoch 046 [ 200/2849]  reg=-0.9571  cls=0.3196  rmse=0.1851
[13:14:47]   Epoch 046 [ 250/2849]  reg=-0.9631  cls=0.3556  rmse=0.1851
[13:14:48]   Epoch 046 [ 300/2849]  reg=-0.9506  cls=0.3351  rmse=0.1874
[13:14:48]   Epoch 046 [ 350/2849]  reg=-0.9587  cls=0.3046  rmse=0.1869
[13:14:49]   Epoch 046 [ 400/2849]  reg=-0.9624  cls=0.3577  rmse=0.1867
[13:14:50]   Epoch 046 [ 450/2849]  reg=-0.9634  cls=0.3405  rmse=0.1866
[13:14:50]   Epoch 046 [ 500/2849]  reg=-0.9600  cls=0.3476  rmse=0.1865
[13:14:51]   Epoch 046 [ 550/2849]  reg=-0.9590  cls=0.3106  rmse=0.1863
[13:14:51]   Epoch 046 [ 600/2849]  reg=-0.9629  cls=0.3210  rmse=0.1872
[13:14:52]   Epoch 046 [ 650/2849]  reg=-0.9602  cls=0.3733  rmse=0.1870
[13:14:53]   Epoch 046 [ 700/2849]  reg=-0.9638  cls=0.3099  rmse=0.1869
[13:14:53]   Epoch 046 [ 750/2849]  reg=-0.9593  cls=0.3288  rmse=0.1868
[13:14:54]   Epoch 046 [ 800/2849]  reg=-0.9641  cls=0.3735  rmse=0.1875
[13:14:54]   Epoch 046 [ 850/2849]  reg=-0.9348  cls=0.3157  rmse=0.1873
[13:14:55]   Epoch 046 [ 900/2849]  reg=-0.9623  cls=0.3718  rmse=0.1871
[13:14:56]   Epoch 046 [ 950/2849]  reg=-0.9554  cls=0.3418  rmse=0.1871
[13:14:56]   Epoch 046 [1000/2849]  reg=-0.9651  cls=0.4020  rmse=0.1871
[13:14:57]   Epoch 046 [1050/2849]  reg=-0.9596  cls=0.3300  rmse=0.1870
[13:14:57]   Epoch 046 [1100/2849]  reg=-0.9608  cls=0.3269  rmse=0.1875
[13:14:58]   Epoch 046 [1150/2849]  reg=-0.9441  cls=0.3171  rmse=0.1881
[13:14:59]   Epoch 046 [1200/2849]  reg=-0.9679  cls=0.3345  rmse=0.1916
[13:14:59]   Epoch 046 [1250/2849]  reg=-0.9587  cls=0.3489  rmse=0.1913
[13:15:00]   Epoch 046 [1300/2849]  reg=-0.9665  cls=0.3072  rmse=0.1914
[13:15:00]   Epoch 046 [1350/2849]  reg=-0.9595  cls=0.3273  rmse=0.1940
[13:15:01]   Epoch 046 [1400/2849]  reg=-0.9562  cls=0.3198  rmse=0.1942
[13:15:02]   Epoch 046 [1450/2849]  reg=-0.9521  cls=0.3589  rmse=0.1944
[13:15:02]   Epoch 046 [1500/2849]  reg=-0.9521  cls=0.3416  rmse=0.1966
[13:15:03]   Epoch 046 [1550/2849]  reg=-0.9601  cls=0.3118  rmse=0.1962
[13:15:03]   Epoch 046 [1600/2849]  reg=-0.9611  cls=0.3657  rmse=0.1964
[13:15:04]   Epoch 046 [1650/2849]  reg=-0.9619  cls=0.3556  rmse=0.1960
[13:15:05]   Epoch 046 [1700/2849]  reg=-0.9656  cls=0.3242  rmse=0.1956
[13:15:05]   Epoch 046 [1750/2849]  reg=-0.9618  cls=0.3193  rmse=0.1954
[13:15:06]   Epoch 046 [1800/2849]  reg=-0.9543  cls=0.3291  rmse=0.1951
[13:15:06]   Epoch 046 [1850/2849]  reg=-0.9471  cls=0.3119  rmse=0.1948
[13:15:07]   Epoch 046 [1900/2849]  reg=-0.9624  cls=0.3505  rmse=0.1948
[13:15:08]   Epoch 046 [1950/2849]  reg=-0.9685  cls=0.3711  rmse=0.1945
[13:15:08]   Epoch 046 [2000/2849]  reg=-0.9588  cls=0.3616  rmse=0.1946
[13:15:09]   Epoch 046 [2050/2849]  reg=-0.9556  cls=0.3848  rmse=0.1947
[13:15:09]   Epoch 046 [2100/2849]  reg=-0.9566  cls=0.3152  rmse=0.1945
[13:15:10]   Epoch 046 [2150/2849]  reg=-0.9527  cls=0.3736  rmse=0.1945
[13:15:11]   Epoch 046 [2200/2849]  reg=-0.9704  cls=0.3492  rmse=0.1943
[13:15:11]   Epoch 046 [2250/2849]  reg=-0.9522  cls=0.3444  rmse=0.1942
[13:15:12]   Epoch 046 [2300/2849]  reg=-0.9572  cls=0.3552  rmse=0.1940
[13:15:12]   Epoch 046 [2350/2849]  reg=-0.9608  cls=0.3237  rmse=0.1938
[13:15:13]   Epoch 046 [2400/2849]  reg=-0.9623  cls=0.3458  rmse=0.1937
[13:15:13]   Epoch 046 [2450/2849]  reg=-0.9634  cls=0.3350  rmse=0.1935
[13:15:14]   Epoch 046 [2500/2849]  reg=-0.9588  cls=0.3202  rmse=0.1933
[13:15:15]   Epoch 046 [2550/2849]  reg=-0.9581  cls=0.3321  rmse=0.1931
[13:15:15]   Epoch 046 [2600/2849]  reg=-0.1706  cls=0.3398  rmse=0.1934
[13:15:16]   Epoch 046 [2650/2849]  reg=-0.9591  cls=0.3350  rmse=0.1933
[13:15:16]   Epoch 046 [2700/2849]  reg=-0.9641  cls=0.3316  rmse=0.1932
[13:15:17]   Epoch 046 [2750/2849]  reg=-0.9620  cls=0.3719  rmse=0.1945
[13:15:18]   Epoch 046 [2800/2849]  reg=-0.9531  cls=0.3186  rmse=0.1946
[13:15:30] Epoch 046/100  lr=6.43e-05  train[reg=-0.9235 cls=0.3374 rmse=0.1946]  val[rmse=0.1871 cls=0.6202 xyz=(0.138,0.123,0.027) acc=0.919]  (54.5s)
[13:15:30]   ckpt 저장: out_classifier2\checkpoints\best.pth
[13:15:40]   Epoch 047 [  50/2849]  reg=-0.9654  cls=0.3296  rmse=0.1959
[13:15:40]   Epoch 047 [ 100/2849]  reg=-0.9571  cls=0.3455  rmse=0.1906
[13:15:41]   Epoch 047 [ 150/2849]  reg=-0.9538  cls=0.3413  rmse=0.2199
[13:15:41]   Epoch 047 [ 200/2849]  reg=-0.9605  cls=0.3231  rmse=0.2113
[13:15:42]   Epoch 047 [ 250/2849]  reg=-0.9530  cls=0.3172  rmse=0.2104
[13:15:43]   Epoch 047 [ 300/2849]  reg=-0.9562  cls=0.3654  rmse=0.2063
[13:15:43]   Epoch 047 [ 350/2849]  reg=-0.9648  cls=0.3068  rmse=0.2035
[13:15:44]   Epoch 047 [ 400/2849]  reg=-0.9593  cls=0.3747  rmse=0.2011
[13:15:44]   Epoch 047 [ 450/2849]  reg=-0.9650  cls=0.3373  rmse=0.2006
[13:15:45]   Epoch 047 [ 500/2849]  reg=-0.9608  cls=0.3365  rmse=0.1994
[13:15:46]   Epoch 047 [ 550/2849]  reg=-0.9573  cls=0.3359  rmse=0.1990
[13:15:46]   Epoch 047 [ 600/2849]  reg=-0.9638  cls=0.3166  rmse=0.1988
[13:15:47]   Epoch 047 [ 650/2849]  reg=-0.9606  cls=0.3020  rmse=0.1977
[13:15:48]   Epoch 047 [ 700/2849]  reg=-0.9631  cls=0.3385  rmse=0.1966
[13:15:48]   Epoch 047 [ 750/2849]  reg=-0.9632  cls=0.3360  rmse=0.1958
[13:15:49]   Epoch 047 [ 800/2849]  reg=-0.9482  cls=0.3742  rmse=0.1953
[13:15:49]   Epoch 047 [ 850/2849]  reg=-0.9610  cls=0.3258  rmse=0.1948
[13:15:50]   Epoch 047 [ 900/2849]  reg=-0.9662  cls=0.3604  rmse=0.1942
[13:15:51]   Epoch 047 [ 950/2849]  reg=-0.9576  cls=0.3153  rmse=0.1938
[13:15:51]   Epoch 047 [1000/2849]  reg=-0.9595  cls=0.3779  rmse=0.1935
[13:15:52]   Epoch 047 [1050/2849]  reg=-0.9665  cls=0.3601  rmse=0.1928
[13:15:52]   Epoch 047 [1100/2849]  reg=-0.9473  cls=0.3143  rmse=0.1923
[13:15:53]   Epoch 047 [1150/2849]  reg=-0.9652  cls=0.3013  rmse=0.1925
[13:15:54]   Epoch 047 [1200/2849]  reg=-0.9552  cls=0.3344  rmse=0.1920
[13:15:54]   Epoch 047 [1250/2849]  reg=-0.9660  cls=0.3514  rmse=0.1948
[13:15:55]   Epoch 047 [1300/2849]  reg=-0.9593  cls=0.3164  rmse=0.1944
[13:15:55]   Epoch 047 [1350/2849]  reg=-0.9467  cls=0.3385  rmse=0.1945
[13:15:56]   Epoch 047 [1400/2849]  reg=-0.9558  cls=0.3422  rmse=0.1943
[13:15:57]   Epoch 047 [1450/2849]  reg=-0.9547  cls=0.3524  rmse=0.1944
[13:15:57]   Epoch 047 [1500/2849]  reg=-0.9605  cls=0.2831  rmse=0.1946
[13:15:58]   Epoch 047 [1550/2849]  reg=-0.9639  cls=0.3631  rmse=0.1942
[13:15:59]   Epoch 047 [1600/2849]  reg=-0.9574  cls=0.3349  rmse=0.1939
[13:15:59]   Epoch 047 [1650/2849]  reg=-0.9701  cls=0.3517  rmse=0.1939
[13:16:00]   Epoch 047 [1700/2849]  reg=-0.9632  cls=0.3568  rmse=0.1936
[13:16:00]   Epoch 047 [1750/2849]  reg=-0.9564  cls=0.3131  rmse=0.1934
[13:16:01]   Epoch 047 [1800/2849]  reg=-0.9632  cls=0.3621  rmse=0.1931
[13:16:02]   Epoch 047 [1850/2849]  reg=-0.9474  cls=0.3479  rmse=0.1953
[13:16:02]   Epoch 047 [1900/2849]  reg=-0.9631  cls=0.3137  rmse=0.1954
[13:16:03]   Epoch 047 [1950/2849]  reg=-0.9604  cls=0.3383  rmse=0.1952
[13:16:04]   Epoch 047 [2000/2849]  reg=-0.9488  cls=0.3722  rmse=0.1949
[13:16:04]   Epoch 047 [2050/2849]  reg=-0.9445  cls=0.3183  rmse=0.1947
[13:16:05]   Epoch 047 [2100/2849]  reg=-0.9586  cls=0.3346  rmse=0.1945
[13:16:05]   Epoch 047 [2150/2849]  reg=-0.9609  cls=0.3374  rmse=0.1945
[13:16:06]   Epoch 047 [2200/2849]  reg=-0.9645  cls=0.3419  rmse=0.1942
[13:16:07]   Epoch 047 [2250/2849]  reg=-0.9588  cls=0.3801  rmse=0.1961
[13:16:07]   Epoch 047 [2300/2849]  reg=-0.9608  cls=0.3089  rmse=0.1961
[13:16:08]   Epoch 047 [2350/2849]  reg=-0.9556  cls=0.3548  rmse=0.1958
[13:16:08]   Epoch 047 [2400/2849]  reg=-0.9564  cls=0.3486  rmse=0.1955
[13:16:09]   Epoch 047 [2450/2849]  reg=-0.9508  cls=0.3425  rmse=0.1953
[13:16:10]   Epoch 047 [2500/2849]  reg=-0.9657  cls=0.3317  rmse=0.1950
[13:16:10]   Epoch 047 [2550/2849]  reg=-0.9606  cls=0.3243  rmse=0.1948
[13:16:11]   Epoch 047 [2600/2849]  reg=-0.9490  cls=0.3098  rmse=0.1945
[13:16:11]   Epoch 047 [2650/2849]  reg=-0.9592  cls=0.3033  rmse=0.1944
[13:16:12]   Epoch 047 [2700/2849]  reg=-0.9635  cls=0.3632  rmse=0.1942
[13:16:13]   Epoch 047 [2750/2849]  reg=-0.9647  cls=0.3359  rmse=0.1939
[13:16:13]   Epoch 047 [2800/2849]  reg=-0.9536  cls=0.3442  rmse=0.1938
[13:16:26] Epoch 047/100  lr=6.28e-05  train[reg=-0.9240 cls=0.3361 rmse=0.1938]  val[rmse=0.1902 cls=0.6169 xyz=(0.141,0.124,0.027) acc=0.921]  (56.3s)
[13:16:36]   Epoch 048 [  50/2849]  reg=-0.9590  cls=0.3467  rmse=0.1788
[13:16:37]   Epoch 048 [ 100/2849]  reg=-0.9634  cls=0.3327  rmse=0.1883
[13:16:38]   Epoch 048 [ 150/2849]  reg=-0.9609  cls=0.3231  rmse=0.1864
[13:16:38]   Epoch 048 [ 200/2849]  reg=-0.9627  cls=0.3307  rmse=0.1891
[13:16:39]   Epoch 048 [ 250/2849]  reg=-0.9665  cls=0.3440  rmse=0.1873
[13:16:39]   Epoch 048 [ 300/2849]  reg=-0.9406  cls=0.3599  rmse=0.1867
[13:16:40]   Epoch 048 [ 350/2849]  reg=-0.9683  cls=0.3201  rmse=0.1865
[13:16:41]   Epoch 048 [ 400/2849]  reg=-0.9477  cls=0.3152  rmse=0.1866
[13:16:41]   Epoch 048 [ 450/2849]  reg=-0.9535  cls=0.3501  rmse=0.1864
[13:16:42]   Epoch 048 [ 500/2849]  reg=-0.9485  cls=0.3176  rmse=0.1945
[13:16:43]   Epoch 048 [ 550/2849]  reg=-0.9569  cls=0.3249  rmse=0.1935
[13:16:43]   Epoch 048 [ 600/2849]  reg=-0.9628  cls=0.3559  rmse=0.1940
[13:16:44]   Epoch 048 [ 650/2849]  reg=-0.9531  cls=0.3614  rmse=0.1932
[13:16:44]   Epoch 048 [ 700/2849]  reg=-0.9653  cls=0.3549  rmse=0.1935
[13:16:45]   Epoch 048 [ 750/2849]  reg=-0.9598  cls=0.3391  rmse=0.1928
[13:16:45]   Epoch 048 [ 800/2849]  reg=-0.9577  cls=0.3322  rmse=0.1923
[13:16:46]   Epoch 048 [ 850/2849]  reg=-0.9571  cls=0.3349  rmse=0.1925
[13:16:46]   Epoch 048 [ 900/2849]  reg=-0.9600  cls=0.3307  rmse=0.1920
[13:16:47]   Epoch 048 [ 950/2849]  reg=-0.9512  cls=0.3257  rmse=0.1922
[13:16:48]   Epoch 048 [1000/2849]  reg=-0.9592  cls=0.3449  rmse=0.1957
[13:16:48]   Epoch 048 [1050/2849]  reg=-0.9622  cls=0.3155  rmse=0.1958
[13:16:49]   Epoch 048 [1100/2849]  reg=-0.9550  cls=0.3271  rmse=0.1952
[13:16:50]   Epoch 048 [1150/2849]  reg=-0.9668  cls=0.3327  rmse=0.1948
[13:16:50]   Epoch 048 [1200/2849]  reg=-0.9542  cls=0.3391  rmse=0.1945
[13:16:51]   Epoch 048 [1250/2849]  reg=-0.9599  cls=0.3262  rmse=0.1977
[13:16:51]   Epoch 048 [1300/2849]  reg=-0.1677  cls=0.2976  rmse=0.1977
[13:16:52]   Epoch 048 [1350/2849]  reg=-0.9674  cls=0.3116  rmse=0.1972
[13:16:53]   Epoch 048 [1400/2849]  reg=-0.9570  cls=0.3480  rmse=0.1967
[13:16:53]   Epoch 048 [1450/2849]  reg=-0.9645  cls=0.3153  rmse=0.1961
[13:16:54]   Epoch 048 [1500/2849]  reg=-0.9608  cls=0.3207  rmse=0.1956
[13:16:54]   Epoch 048 [1550/2849]  reg=-0.9556  cls=0.2952  rmse=0.1953
[13:16:55]   Epoch 048 [1600/2849]  reg=-0.9607  cls=0.3445  rmse=0.1949
[13:16:55]   Epoch 048 [1650/2849]  reg=-0.9653  cls=0.3396  rmse=0.1952
[13:16:56]   Epoch 048 [1700/2849]  reg=-0.9446  cls=0.3299  rmse=0.1949
[13:16:57]   Epoch 048 [1750/2849]  reg=-0.9594  cls=0.3390  rmse=0.1950
[13:16:57]   Epoch 048 [1800/2849]  reg=-0.9556  cls=0.3299  rmse=0.1950
[13:16:58]   Epoch 048 [1850/2849]  reg=-0.9634  cls=0.3702  rmse=0.1950
[13:16:58]   Epoch 048 [1900/2849]  reg=-0.9669  cls=0.3005  rmse=0.1947
[13:16:59]   Epoch 048 [1950/2849]  reg=-0.9501  cls=0.3309  rmse=0.1944
[13:16:59]   Epoch 048 [2000/2849]  reg=-0.9601  cls=0.3678  rmse=0.1945
[13:17:00]   Epoch 048 [2050/2849]  reg=-0.9681  cls=0.2967  rmse=0.1946
[13:17:00]   Epoch 048 [2100/2849]  reg=-0.9500  cls=0.3547  rmse=0.1943
[13:17:01]   Epoch 048 [2150/2849]  reg=-0.9610  cls=0.3658  rmse=0.1940
[13:17:02]   Epoch 048 [2200/2849]  reg=-0.9623  cls=0.3187  rmse=0.1938
[13:17:02]   Epoch 048 [2250/2849]  reg=-0.9534  cls=0.3427  rmse=0.1935
[13:17:03]   Epoch 048 [2300/2849]  reg=-0.9610  cls=0.3292  rmse=0.1950
[13:17:03]   Epoch 048 [2350/2849]  reg=-0.9655  cls=0.3261  rmse=0.1947
[13:17:04]   Epoch 048 [2400/2849]  reg=-0.9628  cls=0.3235  rmse=0.1945
[13:17:04]   Epoch 048 [2450/2849]  reg=-0.9560  cls=0.3654  rmse=0.1943
[13:17:05]   Epoch 048 [2500/2849]  reg=-0.9668  cls=0.3080  rmse=0.1942
[13:17:05]   Epoch 048 [2550/2849]  reg=-0.9624  cls=0.3600  rmse=0.1940
[13:17:06]   Epoch 048 [2600/2849]  reg=-0.9505  cls=0.3129  rmse=0.1938
[13:17:06]   Epoch 048 [2650/2849]  reg=-0.9678  cls=0.3298  rmse=0.1938
[13:17:07]   Epoch 048 [2700/2849]  reg=-0.9438  cls=0.3622  rmse=0.1937
[13:17:08]   Epoch 048 [2750/2849]  reg=-0.9591  cls=0.3212  rmse=0.1935
[13:17:08]   Epoch 048 [2800/2849]  reg=-0.9575  cls=0.3190  rmse=0.1933
[13:17:20] Epoch 048/100  lr=6.13e-05  train[reg=-0.9240 cls=0.3364 rmse=0.1934]  val[rmse=0.1874 cls=0.6061 xyz=(0.139,0.123,0.027) acc=0.921]  (54.2s)
[13:17:30]   Epoch 049 [  50/2849]  reg=-0.9622  cls=0.3180  rmse=0.1851
[13:17:31]   Epoch 049 [ 100/2849]  reg=-0.9617  cls=0.3128  rmse=0.1849
[13:17:31]   Epoch 049 [ 150/2849]  reg=-0.9634  cls=0.3133  rmse=0.1885
[13:17:32]   Epoch 049 [ 200/2849]  reg=-0.9584  cls=0.3000  rmse=0.1877
[13:17:32]   Epoch 049 [ 250/2849]  reg=-0.9554  cls=0.3764  rmse=0.1867
[13:17:33]   Epoch 049 [ 300/2849]  reg=-0.9601  cls=0.3232  rmse=0.1881
[13:17:34]   Epoch 049 [ 350/2849]  reg=-0.9572  cls=0.3115  rmse=0.1891
[13:17:34]   Epoch 049 [ 400/2849]  reg=-0.9541  cls=0.3454  rmse=0.1984
[13:17:35]   Epoch 049 [ 450/2849]  reg=-0.9421  cls=0.3433  rmse=0.1965
[13:17:35]   Epoch 049 [ 500/2849]  reg=-0.9626  cls=0.2962  rmse=0.2030
[13:17:36]   Epoch 049 [ 550/2849]  reg=-0.9575  cls=0.3213  rmse=0.2010
[13:17:37]   Epoch 049 [ 600/2849]  reg=-0.9609  cls=0.3135  rmse=0.1997
[13:17:37]   Epoch 049 [ 650/2849]  reg=-0.9556  cls=0.3351  rmse=0.1994
[13:17:38]   Epoch 049 [ 700/2849]  reg=-0.9576  cls=0.3306  rmse=0.1980
[13:17:38]   Epoch 049 [ 750/2849]  reg=-0.9347  cls=0.3530  rmse=0.1970
[13:17:39]   Epoch 049 [ 800/2849]  reg=-0.9626  cls=0.3437  rmse=0.1962
[13:17:40]   Epoch 049 [ 850/2849]  reg=-0.9582  cls=0.2950  rmse=0.1961
[13:17:40]   Epoch 049 [ 900/2849]  reg=-0.9433  cls=0.3766  rmse=0.1963
[13:17:41]   Epoch 049 [ 950/2849]  reg=-0.9599  cls=0.3306  rmse=0.1957
[13:17:41]   Epoch 049 [1000/2849]  reg=-0.9583  cls=0.3158  rmse=0.1952
[13:17:42]   Epoch 049 [1050/2849]  reg=-0.9584  cls=0.3358  rmse=0.1946
[13:17:43]   Epoch 049 [1100/2849]  reg=-0.9483  cls=0.3525  rmse=0.1942
[13:17:43]   Epoch 049 [1150/2849]  reg=-0.9536  cls=0.3123  rmse=0.1936
[13:17:44]   Epoch 049 [1200/2849]  reg=-0.9617  cls=0.3503  rmse=0.1942
[13:17:44]   Epoch 049 [1250/2849]  reg=-0.9637  cls=0.3542  rmse=0.1936
[13:17:45]   Epoch 049 [1300/2849]  reg=-0.9516  cls=0.3375  rmse=0.1931
[13:17:46]   Epoch 049 [1350/2849]  reg=-0.9632  cls=0.3417  rmse=0.1933
[13:17:46]   Epoch 049 [1400/2849]  reg=-0.9496  cls=0.3367  rmse=0.1931
[13:17:47]   Epoch 049 [1450/2849]  reg=-0.9682  cls=0.3997  rmse=0.1927
[13:17:47]   Epoch 049 [1500/2849]  reg=-0.9629  cls=0.3369  rmse=0.1924
[13:17:48]   Epoch 049 [1550/2849]  reg=-0.9525  cls=0.3164  rmse=0.1922
[13:17:49]   Epoch 049 [1600/2849]  reg=-0.9592  cls=0.3419  rmse=0.1924
[13:17:49]   Epoch 049 [1650/2849]  reg=-0.9582  cls=0.3716  rmse=0.1924
[13:17:50]   Epoch 049 [1700/2849]  reg=-0.9524  cls=0.3214  rmse=0.1920
[13:17:50]   Epoch 049 [1750/2849]  reg=-0.9610  cls=0.3188  rmse=0.1918
[13:17:51]   Epoch 049 [1800/2849]  reg=-0.9713  cls=0.3369  rmse=0.1937
[13:17:52]   Epoch 049 [1850/2849]  reg=-0.9651  cls=0.3206  rmse=0.1934
[13:17:52]   Epoch 049 [1900/2849]  reg=-0.9527  cls=0.3067  rmse=0.1931
[13:17:53]   Epoch 049 [1950/2849]  reg=-0.9522  cls=0.3427  rmse=0.1929
[13:17:53]   Epoch 049 [2000/2849]  reg=-0.9577  cls=0.3046  rmse=0.1926
[13:17:54]   Epoch 049 [2050/2849]  reg=-0.9592  cls=0.3423  rmse=0.1924
[13:17:54]   Epoch 049 [2100/2849]  reg=-0.9648  cls=0.3207  rmse=0.1921
[13:17:55]   Epoch 049 [2150/2849]  reg=-0.9533  cls=0.3445  rmse=0.1919
[13:17:56]   Epoch 049 [2200/2849]  reg=-0.9604  cls=0.3200  rmse=0.1921
[13:17:56]   Epoch 049 [2250/2849]  reg=-0.9555  cls=0.3295  rmse=0.1918
[13:17:57]   Epoch 049 [2300/2849]  reg=-0.9642  cls=0.3536  rmse=0.1915
[13:17:57]   Epoch 049 [2350/2849]  reg=-0.9435  cls=0.3155  rmse=0.1916
[13:17:58]   Epoch 049 [2400/2849]  reg=-0.9660  cls=0.3729  rmse=0.1914
[13:17:58]   Epoch 049 [2450/2849]  reg=-0.9664  cls=0.3162  rmse=0.1914
[13:17:59]   Epoch 049 [2500/2849]  reg=-0.9582  cls=0.3898  rmse=0.1913
[13:18:00]   Epoch 049 [2550/2849]  reg=-0.9558  cls=0.3492  rmse=0.1916
[13:18:00]   Epoch 049 [2600/2849]  reg=-0.9421  cls=0.3511  rmse=0.1917
[13:18:01]   Epoch 049 [2650/2849]  reg=-0.9348  cls=0.3430  rmse=0.1915
[13:18:01]   Epoch 049 [2700/2849]  reg=-0.9485  cls=0.3443  rmse=0.1914
[13:18:02]   Epoch 049 [2750/2849]  reg=-0.9641  cls=0.3536  rmse=0.1926
[13:18:02]   Epoch 049 [2800/2849]  reg=-0.9660  cls=0.3385  rmse=0.1924
[13:18:15] Epoch 049/100  lr=5.98e-05  train[reg=-0.9245 cls=0.3357 rmse=0.1925]  val[rmse=0.1869 cls=0.5988 xyz=(0.138,0.123,0.027) acc=0.924]  (54.9s)
[13:18:15]   ckpt 저장: out_classifier2\checkpoints\best.pth
[13:18:26]   Epoch 050 [  50/2849]  reg=-0.9631  cls=0.3032  rmse=0.1817
[13:18:27]   Epoch 050 [ 100/2849]  reg=-0.9616  cls=0.3877  rmse=0.1817
[13:18:28]   Epoch 050 [ 150/2849]  reg=-0.9681  cls=0.3600  rmse=0.1824
[13:18:28]   Epoch 050 [ 200/2849]  reg=-0.9579  cls=0.3568  rmse=0.1827
[13:18:29]   Epoch 050 [ 250/2849]  reg=-0.9496  cls=0.3033  rmse=0.1851
[13:18:29]   Epoch 050 [ 300/2849]  reg=-0.9470  cls=0.3187  rmse=0.1843
[13:18:30]   Epoch 050 [ 350/2849]  reg=-0.9624  cls=0.3432  rmse=0.1954
[13:18:31]   Epoch 050 [ 400/2849]  reg=-0.9618  cls=0.3190  rmse=0.1942
[13:18:31]   Epoch 050 [ 450/2849]  reg=-0.9661  cls=0.3947  rmse=0.1930
[13:18:32]   Epoch 050 [ 500/2849]  reg=-0.9675  cls=0.3227  rmse=0.1914
[13:18:33]   Epoch 050 [ 550/2849]  reg=-0.9595  cls=0.3257  rmse=0.1908
[13:18:33]   Epoch 050 [ 600/2849]  reg=-0.9644  cls=0.3269  rmse=0.1900
[13:18:34]   Epoch 050 [ 650/2849]  reg=-0.9620  cls=0.3478  rmse=0.1897
[13:18:34]   Epoch 050 [ 700/2849]  reg=-0.9567  cls=0.3090  rmse=0.1957
[13:18:35]   Epoch 050 [ 750/2849]  reg=-0.9492  cls=0.3065  rmse=0.1950
[13:18:36]   Epoch 050 [ 800/2849]  reg=-0.9589  cls=0.3217  rmse=0.1950
[13:18:36]   Epoch 050 [ 850/2849]  reg=-0.9622  cls=0.3083  rmse=0.1943
[13:18:37]   Epoch 050 [ 900/2849]  reg=-0.9695  cls=0.3202  rmse=0.1935
[13:18:37]   Epoch 050 [ 950/2849]  reg=-0.9668  cls=0.3399  rmse=0.1929
[13:18:38]   Epoch 050 [1000/2849]  reg=-0.9639  cls=0.3461  rmse=0.1923
[13:18:39]   Epoch 050 [1050/2849]  reg=-0.9496  cls=0.3875  rmse=0.1926
[13:18:39]   Epoch 050 [1100/2849]  reg=-0.9661  cls=0.3275  rmse=0.1926
[13:18:40]   Epoch 050 [1150/2849]  reg=-0.9270  cls=0.3109  rmse=0.1922
[13:18:40]   Epoch 050 [1200/2849]  reg=-0.9566  cls=0.3305  rmse=0.1918
[13:18:41]   Epoch 050 [1250/2849]  reg=-0.9567  cls=0.3161  rmse=0.1924
[13:18:42]   Epoch 050 [1300/2849]  reg=-0.9656  cls=0.3432  rmse=0.1951
[13:18:42]   Epoch 050 [1350/2849]  reg=-0.9538  cls=0.3594  rmse=0.1950
[13:18:43]   Epoch 050 [1400/2849]  reg=-0.9568  cls=0.3147  rmse=0.1950
[13:18:43]   Epoch 050 [1450/2849]  reg=-0.9638  cls=0.3274  rmse=0.1946
[13:18:44]   Epoch 050 [1500/2849]  reg=-0.9593  cls=0.3103  rmse=0.1942
[13:18:45]   Epoch 050 [1550/2849]  reg=-0.9560  cls=0.3235  rmse=0.1938
[13:18:45]   Epoch 050 [1600/2849]  reg=-0.9664  cls=0.3593  rmse=0.1934
[13:18:46]   Epoch 050 [1650/2849]  reg=-0.9623  cls=0.3095  rmse=0.1932
[13:18:46]   Epoch 050 [1700/2849]  reg=-0.9588  cls=0.3275  rmse=0.1928
[13:18:47]   Epoch 050 [1750/2849]  reg=-0.9482  cls=0.3168  rmse=0.1928
[13:18:48]   Epoch 050 [1800/2849]  reg=-0.9582  cls=0.3404  rmse=0.1925
[13:18:48]   Epoch 050 [1850/2849]  reg=-0.9488  cls=0.3174  rmse=0.1925
[13:18:49]   Epoch 050 [1900/2849]  reg=-0.9594  cls=0.3573  rmse=0.1923
[13:18:49]   Epoch 050 [1950/2849]  reg=-0.9692  cls=0.3478  rmse=0.1923
[13:18:50]   Epoch 050 [2000/2849]  reg=-0.9543  cls=0.3174  rmse=0.1923
[13:18:50]   Epoch 050 [2050/2849]  reg=-0.9625  cls=0.3341  rmse=0.1922
[13:18:51]   Epoch 050 [2100/2849]  reg=-0.9633  cls=0.3241  rmse=0.1919
[13:18:52]   Epoch 050 [2150/2849]  reg=-0.9607  cls=0.3483  rmse=0.1916
[13:18:52]   Epoch 050 [2200/2849]  reg=-0.9526  cls=0.3202  rmse=0.1920
[13:18:53]   Epoch 050 [2250/2849]  reg=-0.9630  cls=0.3450  rmse=0.1917
[13:18:53]   Epoch 050 [2300/2849]  reg=-0.9627  cls=0.2943  rmse=0.1915
[13:18:54]   Epoch 050 [2350/2849]  reg=-0.9552  cls=0.3268  rmse=0.1913
[13:18:55]   Epoch 050 [2400/2849]  reg=-0.9510  cls=0.3625  rmse=0.1914
[13:18:55]   Epoch 050 [2450/2849]  reg=-0.9640  cls=0.3196  rmse=0.1913
[13:18:56]   Epoch 050 [2500/2849]  reg=-0.2353  cls=0.3579  rmse=0.1913
[13:18:57]   Epoch 050 [2550/2849]  reg=-0.9525  cls=0.3363  rmse=0.1927
[13:18:57]   Epoch 050 [2600/2849]  reg=-0.9596  cls=0.3449  rmse=0.1927
[13:18:58]   Epoch 050 [2650/2849]  reg=-0.9563  cls=0.2981  rmse=0.1926
[13:18:58]   Epoch 050 [2700/2849]  reg=-0.9620  cls=0.3148  rmse=0.1924
[13:18:59]   Epoch 050 [2750/2849]  reg=-0.9676  cls=0.3082  rmse=0.1925
[13:18:59]   Epoch 050 [2800/2849]  reg=-0.9569  cls=0.3228  rmse=0.1924
[13:19:12] Epoch 050/100  lr=5.82e-05  train[reg=-0.9246 cls=0.3348 rmse=0.1922]  val[rmse=0.1872 cls=0.6042 xyz=(0.138,0.123,0.027) acc=0.922]  (56.7s)
[13:19:12]   ckpt 저장: out_classifier2\checkpoints\epoch_050.pth
[13:19:21]   Epoch 051 [  50/2849]  reg=19.8117  cls=0.3675  rmse=0.2628
[13:19:22]   Epoch 051 [ 100/2849]  reg=-0.9649  cls=0.3462  rmse=0.2479
[13:19:22]   Epoch 051 [ 150/2849]  reg=-0.9586  cls=0.3254  rmse=0.2247
[13:19:23]   Epoch 051 [ 200/2849]  reg=-0.9548  cls=0.3023  rmse=0.2146
[13:19:23]   Epoch 051 [ 250/2849]  reg=-0.9542  cls=0.3520  rmse=0.2259
[13:19:24]   Epoch 051 [ 300/2849]  reg=-0.9594  cls=0.3542  rmse=0.2193
[13:19:24]   Epoch 051 [ 350/2849]  reg=-0.9557  cls=0.3262  rmse=0.2145
[13:19:25]   Epoch 051 [ 400/2849]  reg=-0.9608  cls=0.3577  rmse=0.2102
[13:19:25]   Epoch 051 [ 450/2849]  reg=-0.9604  cls=0.3498  rmse=0.2072
[13:19:26]   Epoch 051 [ 500/2849]  reg=-0.9644  cls=0.3304  rmse=0.2046
[13:19:26]   Epoch 051 [ 550/2849]  reg=-0.9642  cls=0.3218  rmse=0.2025
[13:19:27]   Epoch 051 [ 600/2849]  reg=-0.9487  cls=0.3029  rmse=0.2008
[13:19:28]   Epoch 051 [ 650/2849]  reg=-0.9599  cls=0.2967  rmse=0.2005
[13:19:28]   Epoch 051 [ 700/2849]  reg=-0.9618  cls=0.3319  rmse=0.1994
[13:19:29]   Epoch 051 [ 750/2849]  reg=-0.9686  cls=0.3288  rmse=0.1982
[13:19:29]   Epoch 051 [ 800/2849]  reg=-0.9724  cls=0.3433  rmse=0.1970
[13:19:30]   Epoch 051 [ 850/2849]  reg=-0.9641  cls=0.3186  rmse=0.1966
[13:19:30]   Epoch 051 [ 900/2849]  reg=-0.9566  cls=0.3619  rmse=0.1957
[13:19:31]   Epoch 051 [ 950/2849]  reg=-0.9648  cls=0.3193  rmse=0.1949
[13:19:31]   Epoch 051 [1000/2849]  reg=-0.9544  cls=0.3357  rmse=0.1942
[13:19:32]   Epoch 051 [1050/2849]  reg=-0.9539  cls=0.3307  rmse=0.1942
[13:19:32]   Epoch 051 [1100/2849]  reg=-0.9586  cls=0.3489  rmse=0.1944
[13:19:33]   Epoch 051 [1150/2849]  reg=-0.9601  cls=0.3080  rmse=0.1942
[13:19:33]   Epoch 051 [1200/2849]  reg=-0.9649  cls=0.3247  rmse=0.1948
[13:19:34]   Epoch 051 [1250/2849]  reg=-0.9689  cls=0.3468  rmse=0.1942
[13:19:34]   Epoch 051 [1300/2849]  reg=-0.9609  cls=0.3418  rmse=0.1938
[13:19:35]   Epoch 051 [1350/2849]  reg=-0.9645  cls=0.3208  rmse=0.1932
[13:19:35]   Epoch 051 [1400/2849]  reg=-0.9642  cls=0.3345  rmse=0.1930
[13:19:36]   Epoch 051 [1450/2849]  reg=-0.9642  cls=0.3942  rmse=0.1933
[13:19:36]   Epoch 051 [1500/2849]  reg=-0.9575  cls=0.3266  rmse=0.1929
[13:19:37]   Epoch 051 [1550/2849]  reg=-0.9700  cls=0.3041  rmse=0.1929
[13:19:37]   Epoch 051 [1600/2849]  reg=-0.9638  cls=0.3202  rmse=0.1925
[13:19:38]   Epoch 051 [1650/2849]  reg=-0.9561  cls=0.3562  rmse=0.1922
[13:19:39]   Epoch 051 [1700/2849]  reg=-0.9592  cls=0.3304  rmse=0.1919
[13:19:39]   Epoch 051 [1750/2849]  reg=-0.9608  cls=0.3343  rmse=0.1920
[13:19:40]   Epoch 051 [1800/2849]  reg=-0.9580  cls=0.3343  rmse=0.1917
[13:19:40]   Epoch 051 [1850/2849]  reg=-0.9597  cls=0.3292  rmse=0.1915
[13:19:41]   Epoch 051 [1900/2849]  reg=-0.9422  cls=0.3019  rmse=0.1915
[13:19:41]   Epoch 051 [1950/2849]  reg=-0.9599  cls=0.3312  rmse=0.1913
[13:19:42]   Epoch 051 [2000/2849]  reg=-0.9633  cls=0.3161  rmse=0.1911
[13:19:42]   Epoch 051 [2050/2849]  reg=-0.9597  cls=0.3429  rmse=0.1928
[13:19:43]   Epoch 051 [2100/2849]  reg=-0.9630  cls=0.3431  rmse=0.1926
[13:19:43]   Epoch 051 [2150/2849]  reg=-0.9698  cls=0.3946  rmse=0.1923
[13:19:44]   Epoch 051 [2200/2849]  reg=-0.9680  cls=0.3273  rmse=0.1923
[13:19:44]   Epoch 051 [2250/2849]  reg=-0.9643  cls=0.3340  rmse=0.1920
[13:19:45]   Epoch 051 [2300/2849]  reg=-0.9540  cls=0.3637  rmse=0.1917
[13:19:45]   Epoch 051 [2350/2849]  reg=-0.9364  cls=0.3282  rmse=0.1915
[13:19:46]   Epoch 051 [2400/2849]  reg=-0.9643  cls=0.3003  rmse=0.1912
[13:19:47]   Epoch 051 [2450/2849]  reg=-0.9670  cls=0.3273  rmse=0.1910
[13:19:47]   Epoch 051 [2500/2849]  reg=-0.9594  cls=0.3639  rmse=0.1909
[13:19:48]   Epoch 051 [2550/2849]  reg=-0.9621  cls=0.3238  rmse=0.1907
[13:19:48]   Epoch 051 [2600/2849]  reg=-0.9497  cls=0.3147  rmse=0.1908
[13:19:49]   Epoch 051 [2650/2849]  reg=-0.9605  cls=0.3013  rmse=0.1921
[13:19:49]   Epoch 051 [2700/2849]  reg=-0.9477  cls=0.3391  rmse=0.1919
[13:19:50]   Epoch 051 [2750/2849]  reg=-0.9634  cls=0.3233  rmse=0.1918
[13:19:50]   Epoch 051 [2800/2849]  reg=-0.9665  cls=0.3238  rmse=0.1916
[13:20:02] Epoch 051/100  lr=5.67e-05  train[reg=-0.9250 cls=0.3347 rmse=0.1915]  val[rmse=0.1852 cls=0.6062 xyz=(0.137,0.122,0.027) acc=0.923]  (50.4s)
[13:20:03]   ckpt 저장: out_classifier2\checkpoints\best.pth
[13:20:12]   Epoch 052 [  50/2849]  reg=-0.9515  cls=0.3454  rmse=0.1819
[13:20:13]   Epoch 052 [ 100/2849]  reg=-0.9641  cls=0.3308  rmse=0.1891
[13:20:14]   Epoch 052 [ 150/2849]  reg=-0.9524  cls=0.3296  rmse=0.1859
[13:20:14]   Epoch 052 [ 200/2849]  reg=-0.9635  cls=0.3175  rmse=0.1847
[13:20:15]   Epoch 052 [ 250/2849]  reg=-0.9610  cls=0.3498  rmse=0.1846
[13:20:15]   Epoch 052 [ 300/2849]  reg=-0.9677  cls=0.3399  rmse=0.1842
[13:20:16]   Epoch 052 [ 350/2849]  reg=-0.9655  cls=0.3346  rmse=0.1834
[13:20:16]   Epoch 052 [ 400/2849]  reg=-0.9666  cls=0.3465  rmse=0.1843
[13:20:17]   Epoch 052 [ 450/2849]  reg=-0.9483  cls=0.3056  rmse=0.1842
[13:20:18]   Epoch 052 [ 500/2849]  reg=-0.9634  cls=0.3557  rmse=0.1851
[13:20:18]   Epoch 052 [ 550/2849]  reg=-0.9606  cls=0.3025  rmse=0.1847
[13:20:19]   Epoch 052 [ 600/2849]  reg=-0.9654  cls=0.3273  rmse=0.1855
[13:20:19]   Epoch 052 [ 650/2849]  reg=-0.9616  cls=0.3248  rmse=0.1854
[13:20:20]   Epoch 052 [ 700/2849]  reg=-0.9641  cls=0.3682  rmse=0.1853
[13:20:21]   Epoch 052 [ 750/2849]  reg=-0.9629  cls=0.3643  rmse=0.1850
[13:20:21]   Epoch 052 [ 800/2849]  reg=-0.9597  cls=0.3470  rmse=0.1849
[13:20:22]   Epoch 052 [ 850/2849]  reg=-0.9618  cls=0.2947  rmse=0.1853
[13:20:22]   Epoch 052 [ 900/2849]  reg=-0.9597  cls=0.3112  rmse=0.1859
[13:20:23]   Epoch 052 [ 950/2849]  reg=-0.9611  cls=0.3489  rmse=0.1856
[13:20:23]   Epoch 052 [1000/2849]  reg=-0.9596  cls=0.3055  rmse=0.1862
[13:20:24]   Epoch 052 [1050/2849]  reg=-0.9605  cls=0.3063  rmse=0.1859
[13:20:25]   Epoch 052 [1100/2849]  reg=-0.9560  cls=0.3502  rmse=0.1857
[13:20:25]   Epoch 052 [1150/2849]  reg=-0.9644  cls=0.3304  rmse=0.1899
[13:20:26]   Epoch 052 [1200/2849]  reg=-0.9613  cls=0.3270  rmse=0.1895
[13:20:26]   Epoch 052 [1250/2849]  reg=-0.9414  cls=0.3229  rmse=0.1890
[13:20:27]   Epoch 052 [1300/2849]  reg=-0.9659  cls=0.3517  rmse=0.1887
[13:20:28]   Epoch 052 [1350/2849]  reg=-0.9454  cls=0.3469  rmse=0.1884
[13:20:28]   Epoch 052 [1400/2849]  reg=-0.9638  cls=0.3334  rmse=0.1895
[13:20:29]   Epoch 052 [1450/2849]  reg=-0.9605  cls=0.3011  rmse=0.1892
[13:20:29]   Epoch 052 [1500/2849]  reg=-0.9686  cls=0.3417  rmse=0.1916
[13:20:30]   Epoch 052 [1550/2849]  reg=-0.9585  cls=0.3014  rmse=0.1912
[13:20:30]   Epoch 052 [1600/2849]  reg=-0.9640  cls=0.3236  rmse=0.1909
[13:20:31]   Epoch 052 [1650/2849]  reg=-0.9645  cls=0.3319  rmse=0.1906
[13:20:32]   Epoch 052 [1700/2849]  reg=-0.9606  cls=0.3583  rmse=0.1903
[13:20:32]   Epoch 052 [1750/2849]  reg=-0.9629  cls=0.3851  rmse=0.1901
[13:20:33]   Epoch 052 [1800/2849]  reg=-0.9614  cls=0.3062  rmse=0.1898
[13:20:33]   Epoch 052 [1850/2849]  reg=-0.9678  cls=0.3281  rmse=0.1903
[13:20:34]   Epoch 052 [1900/2849]  reg=-0.9507  cls=0.3398  rmse=0.1904
[13:20:34]   Epoch 052 [1950/2849]  reg=-0.9515  cls=0.3380  rmse=0.1906
[13:20:35]   Epoch 052 [2000/2849]  reg=-0.9399  cls=0.3350  rmse=0.1903
[13:20:36]   Epoch 052 [2050/2849]  reg=-0.9495  cls=0.3550  rmse=0.1901
[13:20:36]   Epoch 052 [2100/2849]  reg=-0.9577  cls=0.3392  rmse=0.1899
[13:20:37]   Epoch 052 [2150/2849]  reg=-0.9678  cls=0.3231  rmse=0.1934
[13:20:37]   Epoch 052 [2200/2849]  reg=-0.9558  cls=0.3359  rmse=0.1930
[13:20:38]   Epoch 052 [2250/2849]  reg=-0.9623  cls=0.3297  rmse=0.1928
[13:20:39]   Epoch 052 [2300/2849]  reg=-0.9690  cls=0.3776  rmse=0.1925
[13:20:39]   Epoch 052 [2350/2849]  reg=-0.9642  cls=0.3293  rmse=0.1923
[13:20:40]   Epoch 052 [2400/2849]  reg=-0.9635  cls=0.3048  rmse=0.1920
[13:20:40]   Epoch 052 [2450/2849]  reg=-0.9658  cls=0.3269  rmse=0.1919
[13:20:41]   Epoch 052 [2500/2849]  reg=-0.9436  cls=0.3712  rmse=0.1919
[13:20:42]   Epoch 052 [2550/2849]  reg=-0.9633  cls=0.3089  rmse=0.1917
[13:20:42]   Epoch 052 [2600/2849]  reg=-0.9579  cls=0.3075  rmse=0.1916
[13:20:43]   Epoch 052 [2650/2849]  reg=-0.9655  cls=0.3439  rmse=0.1914
[13:20:43]   Epoch 052 [2700/2849]  reg=-0.9635  cls=0.3512  rmse=0.1912
[13:20:44]   Epoch 052 [2750/2849]  reg=-0.9653  cls=0.3625  rmse=0.1910
[13:20:45]   Epoch 052 [2800/2849]  reg=-0.9684  cls=0.3856  rmse=0.1910
[13:20:57] Epoch 052/100  lr=5.52e-05  train[reg=-0.9254 cls=0.3342 rmse=0.1907]  val[rmse=0.1862 cls=0.6178 xyz=(0.137,0.123,0.027) acc=0.922]  (54.6s)
[13:21:07]   Epoch 053 [  50/2849]  reg=-0.9637  cls=0.3560  rmse=0.1793
[13:21:07]   Epoch 053 [ 100/2849]  reg=-0.9508  cls=0.4190  rmse=0.1796
[13:21:08]   Epoch 053 [ 150/2849]  reg=-0.9688  cls=0.3265  rmse=0.1807
[13:21:09]   Epoch 053 [ 200/2849]  reg=-0.9624  cls=0.2907  rmse=0.1881
[13:21:09]   Epoch 053 [ 250/2849]  reg=-0.9674  cls=0.3519  rmse=0.1864
[13:21:10]   Epoch 053 [ 300/2849]  reg=-0.9626  cls=0.3342  rmse=0.1855
[13:21:10]   Epoch 053 [ 350/2849]  reg=-0.9638  cls=0.3618  rmse=0.1980
[13:21:11]   Epoch 053 [ 400/2849]  reg=-0.9669  cls=0.3340  rmse=0.1958
[13:21:11]   Epoch 053 [ 450/2849]  reg=-0.9583  cls=0.3314  rmse=0.1942
[13:21:12]   Epoch 053 [ 500/2849]  reg=-0.9542  cls=0.3519  rmse=0.1941
[13:21:13]   Epoch 053 [ 550/2849]  reg=-0.9622  cls=0.3252  rmse=0.1943
[13:21:13]   Epoch 053 [ 600/2849]  reg=-0.9529  cls=0.3316  rmse=0.1933
[13:21:14]   Epoch 053 [ 650/2849]  reg=-0.9621  cls=0.3149  rmse=0.1923
[13:21:14]   Epoch 053 [ 700/2849]  reg=-0.9604  cls=0.3249  rmse=0.1914
[13:21:15]   Epoch 053 [ 750/2849]  reg=-0.9644  cls=0.3502  rmse=0.1906
[13:21:15]   Epoch 053 [ 800/2849]  reg=-0.9654  cls=0.3348  rmse=0.1898
[13:21:16]   Epoch 053 [ 850/2849]  reg=-0.9659  cls=0.3177  rmse=0.1892
[13:21:16]   Epoch 053 [ 900/2849]  reg=-0.9570  cls=0.3211  rmse=0.1889
[13:21:17]   Epoch 053 [ 950/2849]  reg=-0.9658  cls=0.2958  rmse=0.1886
[13:21:18]   Epoch 053 [1000/2849]  reg=-0.9659  cls=0.2943  rmse=0.1882
[13:21:18]   Epoch 053 [1050/2849]  reg=-0.9568  cls=0.3260  rmse=0.1878
[13:21:19]   Epoch 053 [1100/2849]  reg=-0.9553  cls=0.3211  rmse=0.1876
[13:21:19]   Epoch 053 [1150/2849]  reg=-0.9637  cls=0.3112  rmse=0.1875
[13:21:20]   Epoch 053 [1200/2849]  reg=-0.9538  cls=0.3748  rmse=0.1872
[13:21:20]   Epoch 053 [1250/2849]  reg=-0.9512  cls=0.2941  rmse=0.1869
[13:21:21]   Epoch 053 [1300/2849]  reg=-0.9699  cls=0.2955  rmse=0.1866
[13:21:21]   Epoch 053 [1350/2849]  reg=-0.9460  cls=0.2957  rmse=0.1868
[13:21:22]   Epoch 053 [1400/2849]  reg=-0.9554  cls=0.3460  rmse=0.1868
[13:21:23]   Epoch 053 [1450/2849]  reg=-0.9612  cls=0.3588  rmse=0.1866
[13:21:23]   Epoch 053 [1500/2849]  reg=-0.9544  cls=0.3555  rmse=0.1863
[13:21:24]   Epoch 053 [1550/2849]  reg=-0.9726  cls=0.3534  rmse=0.1862
[13:21:24]   Epoch 053 [1600/2849]  reg=-0.9559  cls=0.3569  rmse=0.1860
[13:21:25]   Epoch 053 [1650/2849]  reg=-0.9567  cls=0.3487  rmse=0.1890
[13:21:25]   Epoch 053 [1700/2849]  reg=-0.9625  cls=0.3009  rmse=0.1887
[13:21:26]   Epoch 053 [1750/2849]  reg=-0.9549  cls=0.3219  rmse=0.1885
[13:21:26]   Epoch 053 [1800/2849]  reg=-0.9511  cls=0.3403  rmse=0.1886
[13:21:27]   Epoch 053 [1850/2849]  reg=-0.9608  cls=0.3653  rmse=0.1883
[13:21:27]   Epoch 053 [1900/2849]  reg=-0.9516  cls=0.3109  rmse=0.1887
[13:21:28]   Epoch 053 [1950/2849]  reg=-0.9624  cls=0.3404  rmse=0.1889
[13:21:28]   Epoch 053 [2000/2849]  reg=-0.9646  cls=0.3271  rmse=0.1890
[13:21:29]   Epoch 053 [2050/2849]  reg=-0.9584  cls=0.3185  rmse=0.1891
[13:21:29]   Epoch 053 [2100/2849]  reg=-0.9551  cls=0.3598  rmse=0.1892
[13:21:30]   Epoch 053 [2150/2849]  reg=-0.9577  cls=0.3022  rmse=0.1909
[13:21:31]   Epoch 053 [2200/2849]  reg=-0.9667  cls=0.3195  rmse=0.1909
[13:21:31]   Epoch 053 [2250/2849]  reg=-0.9525  cls=0.3662  rmse=0.1907
[13:21:32]   Epoch 053 [2300/2849]  reg=-0.9690  cls=0.3192  rmse=0.1905
[13:21:32]   Epoch 053 [2350/2849]  reg=-0.9444  cls=0.2991  rmse=0.1903
[13:21:33]   Epoch 053 [2400/2849]  reg=-0.9575  cls=0.3540  rmse=0.1903
[13:21:33]   Epoch 053 [2450/2849]  reg=-0.9575  cls=0.2887  rmse=0.1901
[13:21:34]   Epoch 053 [2500/2849]  reg=-0.9706  cls=0.3037  rmse=0.1899
[13:21:34]   Epoch 053 [2550/2849]  reg=-0.9496  cls=0.3313  rmse=0.1897
[13:21:35]   Epoch 053 [2600/2849]  reg=-0.9593  cls=0.3428  rmse=0.1894
[13:21:35]   Epoch 053 [2650/2849]  reg=-0.9608  cls=0.3432  rmse=0.1908
[13:21:36]   Epoch 053 [2700/2849]  reg=-0.9679  cls=0.3533  rmse=0.1905
[13:21:36]   Epoch 053 [2750/2849]  reg=-0.9505  cls=0.3009  rmse=0.1904
[13:21:37]   Epoch 053 [2800/2849]  reg=-0.9651  cls=0.3514  rmse=0.1902
[13:21:49] Epoch 053/100  lr=5.36e-05  train[reg=-0.9256 cls=0.3346 rmse=0.1901]  val[rmse=0.1869 cls=0.6147 xyz=(0.138,0.123,0.027) acc=0.922]  (51.9s)
[13:21:59]   Epoch 054 [  50/2849]  reg=-0.9671  cls=0.3473  rmse=0.1795
[13:21:59]   Epoch 054 [ 100/2849]  reg=-0.9564  cls=0.3551  rmse=0.2197
[13:22:00]   Epoch 054 [ 150/2849]  reg=-0.9639  cls=0.3187  rmse=0.2067
[13:22:01]   Epoch 054 [ 200/2849]  reg=-0.9667  cls=0.3047  rmse=0.2012
[13:22:01]   Epoch 054 [ 250/2849]  reg=-0.9680  cls=0.3290  rmse=0.1995
[13:22:02]   Epoch 054 [ 300/2849]  reg=-0.9661  cls=0.2970  rmse=0.1962
[13:22:02]   Epoch 054 [ 350/2849]  reg=-0.9504  cls=0.3065  rmse=0.1943
[13:22:03]   Epoch 054 [ 400/2849]  reg=-0.9671  cls=0.3340  rmse=0.1925
[13:22:03]   Epoch 054 [ 450/2849]  reg=-0.9599  cls=0.3504  rmse=0.1911
[13:22:04]   Epoch 054 [ 500/2849]  reg=-0.9591  cls=0.3534  rmse=0.1925
[13:22:05]   Epoch 054 [ 550/2849]  reg=-0.9633  cls=0.3441  rmse=0.1923
[13:22:05]   Epoch 054 [ 600/2849]  reg=-0.9626  cls=0.3145  rmse=0.1914
[13:22:06]   Epoch 054 [ 650/2849]  reg=-0.9563  cls=0.3427  rmse=0.1905
[13:22:07]   Epoch 054 [ 700/2849]  reg=-0.9623  cls=0.3136  rmse=0.1897
[13:22:07]   Epoch 054 [ 750/2849]  reg=-0.9573  cls=0.3109  rmse=0.1890
[13:22:08]   Epoch 054 [ 800/2849]  reg=-0.9639  cls=0.3409  rmse=0.1892
[13:22:09]   Epoch 054 [ 850/2849]  reg=-0.9624  cls=0.3319  rmse=0.1886
[13:22:09]   Epoch 054 [ 900/2849]  reg=-0.9508  cls=0.3491  rmse=0.1890
[13:22:10]   Epoch 054 [ 950/2849]  reg=-0.9647  cls=0.3658  rmse=0.1892
[13:22:11]   Epoch 054 [1000/2849]  reg=-0.9642  cls=0.2931  rmse=0.1888
[13:22:11]   Epoch 054 [1050/2849]  reg=-0.9628  cls=0.3272  rmse=0.1884
[13:22:12]   Epoch 054 [1100/2849]  reg=-0.9449  cls=0.3314  rmse=0.1880
[13:22:12]   Epoch 054 [1150/2849]  reg=-0.9638  cls=0.3622  rmse=0.1876
[13:22:13]   Epoch 054 [1200/2849]  reg=-0.9690  cls=0.3214  rmse=0.1872
[13:22:13]   Epoch 054 [1250/2849]  reg=-0.9473  cls=0.3358  rmse=0.1875
[13:22:14]   Epoch 054 [1300/2849]  reg=-0.9654  cls=0.3257  rmse=0.1872
[13:22:15]   Epoch 054 [1350/2849]  reg=-0.9583  cls=0.3378  rmse=0.1903
[13:22:15]   Epoch 054 [1400/2849]  reg=-0.9575  cls=0.3178  rmse=0.1900
[13:22:16]   Epoch 054 [1450/2849]  reg=-0.9579  cls=0.3321  rmse=0.1902
[13:22:17]   Epoch 054 [1500/2849]  reg=-0.9673  cls=0.3427  rmse=0.1897
[13:22:17]   Epoch 054 [1550/2849]  reg=-0.9651  cls=0.2985  rmse=0.1897
[13:22:18]   Epoch 054 [1600/2849]  reg=-0.9478  cls=0.3487  rmse=0.1898
[13:22:18]   Epoch 054 [1650/2849]  reg=-0.9545  cls=0.2932  rmse=0.1895
[13:22:19]   Epoch 054 [1700/2849]  reg=-0.9611  cls=0.3744  rmse=0.1892
[13:22:19]   Epoch 054 [1750/2849]  reg=-0.9585  cls=0.3416  rmse=0.1912
[13:22:20]   Epoch 054 [1800/2849]  reg=-0.9641  cls=0.3233  rmse=0.1909
[13:22:21]   Epoch 054 [1850/2849]  reg=-0.9617  cls=0.3034  rmse=0.1907
[13:22:21]   Epoch 054 [1900/2849]  reg=-0.9429  cls=0.2925  rmse=0.1905
[13:22:22]   Epoch 054 [1950/2849]  reg=-0.9596  cls=0.3291  rmse=0.1901
[13:22:22]   Epoch 054 [2000/2849]  reg=-0.9616  cls=0.3036  rmse=0.1900
[13:22:23]   Epoch 054 [2050/2849]  reg=-0.9629  cls=0.3168  rmse=0.1897
[13:22:24]   Epoch 054 [2100/2849]  reg=-0.9582  cls=0.3551  rmse=0.1898
[13:22:24]   Epoch 054 [2150/2849]  reg=-0.9382  cls=0.3639  rmse=0.1896
[13:22:25]   Epoch 054 [2200/2849]  reg=-0.9642  cls=0.3559  rmse=0.1894
[13:22:25]   Epoch 054 [2250/2849]  reg=-0.9447  cls=0.3668  rmse=0.1892
[13:22:26]   Epoch 054 [2300/2849]  reg=-0.9520  cls=0.3460  rmse=0.1890
[13:22:26]   Epoch 054 [2350/2849]  reg=-0.9515  cls=0.3257  rmse=0.1888
[13:22:27]   Epoch 054 [2400/2849]  reg=-0.9586  cls=0.3444  rmse=0.1890
[13:22:28]   Epoch 054 [2450/2849]  reg=-0.9538  cls=0.2930  rmse=0.1888
[13:22:28]   Epoch 054 [2500/2849]  reg=-0.9659  cls=0.3242  rmse=0.1886
[13:22:29]   Epoch 054 [2550/2849]  reg=-0.9563  cls=0.3371  rmse=0.1887
[13:22:29]   Epoch 054 [2600/2849]  reg=-0.9617  cls=0.3468  rmse=0.1885
[13:22:30]   Epoch 054 [2650/2849]  reg=-0.9658  cls=0.3339  rmse=0.1884
[13:22:31]   Epoch 054 [2700/2849]  reg=19.8699  cls=0.3209  rmse=0.1900
[13:22:31]   Epoch 054 [2750/2849]  reg=-0.9593  cls=0.3215  rmse=0.1900
[13:22:32]   Epoch 054 [2800/2849]  reg=-0.9698  cls=0.3348  rmse=0.1899
[13:22:44] Epoch 054/100  lr=5.21e-05  train[reg=-0.9256 cls=0.3342 rmse=0.1899]  val[rmse=0.1834 cls=0.6091 xyz=(0.135,0.121,0.027) acc=0.923]  (55.5s)
[13:22:45]   ckpt 저장: out_classifier2\checkpoints\best.pth
[13:22:54]   Epoch 055 [  50/2849]  reg=-0.9594  cls=0.3655  rmse=0.1827
[13:22:55]   Epoch 055 [ 100/2849]  reg=-0.9466  cls=0.3248  rmse=0.1838
[13:22:56]   Epoch 055 [ 150/2849]  reg=-0.9586  cls=0.3426  rmse=0.1820
[13:22:56]   Epoch 055 [ 200/2849]  reg=-0.9371  cls=0.3098  rmse=0.1865
[13:22:57]   Epoch 055 [ 250/2849]  reg=-0.9614  cls=0.3395  rmse=0.1852
[13:22:57]   Epoch 055 [ 300/2849]  reg=-0.9641  cls=0.3183  rmse=0.1838
[13:22:58]   Epoch 055 [ 350/2849]  reg=-0.9619  cls=0.3246  rmse=0.1834
[13:22:59]   Epoch 055 [ 400/2849]  reg=-0.9686  cls=0.2929  rmse=0.1829
[13:22:59]   Epoch 055 [ 450/2849]  reg=-0.9675  cls=0.3104  rmse=0.1822
[13:23:00]   Epoch 055 [ 500/2849]  reg=-0.9688  cls=0.3658  rmse=0.1820
[13:23:00]   Epoch 055 [ 550/2849]  reg=-0.9585  cls=0.3195  rmse=0.1819
[13:23:01]   Epoch 055 [ 600/2849]  reg=-0.9630  cls=0.3285  rmse=0.1819
[13:23:01]   Epoch 055 [ 650/2849]  reg=-0.9650  cls=0.3293  rmse=0.1816
[13:23:02]   Epoch 055 [ 700/2849]  reg=-0.9404  cls=0.3479  rmse=0.1832
[13:23:03]   Epoch 055 [ 750/2849]  reg=-0.9384  cls=0.3196  rmse=0.1848
[13:23:03]   Epoch 055 [ 800/2849]  reg=-0.9632  cls=0.3072  rmse=0.1843
[13:23:04]   Epoch 055 [ 850/2849]  reg=-0.9614  cls=0.3414  rmse=0.1849
[13:23:04]   Epoch 055 [ 900/2849]  reg=-0.9472  cls=0.3210  rmse=0.1853
[13:23:05]   Epoch 055 [ 950/2849]  reg=-0.9729  cls=0.3035  rmse=0.1849
[13:23:05]   Epoch 055 [1000/2849]  reg=-0.9583  cls=0.3179  rmse=0.1848
[13:23:06]   Epoch 055 [1050/2849]  reg=-0.0732  cls=0.3542  rmse=0.1859
[13:23:07]   Epoch 055 [1100/2849]  reg=-0.9632  cls=0.3808  rmse=0.1857
[13:23:07]   Epoch 055 [1150/2849]  reg=-0.9468  cls=0.3358  rmse=0.1888
[13:23:08]   Epoch 055 [1200/2849]  reg=-0.9658  cls=0.3358  rmse=0.1885
[13:23:08]   Epoch 055 [1250/2849]  reg=-0.9529  cls=0.3790  rmse=0.1883
[13:23:09]   Epoch 055 [1300/2849]  reg=-0.9628  cls=0.2952  rmse=0.1879
[13:23:10]   Epoch 055 [1350/2849]  reg=-0.9560  cls=0.3219  rmse=0.1876
[13:23:10]   Epoch 055 [1400/2849]  reg=-0.9707  cls=0.3123  rmse=0.1873
[13:23:11]   Epoch 055 [1450/2849]  reg=-0.9595  cls=0.3199  rmse=0.1872
[13:23:11]   Epoch 055 [1500/2849]  reg=-0.9676  cls=0.3238  rmse=0.1870
[13:23:12]   Epoch 055 [1550/2849]  reg=-0.9595  cls=0.3409  rmse=0.1869
[13:23:12]   Epoch 055 [1600/2849]  reg=-0.9503  cls=0.3198  rmse=0.1871
[13:23:13]   Epoch 055 [1650/2849]  reg=-0.9532  cls=0.3193  rmse=0.1873
[13:23:14]   Epoch 055 [1700/2849]  reg=-0.9614  cls=0.3169  rmse=0.1873
[13:23:14]   Epoch 055 [1750/2849]  reg=-0.9506  cls=0.3107  rmse=0.1894
[13:23:15]   Epoch 055 [1800/2849]  reg=-0.9693  cls=0.3466  rmse=0.1911
[13:23:15]   Epoch 055 [1850/2849]  reg=-0.9650  cls=0.3526  rmse=0.1907
[13:23:16]   Epoch 055 [1900/2849]  reg=-0.9581  cls=0.3483  rmse=0.1928
[13:23:16]   Epoch 055 [1950/2849]  reg=-0.9522  cls=0.3797  rmse=0.1925
[13:23:17]   Epoch 055 [2000/2849]  reg=-0.9691  cls=0.3519  rmse=0.1923
[13:23:18]   Epoch 055 [2050/2849]  reg=-0.9522  cls=0.3197  rmse=0.1920
[13:23:18]   Epoch 055 [2100/2849]  reg=-0.9542  cls=0.3408  rmse=0.1918
[13:23:19]   Epoch 055 [2150/2849]  reg=-0.9637  cls=0.3620  rmse=0.1915
[13:23:19]   Epoch 055 [2200/2849]  reg=-0.9547  cls=0.3525  rmse=0.1913
[13:23:20]   Epoch 055 [2250/2849]  reg=-0.9670  cls=0.2968  rmse=0.1911
[13:23:21]   Epoch 055 [2300/2849]  reg=-0.9642  cls=0.3931  rmse=0.1908
[13:23:21]   Epoch 055 [2350/2849]  reg=-0.9648  cls=0.3918  rmse=0.1906
[13:23:22]   Epoch 055 [2400/2849]  reg=-0.9501  cls=0.3223  rmse=0.1913
[13:23:23]   Epoch 055 [2450/2849]  reg=-0.9568  cls=0.3302  rmse=0.1910
[13:23:23]   Epoch 055 [2500/2849]  reg=-0.9638  cls=0.3130  rmse=0.1907
[13:23:24]   Epoch 055 [2550/2849]  reg=-0.9495  cls=0.3261  rmse=0.1905
[13:23:24]   Epoch 055 [2600/2849]  reg=-0.9316  cls=0.3465  rmse=0.1905
[13:23:25]   Epoch 055 [2650/2849]  reg=-0.9567  cls=0.3373  rmse=0.1903
[13:23:26]   Epoch 055 [2700/2849]  reg=-0.9684  cls=0.3334  rmse=0.1901
[13:23:26]   Epoch 055 [2750/2849]  reg=-0.9659  cls=0.3640  rmse=0.1898
[13:23:27]   Epoch 055 [2800/2849]  reg=-0.9640  cls=0.3250  rmse=0.1896
[13:23:40] Epoch 055/100  lr=5.05e-05  train[reg=-0.9258 cls=0.3337 rmse=0.1894]  val[rmse=0.1860 cls=0.6193 xyz=(0.139,0.121,0.027) acc=0.921]  (55.4s)
[13:23:50]   Epoch 056 [  50/2849]  reg=-0.9592  cls=0.3220  rmse=0.1799
[13:23:51]   Epoch 056 [ 100/2849]  reg=-0.9476  cls=0.3794  rmse=0.1799
[13:23:51]   Epoch 056 [ 150/2849]  reg=-0.9399  cls=0.3262  rmse=0.1806
[13:23:52]   Epoch 056 [ 200/2849]  reg=-0.9585  cls=0.3743  rmse=0.1801
[13:23:52]   Epoch 056 [ 250/2849]  reg=-0.9591  cls=0.3169  rmse=0.1806
[13:23:53]   Epoch 056 [ 300/2849]  reg=-0.9657  cls=0.4109  rmse=0.1927
[13:23:54]   Epoch 056 [ 350/2849]  reg=-0.9533  cls=0.3526  rmse=0.1927
[13:23:54]   Epoch 056 [ 400/2849]  reg=-0.9610  cls=0.3169  rmse=0.1911
[13:23:55]   Epoch 056 [ 450/2849]  reg=-0.9523  cls=0.3600  rmse=0.1912
[13:23:55]   Epoch 056 [ 500/2849]  reg=-0.9498  cls=0.3287  rmse=0.1902
[13:23:56]   Epoch 056 [ 550/2849]  reg=-0.9564  cls=0.3255  rmse=0.1892
[13:23:57]   Epoch 056 [ 600/2849]  reg=-0.9653  cls=0.3313  rmse=0.1885
[13:23:57]   Epoch 056 [ 650/2849]  reg=-0.9616  cls=0.3794  rmse=0.1888
[13:23:58]   Epoch 056 [ 700/2849]  reg=-0.9667  cls=0.3569  rmse=0.1884
[13:23:58]   Epoch 056 [ 750/2849]  reg=-0.9642  cls=0.3002  rmse=0.1888
[13:23:59]   Epoch 056 [ 800/2849]  reg=-0.9699  cls=0.3311  rmse=0.1881
[13:24:00]   Epoch 056 [ 850/2849]  reg=-0.9627  cls=0.3561  rmse=0.1873
[13:24:00]   Epoch 056 [ 900/2849]  reg=-0.9646  cls=0.3110  rmse=0.1869
[13:24:01]   Epoch 056 [ 950/2849]  reg=-0.9666  cls=0.3235  rmse=0.1864
[13:24:01]   Epoch 056 [1000/2849]  reg=-0.9655  cls=0.3623  rmse=0.1860
[13:24:02]   Epoch 056 [1050/2849]  reg=-0.9617  cls=0.2964  rmse=0.1863
[13:24:02]   Epoch 056 [1100/2849]  reg=-0.9627  cls=0.3092  rmse=0.1864
[13:24:03]   Epoch 056 [1150/2849]  reg=-0.9678  cls=0.3155  rmse=0.1860
[13:24:04]   Epoch 056 [1200/2849]  reg=-0.9056  cls=0.3420  rmse=0.1858
[13:24:04]   Epoch 056 [1250/2849]  reg=-0.9694  cls=0.3062  rmse=0.1855
[13:24:05]   Epoch 056 [1300/2849]  reg=-0.9653  cls=0.3367  rmse=0.1889
[13:24:05]   Epoch 056 [1350/2849]  reg=-0.9638  cls=0.3496  rmse=0.1885
[13:24:06]   Epoch 056 [1400/2849]  reg=-0.9635  cls=0.3129  rmse=0.1882
[13:24:06]   Epoch 056 [1450/2849]  reg=-0.9601  cls=0.3929  rmse=0.1881
[13:24:07]   Epoch 056 [1500/2849]  reg=-0.9585  cls=0.3339  rmse=0.1878
[13:24:07]   Epoch 056 [1550/2849]  reg=-0.9674  cls=0.3239  rmse=0.1874
[13:24:08]   Epoch 056 [1600/2849]  reg=-0.9562  cls=0.3112  rmse=0.1877
[13:24:09]   Epoch 056 [1650/2849]  reg=-0.9481  cls=0.3737  rmse=0.1875
[13:24:09]   Epoch 056 [1700/2849]  reg=-0.9695  cls=0.3312  rmse=0.1872
[13:24:10]   Epoch 056 [1750/2849]  reg=-0.9645  cls=0.3225  rmse=0.1869
[13:24:10]   Epoch 056 [1800/2849]  reg=-0.9637  cls=0.3180  rmse=0.1892
[13:24:11]   Epoch 056 [1850/2849]  reg=-0.9682  cls=0.3076  rmse=0.1893
[13:24:11]   Epoch 056 [1900/2849]  reg=-0.9659  cls=0.3556  rmse=0.1890
[13:24:12]   Epoch 056 [1950/2849]  reg=-0.9652  cls=0.3261  rmse=0.1887
[13:24:12]   Epoch 056 [2000/2849]  reg=-0.9612  cls=0.3178  rmse=0.1885
[13:24:13]   Epoch 056 [2050/2849]  reg=-0.9607  cls=0.3219  rmse=0.1882
[13:24:13]   Epoch 056 [2100/2849]  reg=-0.9617  cls=0.3270  rmse=0.1882
[13:24:14]   Epoch 056 [2150/2849]  reg=-0.9631  cls=0.3277  rmse=0.1884
[13:24:15]   Epoch 056 [2200/2849]  reg=-0.9571  cls=0.3127  rmse=0.1899
[13:24:15]   Epoch 056 [2250/2849]  reg=-0.9591  cls=0.3497  rmse=0.1902
[13:24:16]   Epoch 056 [2300/2849]  reg=-0.9518  cls=0.3544  rmse=0.1903
[13:24:16]   Epoch 056 [2350/2849]  reg=-0.9530  cls=0.3100  rmse=0.1900
[13:24:17]   Epoch 056 [2400/2849]  reg=-0.9656  cls=0.2914  rmse=0.1899
[13:24:17]   Epoch 056 [2450/2849]  reg=-0.9659  cls=0.3251  rmse=0.1898
[13:24:18]   Epoch 056 [2500/2849]  reg=-0.9637  cls=0.3076  rmse=0.1896
[13:24:18]   Epoch 056 [2550/2849]  reg=-0.9653  cls=0.3403  rmse=0.1893
[13:24:19]   Epoch 056 [2600/2849]  reg=-0.9591  cls=0.2938  rmse=0.1891
[13:24:20]   Epoch 056 [2650/2849]  reg=-0.9568  cls=0.3388  rmse=0.1891
[13:24:20]   Epoch 056 [2700/2849]  reg=-0.9640  cls=0.3568  rmse=0.1889
[13:24:21]   Epoch 056 [2750/2849]  reg=-0.9682  cls=0.3284  rmse=0.1889
[13:24:21]   Epoch 056 [2800/2849]  reg=-0.9599  cls=0.3685  rmse=0.1887
[13:24:33] Epoch 056/100  lr=4.89e-05  train[reg=-0.9262 cls=0.3334 rmse=0.1886]  val[rmse=0.1827 cls=0.6147 xyz=(0.134,0.121,0.027) acc=0.919]  (52.9s)
[13:24:33]   ckpt 저장: out_classifier2\checkpoints\best.pth
[13:24:43]   Epoch 057 [  50/2849]  reg=-0.9607  cls=0.3623  rmse=0.1786
[13:24:43]   Epoch 057 [ 100/2849]  reg=-0.9656  cls=0.3345  rmse=0.1823
[13:24:44]   Epoch 057 [ 150/2849]  reg=-0.9658  cls=0.3446  rmse=0.2057
[13:24:45]   Epoch 057 [ 200/2849]  reg=-0.9639  cls=0.3119  rmse=0.1992
[13:24:45]   Epoch 057 [ 250/2849]  reg=-0.9629  cls=0.3193  rmse=0.1977
[13:24:46]   Epoch 057 [ 300/2849]  reg=-0.9622  cls=0.3323  rmse=0.1969
[13:24:46]   Epoch 057 [ 350/2849]  reg=-0.9569  cls=0.3765  rmse=0.1943
[13:24:47]   Epoch 057 [ 400/2849]  reg=-0.9685  cls=0.3068  rmse=0.1928
[13:24:47]   Epoch 057 [ 450/2849]  reg=-0.9713  cls=0.3723  rmse=0.1927
[13:24:48]   Epoch 057 [ 500/2849]  reg=-0.9667  cls=0.3395  rmse=0.1926
[13:24:49]   Epoch 057 [ 550/2849]  reg=-0.9552  cls=0.3223  rmse=0.1914
[13:24:49]   Epoch 057 [ 600/2849]  reg=-0.9661  cls=0.3321  rmse=0.1902
[13:24:50]   Epoch 057 [ 650/2849]  reg=-0.9661  cls=0.3072  rmse=0.1895
[13:24:50]   Epoch 057 [ 700/2849]  reg=-0.9487  cls=0.3929  rmse=0.1896
[13:24:51]   Epoch 057 [ 750/2849]  reg=-0.9566  cls=0.3774  rmse=0.1888
[13:24:52]   Epoch 057 [ 800/2849]  reg=-0.9597  cls=0.3369  rmse=0.1882
[13:24:52]   Epoch 057 [ 850/2849]  reg=-0.9620  cls=0.3513  rmse=0.1875
[13:24:53]   Epoch 057 [ 900/2849]  reg=-0.9602  cls=0.3310  rmse=0.1871
[13:24:53]   Epoch 057 [ 950/2849]  reg=-0.9675  cls=0.3341  rmse=0.1864
[13:24:54]   Epoch 057 [1000/2849]  reg=-0.9625  cls=0.3115  rmse=0.1859
[13:24:54]   Epoch 057 [1050/2849]  reg=-0.9674  cls=0.3308  rmse=0.1862
[13:24:55]   Epoch 057 [1100/2849]  reg=-0.9558  cls=0.3471  rmse=0.1860
[13:24:56]   Epoch 057 [1150/2849]  reg=-0.9583  cls=0.3692  rmse=0.1855
[13:24:56]   Epoch 057 [1200/2849]  reg=-0.9642  cls=0.3122  rmse=0.1858
[13:24:57]   Epoch 057 [1250/2849]  reg=-0.9618  cls=0.3119  rmse=0.1856
[13:24:57]   Epoch 057 [1300/2849]  reg=-0.9588  cls=0.3212  rmse=0.1857
[13:24:58]   Epoch 057 [1350/2849]  reg=-0.9550  cls=0.3285  rmse=0.1856
[13:24:58]   Epoch 057 [1400/2849]  reg=-0.9597  cls=0.3298  rmse=0.1853
[13:24:59]   Epoch 057 [1450/2849]  reg=-0.9665  cls=0.3177  rmse=0.1851
[13:25:00]   Epoch 057 [1500/2849]  reg=-0.9395  cls=0.3085  rmse=0.1854
[13:25:00]   Epoch 057 [1550/2849]  reg=-0.9617  cls=0.3036  rmse=0.1856
[13:25:01]   Epoch 057 [1600/2849]  reg=-0.9561  cls=0.3505  rmse=0.1853
[13:25:01]   Epoch 057 [1650/2849]  reg=-0.9602  cls=0.3098  rmse=0.1850
[13:25:02]   Epoch 057 [1700/2849]  reg=-0.9628  cls=0.3211  rmse=0.1849
[13:25:02]   Epoch 057 [1750/2849]  reg=-0.9686  cls=0.3080  rmse=0.1847
[13:25:03]   Epoch 057 [1800/2849]  reg=-0.9601  cls=0.3224  rmse=0.1845
[13:25:04]   Epoch 057 [1850/2849]  reg=-0.9705  cls=0.3261  rmse=0.1842
[13:25:04]   Epoch 057 [1900/2849]  reg=-0.9599  cls=0.3214  rmse=0.1841
[13:25:05]   Epoch 057 [1950/2849]  reg=-0.9646  cls=0.3499  rmse=0.1863
[13:25:05]   Epoch 057 [2000/2849]  reg=-0.9617  cls=0.3428  rmse=0.1862
[13:25:06]   Epoch 057 [2050/2849]  reg=-0.9641  cls=0.3098  rmse=0.1899
[13:25:07]   Epoch 057 [2100/2849]  reg=-0.9625  cls=0.3182  rmse=0.1896
[13:25:07]   Epoch 057 [2150/2849]  reg=-0.9433  cls=0.3438  rmse=0.1894
[13:25:08]   Epoch 057 [2200/2849]  reg=-0.9611  cls=0.3694  rmse=0.1892
[13:25:08]   Epoch 057 [2250/2849]  reg=-0.9682  cls=0.2951  rmse=0.1892
[13:25:09]   Epoch 057 [2300/2849]  reg=-0.9662  cls=0.3181  rmse=0.1889
[13:25:10]   Epoch 057 [2350/2849]  reg=-0.9545  cls=0.3064  rmse=0.1886
[13:25:10]   Epoch 057 [2400/2849]  reg=-0.9614  cls=0.3409  rmse=0.1884
[13:25:11]   Epoch 057 [2450/2849]  reg=-0.9675  cls=0.2900  rmse=0.1884
[13:25:11]   Epoch 057 [2500/2849]  reg=-0.9620  cls=0.3292  rmse=0.1885
[13:25:12]   Epoch 057 [2550/2849]  reg=-0.9621  cls=0.3253  rmse=0.1888
[13:25:12]   Epoch 057 [2600/2849]  reg=-0.9657  cls=0.3732  rmse=0.1889
[13:25:13]   Epoch 057 [2650/2849]  reg=-0.9524  cls=0.3017  rmse=0.1887
[13:25:14]   Epoch 057 [2700/2849]  reg=-0.9621  cls=0.3602  rmse=0.1885
[13:25:14]   Epoch 057 [2750/2849]  reg=-0.9492  cls=0.3515  rmse=0.1884
[13:25:15]   Epoch 057 [2800/2849]  reg=-0.9677  cls=0.3158  rmse=0.1883
[13:25:27] Epoch 057/100  lr=4.74e-05  train[reg=-0.9264 cls=0.3330 rmse=0.1882]  val[rmse=0.1830 cls=0.6217 xyz=(0.136,0.120,0.027) acc=0.920]  (54.2s)
[13:25:37]   Epoch 058 [  50/2849]  reg=-0.9695  cls=0.3071  rmse=0.1901
[13:25:37]   Epoch 058 [ 100/2849]  reg=-0.9647  cls=0.3473  rmse=0.1847
[13:25:38]   Epoch 058 [ 150/2849]  reg=-0.9659  cls=0.3607  rmse=0.1867
[13:25:39]   Epoch 058 [ 200/2849]  reg=-0.9708  cls=0.3197  rmse=0.1848
[13:25:39]   Epoch 058 [ 250/2849]  reg=-0.9616  cls=0.3409  rmse=0.1862
[13:25:40]   Epoch 058 [ 300/2849]  reg=-0.9561  cls=0.3381  rmse=0.1874
[13:25:40]   Epoch 058 [ 350/2849]  reg=-0.2573  cls=0.3704  rmse=0.1882
[13:25:41]   Epoch 058 [ 400/2849]  reg=-0.9690  cls=0.3264  rmse=0.1969
[13:25:42]   Epoch 058 [ 450/2849]  reg=-0.9604  cls=0.3271  rmse=0.1948
[13:25:42]   Epoch 058 [ 500/2849]  reg=-0.9639  cls=0.2930  rmse=0.1945
[13:25:43]   Epoch 058 [ 550/2849]  reg=-0.9600  cls=0.3140  rmse=0.1934
[13:25:43]   Epoch 058 [ 600/2849]  reg=-0.9607  cls=0.3224  rmse=0.1923
[13:25:44]   Epoch 058 [ 650/2849]  reg=-0.9558  cls=0.3278  rmse=0.1924
[13:25:45]   Epoch 058 [ 700/2849]  reg=-0.9545  cls=0.3020  rmse=0.1916
[13:25:45]   Epoch 058 [ 750/2849]  reg=-0.9664  cls=0.3072  rmse=0.1915
[13:25:46]   Epoch 058 [ 800/2849]  reg=-0.9631  cls=0.3379  rmse=0.1906
[13:25:46]   Epoch 058 [ 850/2849]  reg=-0.9590  cls=0.2988  rmse=0.1897
[13:25:47]   Epoch 058 [ 900/2849]  reg=-0.9493  cls=0.3689  rmse=0.1892
[13:25:47]   Epoch 058 [ 950/2849]  reg=-0.9651  cls=0.3500  rmse=0.1886
[13:25:48]   Epoch 058 [1000/2849]  reg=-0.9533  cls=0.3265  rmse=0.1882
[13:25:49]   Epoch 058 [1050/2849]  reg=-0.9395  cls=0.3599  rmse=0.1876
[13:25:49]   Epoch 058 [1100/2849]  reg=-0.9630  cls=0.3584  rmse=0.1872
[13:25:50]   Epoch 058 [1150/2849]  reg=-0.9580  cls=0.3850  rmse=0.1874
[13:25:50]   Epoch 058 [1200/2849]  reg=-0.9607  cls=0.3326  rmse=0.1871
[13:25:51]   Epoch 058 [1250/2849]  reg=-0.9582  cls=0.3214  rmse=0.1868
[13:25:51]   Epoch 058 [1300/2849]  reg=-0.9646  cls=0.3080  rmse=0.1870
[13:25:52]   Epoch 058 [1350/2849]  reg=-0.9645  cls=0.3215  rmse=0.1871
[13:25:52]   Epoch 058 [1400/2849]  reg=-0.9566  cls=0.3369  rmse=0.1867
[13:25:53]   Epoch 058 [1450/2849]  reg=-0.9504  cls=0.2917  rmse=0.1864
[13:25:54]   Epoch 058 [1500/2849]  reg=-0.9589  cls=0.3292  rmse=0.1862
[13:25:54]   Epoch 058 [1550/2849]  reg=-0.9596  cls=0.3342  rmse=0.1859
[13:25:55]   Epoch 058 [1600/2849]  reg=-0.9627  cls=0.3872  rmse=0.1856
[13:25:55]   Epoch 058 [1650/2849]  reg=-0.9639  cls=0.3231  rmse=0.1853
[13:25:56]   Epoch 058 [1700/2849]  reg=-0.9640  cls=0.3242  rmse=0.1874
[13:25:56]   Epoch 058 [1750/2849]  reg=-0.9692  cls=0.3231  rmse=0.1871
[13:25:57]   Epoch 058 [1800/2849]  reg=-0.9543  cls=0.3539  rmse=0.1872
[13:25:58]   Epoch 058 [1850/2849]  reg=-0.9601  cls=0.3059  rmse=0.1870
[13:25:58]   Epoch 058 [1900/2849]  reg=-0.9662  cls=0.3051  rmse=0.1866
[13:25:59]   Epoch 058 [1950/2849]  reg=-0.9618  cls=0.3449  rmse=0.1884
[13:25:59]   Epoch 058 [2000/2849]  reg=-0.9591  cls=0.3259  rmse=0.1886
[13:26:00]   Epoch 058 [2050/2849]  reg=-0.9642  cls=0.3220  rmse=0.1883
[13:26:01]   Epoch 058 [2100/2849]  reg=-0.9585  cls=0.3240  rmse=0.1880
[13:26:01]   Epoch 058 [2150/2849]  reg=-0.9670  cls=0.3149  rmse=0.1878
[13:26:02]   Epoch 058 [2200/2849]  reg=-0.9541  cls=0.3540  rmse=0.1876
[13:26:03]   Epoch 058 [2250/2849]  reg=-0.9475  cls=0.3335  rmse=0.1873
[13:26:03]   Epoch 058 [2300/2849]  reg=-0.9581  cls=0.3274  rmse=0.1871
[13:26:04]   Epoch 058 [2350/2849]  reg=-0.9536  cls=0.3345  rmse=0.1872
[13:26:04]   Epoch 058 [2400/2849]  reg=-0.9622  cls=0.3133  rmse=0.1870
[13:26:05]   Epoch 058 [2450/2849]  reg=-0.9725  cls=0.3546  rmse=0.1868
[13:26:06]   Epoch 058 [2500/2849]  reg=-0.2920  cls=0.2977  rmse=0.1871
[13:26:06]   Epoch 058 [2550/2849]  reg=-0.9650  cls=0.3532  rmse=0.1869
[13:26:07]   Epoch 058 [2600/2849]  reg=-0.9513  cls=0.3259  rmse=0.1868
[13:26:07]   Epoch 058 [2650/2849]  reg=-0.9637  cls=0.3246  rmse=0.1868
[13:26:08]   Epoch 058 [2700/2849]  reg=-0.9626  cls=0.3631  rmse=0.1882
[13:26:09]   Epoch 058 [2750/2849]  reg=-0.9529  cls=0.3104  rmse=0.1882
[13:26:09]   Epoch 058 [2800/2849]  reg=-0.9620  cls=0.2997  rmse=0.1880
[13:26:22] Epoch 058/100  lr=4.58e-05  train[reg=-0.9267 cls=0.3327 rmse=0.1879]  val[rmse=0.1824 cls=0.6220 xyz=(0.134,0.120,0.027) acc=0.918]  (54.9s)
[13:26:22]   ckpt 저장: out_classifier2\checkpoints\best.pth
[13:26:32]   Epoch 059 [  50/2849]  reg=-0.9511  cls=0.3376  rmse=0.1929
[13:26:32]   Epoch 059 [ 100/2849]  reg=-0.9602  cls=0.3091  rmse=0.1864
[13:26:33]   Epoch 059 [ 150/2849]  reg=-0.9655  cls=0.3161  rmse=0.1914
[13:26:34]   Epoch 059 [ 200/2849]  reg=-0.9715  cls=0.3314  rmse=0.1899
[13:26:34]   Epoch 059 [ 250/2849]  reg=-0.9605  cls=0.3317  rmse=0.1891
[13:26:35]   Epoch 059 [ 300/2849]  reg=-0.9541  cls=0.3009  rmse=0.1896
[13:26:35]   Epoch 059 [ 350/2849]  reg=-0.9400  cls=0.3575  rmse=0.1885
[13:26:36]   Epoch 059 [ 400/2849]  reg=-0.9525  cls=0.3124  rmse=0.1871
[13:26:36]   Epoch 059 [ 450/2849]  reg=-0.9574  cls=0.3489  rmse=0.1878
[13:26:37]   Epoch 059 [ 500/2849]  reg=-0.9603  cls=0.3229  rmse=0.1866
[13:26:37]   Epoch 059 [ 550/2849]  reg=-0.9620  cls=0.3400  rmse=0.1929
[13:26:38]   Epoch 059 [ 600/2849]  reg=-0.9636  cls=0.3105  rmse=0.1919
[13:26:38]   Epoch 059 [ 650/2849]  reg=-0.9616  cls=0.3686  rmse=0.1918
[13:26:39]   Epoch 059 [ 700/2849]  reg=-0.9475  cls=0.3489  rmse=0.1910
[13:26:39]   Epoch 059 [ 750/2849]  reg=-0.9619  cls=0.3620  rmse=0.1910
[13:26:40]   Epoch 059 [ 800/2849]  reg=-0.9530  cls=0.3142  rmse=0.1900
[13:26:41]   Epoch 059 [ 850/2849]  reg=-0.9523  cls=0.3111  rmse=0.1895
[13:26:41]   Epoch 059 [ 900/2849]  reg=-0.9526  cls=0.3502  rmse=0.1889
[13:26:42]   Epoch 059 [ 950/2849]  reg=-0.9617  cls=0.2958  rmse=0.1892
[13:26:43]   Epoch 059 [1000/2849]  reg=-0.9485  cls=0.3564  rmse=0.1884
[13:26:43]   Epoch 059 [1050/2849]  reg=-0.9576  cls=0.3559  rmse=0.1879
[13:26:44]   Epoch 059 [1100/2849]  reg=-0.9528  cls=0.4044  rmse=0.1881
[13:26:44]   Epoch 059 [1150/2849]  reg=-0.9601  cls=0.2898  rmse=0.1916
[13:26:45]   Epoch 059 [1200/2849]  reg=-0.9554  cls=0.3014  rmse=0.1909
[13:26:46]   Epoch 059 [1250/2849]  reg=-0.9638  cls=0.3543  rmse=0.1905
[13:26:46]   Epoch 059 [1300/2849]  reg=-0.9643  cls=0.3085  rmse=0.1900
[13:26:47]   Epoch 059 [1350/2849]  reg=-0.9603  cls=0.3144  rmse=0.1899
[13:26:47]   Epoch 059 [1400/2849]  reg=-0.9588  cls=0.3114  rmse=0.1899
[13:26:48]   Epoch 059 [1450/2849]  reg=-0.9656  cls=0.3166  rmse=0.1894
[13:26:48]   Epoch 059 [1500/2849]  reg=-0.9584  cls=0.3016  rmse=0.1895
[13:26:49]   Epoch 059 [1550/2849]  reg=-0.9480  cls=0.3587  rmse=0.1892
[13:26:49]   Epoch 059 [1600/2849]  reg=-0.9647  cls=0.3244  rmse=0.1888
[13:26:50]   Epoch 059 [1650/2849]  reg=-0.9562  cls=0.3160  rmse=0.1884
[13:26:50]   Epoch 059 [1700/2849]  reg=-0.9580  cls=0.2957  rmse=0.1881
[13:26:51]   Epoch 059 [1750/2849]  reg=-0.9605  cls=0.3531  rmse=0.1878
[13:26:51]   Epoch 059 [1800/2849]  reg=-0.9649  cls=0.3666  rmse=0.1879
[13:26:52]   Epoch 059 [1850/2849]  reg=-0.9449  cls=0.3081  rmse=0.1877
[13:26:53]   Epoch 059 [1900/2849]  reg=-0.9438  cls=0.3102  rmse=0.1877
[13:26:53]   Epoch 059 [1950/2849]  reg=-0.9556  cls=0.3314  rmse=0.1874
[13:26:54]   Epoch 059 [2000/2849]  reg=-0.9656  cls=0.3430  rmse=0.1872
[13:26:54]   Epoch 059 [2050/2849]  reg=-0.9618  cls=0.3508  rmse=0.1870
[13:26:55]   Epoch 059 [2100/2849]  reg=-0.9604  cls=0.3396  rmse=0.1868
[13:26:55]   Epoch 059 [2150/2849]  reg=-0.9544  cls=0.3345  rmse=0.1865
[13:26:56]   Epoch 059 [2200/2849]  reg=-0.9377  cls=0.3280  rmse=0.1863
[13:26:56]   Epoch 059 [2250/2849]  reg=-0.9557  cls=0.3117  rmse=0.1861
[13:26:57]   Epoch 059 [2300/2849]  reg=-0.9581  cls=0.3187  rmse=0.1878
[13:26:58]   Epoch 059 [2350/2849]  reg=-0.9644  cls=0.3236  rmse=0.1875
[13:26:58]   Epoch 059 [2400/2849]  reg=-0.9607  cls=0.3256  rmse=0.1872
[13:26:59]   Epoch 059 [2450/2849]  reg=-0.9642  cls=0.3119  rmse=0.1870
[13:26:59]   Epoch 059 [2500/2849]  reg=-0.9569  cls=0.3460  rmse=0.1869
[13:27:00]   Epoch 059 [2550/2849]  reg=-0.9649  cls=0.3129  rmse=0.1867
[13:27:00]   Epoch 059 [2600/2849]  reg=-0.9520  cls=0.3278  rmse=0.1866
[13:27:01]   Epoch 059 [2650/2849]  reg=-0.9678  cls=0.3197  rmse=0.1864
[13:27:02]   Epoch 059 [2700/2849]  reg=-0.9394  cls=0.3091  rmse=0.1865
[13:27:02]   Epoch 059 [2750/2849]  reg=-0.9484  cls=0.3449  rmse=0.1877
[13:27:03]   Epoch 059 [2800/2849]  reg=-0.9649  cls=0.3137  rmse=0.1876
[13:27:15] Epoch 059/100  lr=4.43e-05  train[reg=-0.9269 cls=0.3320 rmse=0.1873]  val[rmse=0.1817 cls=0.6036 xyz=(0.134,0.120,0.027) acc=0.924]  (53.3s)
[13:27:15]   ckpt 저장: out_classifier2\checkpoints\best.pth
[13:27:25]   Epoch 060 [  50/2849]  reg=-0.9589  cls=0.3179  rmse=0.1792
[13:27:26]   Epoch 060 [ 100/2849]  reg=-0.9647  cls=0.3283  rmse=0.1788
[13:27:26]   Epoch 060 [ 150/2849]  reg=-0.9591  cls=0.3316  rmse=0.1781
[13:27:27]   Epoch 060 [ 200/2849]  reg=-0.9547  cls=0.3509  rmse=0.1771
[13:27:28]   Epoch 060 [ 250/2849]  reg=-0.9677  cls=0.3104  rmse=0.1954
[13:27:28]   Epoch 060 [ 300/2849]  reg=-0.9611  cls=0.3579  rmse=0.2053
[13:27:29]   Epoch 060 [ 350/2849]  reg=-0.9683  cls=0.3005  rmse=0.2030
[13:27:29]   Epoch 060 [ 400/2849]  reg=-0.9481  cls=0.3301  rmse=0.2000
[13:27:30]   Epoch 060 [ 450/2849]  reg=-0.9665  cls=0.3638  rmse=0.1976
[13:27:31]   Epoch 060 [ 500/2849]  reg=-0.9548  cls=0.3264  rmse=0.1968
[13:27:31]   Epoch 060 [ 550/2849]  reg=-0.9586  cls=0.3376  rmse=0.1952
[13:27:32]   Epoch 060 [ 600/2849]  reg=-0.9650  cls=0.3224  rmse=0.1939
[13:27:32]   Epoch 060 [ 650/2849]  reg=-0.9512  cls=0.3191  rmse=0.1926
[13:27:33]   Epoch 060 [ 700/2849]  reg=-0.9745  cls=0.3215  rmse=0.1935
[13:27:33]   Epoch 060 [ 750/2849]  reg=-0.9503  cls=0.3536  rmse=0.1927
[13:27:34]   Epoch 060 [ 800/2849]  reg=-0.9647  cls=0.3210  rmse=0.1928
[13:27:35]   Epoch 060 [ 850/2849]  reg=-0.9648  cls=0.3125  rmse=0.1920
[13:27:35]   Epoch 060 [ 900/2849]  reg=-0.9667  cls=0.3466  rmse=0.1921
[13:27:36]   Epoch 060 [ 950/2849]  reg=-0.9596  cls=0.3054  rmse=0.1919
[13:27:36]   Epoch 060 [1000/2849]  reg=-0.9597  cls=0.3218  rmse=0.1911
[13:27:37]   Epoch 060 [1050/2849]  reg=-0.9626  cls=0.3099  rmse=0.1904
[13:27:37]   Epoch 060 [1100/2849]  reg=-0.9663  cls=0.3132  rmse=0.1899
[13:27:38]   Epoch 060 [1150/2849]  reg=-0.9629  cls=0.3228  rmse=0.1893
[13:27:39]   Epoch 060 [1200/2849]  reg=-0.9648  cls=0.3596  rmse=0.1889
[13:27:39]   Epoch 060 [1250/2849]  reg=-0.9546  cls=0.3339  rmse=0.1886
[13:27:40]   Epoch 060 [1300/2849]  reg=-0.9666  cls=0.3207  rmse=0.1882
[13:27:40]   Epoch 060 [1350/2849]  reg=-0.9601  cls=0.3215  rmse=0.1881
[13:27:41]   Epoch 060 [1400/2849]  reg=-0.9531  cls=0.3533  rmse=0.1881
[13:27:42]   Epoch 060 [1450/2849]  reg=-0.9679  cls=0.3393  rmse=0.1882
[13:27:42]   Epoch 060 [1500/2849]  reg=-0.9535  cls=0.3615  rmse=0.1880
[13:27:43]   Epoch 060 [1550/2849]  reg=-0.9601  cls=0.3298  rmse=0.1876
[13:27:43]   Epoch 060 [1600/2849]  reg=-0.9604  cls=0.2870  rmse=0.1874
[13:27:44]   Epoch 060 [1650/2849]  reg=-0.9689  cls=0.3378  rmse=0.1874
[13:27:45]   Epoch 060 [1700/2849]  reg=-0.9666  cls=0.3369  rmse=0.1871
[13:27:45]   Epoch 060 [1750/2849]  reg=-0.9570  cls=0.3295  rmse=0.1868
[13:27:46]   Epoch 060 [1800/2849]  reg=-0.9726  cls=0.3488  rmse=0.1865
[13:27:47]   Epoch 060 [1850/2849]  reg=-0.9614  cls=0.2939  rmse=0.1883
[13:27:47]   Epoch 060 [1900/2849]  reg=-0.9640  cls=0.2934  rmse=0.1881
[13:27:48]   Epoch 060 [1950/2849]  reg=-0.9670  cls=0.3603  rmse=0.1878
[13:27:48]   Epoch 060 [2000/2849]  reg=-0.9652  cls=0.3370  rmse=0.1877
[13:27:49]   Epoch 060 [2050/2849]  reg=-0.9568  cls=0.3089  rmse=0.1876
[13:27:49]   Epoch 060 [2100/2849]  reg=-0.9571  cls=0.2958  rmse=0.1877
[13:27:50]   Epoch 060 [2150/2849]  reg=-0.9593  cls=0.3668  rmse=0.1874
[13:27:51]   Epoch 060 [2200/2849]  reg=-0.9654  cls=0.3094  rmse=0.1873
[13:27:51]   Epoch 060 [2250/2849]  reg=-0.9686  cls=0.3169  rmse=0.1888
[13:27:52]   Epoch 060 [2300/2849]  reg=-0.9632  cls=0.3264  rmse=0.1888
[13:27:52]   Epoch 060 [2350/2849]  reg=-0.9597  cls=0.3481  rmse=0.1889
[13:27:53]   Epoch 060 [2400/2849]  reg=-0.9591  cls=0.3222  rmse=0.1888
[13:27:54]   Epoch 060 [2450/2849]  reg=-0.9686  cls=0.3385  rmse=0.1886
[13:27:54]   Epoch 060 [2500/2849]  reg=-0.9608  cls=0.3932  rmse=0.1884
[13:27:55]   Epoch 060 [2550/2849]  reg=-0.9675  cls=0.3072  rmse=0.1881
[13:27:55]   Epoch 060 [2600/2849]  reg=-0.9622  cls=0.3232  rmse=0.1879
[13:27:56]   Epoch 060 [2650/2849]  reg=-0.9620  cls=0.3196  rmse=0.1880
[13:27:57]   Epoch 060 [2700/2849]  reg=-0.9555  cls=0.3515  rmse=0.1880
[13:27:57]   Epoch 060 [2750/2849]  reg=-0.9519  cls=0.3489  rmse=0.1877
[13:27:58]   Epoch 060 [2800/2849]  reg=-0.9709  cls=0.3525  rmse=0.1875
[13:28:10] Epoch 060/100  lr=4.28e-05  train[reg=-0.9270 cls=0.3323 rmse=0.1873]  val[rmse=0.1821 cls=0.6053 xyz=(0.134,0.121,0.027) acc=0.921]  (55.0s)
[13:28:10]   ckpt 저장: out_classifier2\checkpoints\epoch_060.pth
[13:28:21]   Epoch 061 [  50/2849]  reg=-0.9566  cls=0.3004  rmse=0.1790
[13:28:22]   Epoch 061 [ 100/2849]  reg=-0.9560  cls=0.3381  rmse=0.1849
[13:28:22]   Epoch 061 [ 150/2849]  reg=-0.9718  cls=0.3003  rmse=0.1882
[13:28:23]   Epoch 061 [ 200/2849]  reg=-0.9655  cls=0.3753  rmse=0.1851
[13:28:23]   Epoch 061 [ 250/2849]  reg=-0.9622  cls=0.3002  rmse=0.1857
[13:28:24]   Epoch 061 [ 300/2849]  reg=-0.9507  cls=0.3241  rmse=0.1869
[13:28:24]   Epoch 061 [ 350/2849]  reg=-0.9541  cls=0.3250  rmse=0.1876
[13:28:25]   Epoch 061 [ 400/2849]  reg=-0.9644  cls=0.3523  rmse=0.1865
[13:28:25]   Epoch 061 [ 450/2849]  reg=-0.9477  cls=0.3306  rmse=0.1868
[13:28:26]   Epoch 061 [ 500/2849]  reg=-0.9656  cls=0.3500  rmse=0.1859
[13:28:26]   Epoch 061 [ 550/2849]  reg=-0.9550  cls=0.3533  rmse=0.1860
[13:28:27]   Epoch 061 [ 600/2849]  reg=-0.9649  cls=0.3018  rmse=0.1853
[13:28:28]   Epoch 061 [ 650/2849]  reg=-0.9646  cls=0.3391  rmse=0.1847
[13:28:28]   Epoch 061 [ 700/2849]  reg=-0.9660  cls=0.3373  rmse=0.1856
[13:28:29]   Epoch 061 [ 750/2849]  reg=-0.9695  cls=0.3491  rmse=0.1858
[13:28:29]   Epoch 061 [ 800/2849]  reg=-0.9540  cls=0.2977  rmse=0.1853
[13:28:30]   Epoch 061 [ 850/2849]  reg=-0.9607  cls=0.3194  rmse=0.1846
[13:28:31]   Epoch 061 [ 900/2849]  reg=-0.9563  cls=0.3131  rmse=0.1841
[13:28:31]   Epoch 061 [ 950/2849]  reg=-0.9691  cls=0.3324  rmse=0.1837
[13:28:32]   Epoch 061 [1000/2849]  reg=-0.9546  cls=0.3250  rmse=0.1835
[13:28:32]   Epoch 061 [1050/2849]  reg=-0.9572  cls=0.3140  rmse=0.1876
[13:28:33]   Epoch 061 [1100/2849]  reg=-0.9499  cls=0.3569  rmse=0.1872
[13:28:34]   Epoch 061 [1150/2849]  reg=-0.9762  cls=0.3376  rmse=0.1871
[13:28:34]   Epoch 061 [1200/2849]  reg=-0.9607  cls=0.3173  rmse=0.1871
[13:28:35]   Epoch 061 [1250/2849]  reg=-0.9622  cls=0.3493  rmse=0.1867
[13:28:35]   Epoch 061 [1300/2849]  reg=-0.9452  cls=0.3445  rmse=0.1864
[13:28:36]   Epoch 061 [1350/2849]  reg=-0.9581  cls=0.3652  rmse=0.1861
[13:28:37]   Epoch 061 [1400/2849]  reg=-0.9644  cls=0.2939  rmse=0.1859
[13:28:37]   Epoch 061 [1450/2849]  reg=-0.9634  cls=0.3606  rmse=0.1861
[13:28:38]   Epoch 061 [1500/2849]  reg=-0.9712  cls=0.3298  rmse=0.1859
[13:28:38]   Epoch 061 [1550/2849]  reg=-0.9597  cls=0.3359  rmse=0.1855
[13:28:39]   Epoch 061 [1600/2849]  reg=-0.9669  cls=0.2922  rmse=0.1853
[13:28:39]   Epoch 061 [1650/2849]  reg=-0.9597  cls=0.3472  rmse=0.1853
[13:28:40]   Epoch 061 [1700/2849]  reg=-0.9613  cls=0.3266  rmse=0.1851
[13:28:40]   Epoch 061 [1750/2849]  reg=-0.9457  cls=0.3444  rmse=0.1849
[13:28:41]   Epoch 061 [1800/2849]  reg=-0.9639  cls=0.3513  rmse=0.1848
[13:28:42]   Epoch 061 [1850/2849]  reg=-0.9608  cls=0.3136  rmse=0.1846
[13:28:42]   Epoch 061 [1900/2849]  reg=-0.9397  cls=0.3352  rmse=0.1843
[13:28:43]   Epoch 061 [1950/2849]  reg=-0.9629  cls=0.3026  rmse=0.1842
[13:28:44]   Epoch 061 [2000/2849]  reg=-0.9716  cls=0.3161  rmse=0.1860
[13:28:44]   Epoch 061 [2050/2849]  reg=-0.9689  cls=0.3140  rmse=0.1857
[13:28:45]   Epoch 061 [2100/2849]  reg=-0.9650  cls=0.3142  rmse=0.1855
[13:28:45]   Epoch 061 [2150/2849]  reg=-0.9631  cls=0.3271  rmse=0.1852
[13:28:46]   Epoch 061 [2200/2849]  reg=-0.9600  cls=0.3331  rmse=0.1850
[13:28:46]   Epoch 061 [2250/2849]  reg=-0.9640  cls=0.3840  rmse=0.1848
[13:28:47]   Epoch 061 [2300/2849]  reg=-0.9623  cls=0.3454  rmse=0.1850
[13:28:48]   Epoch 061 [2350/2849]  reg=-0.9465  cls=0.3358  rmse=0.1848
[13:28:48]   Epoch 061 [2400/2849]  reg=-0.9648  cls=0.3182  rmse=0.1846
[13:28:49]   Epoch 061 [2450/2849]  reg=-0.9623  cls=0.3303  rmse=0.1844
[13:28:49]   Epoch 061 [2500/2849]  reg=-0.9576  cls=0.3060  rmse=0.1876
[13:28:50]   Epoch 061 [2550/2849]  reg=-0.9650  cls=0.3289  rmse=0.1874
[13:28:50]   Epoch 061 [2600/2849]  reg=-0.9422  cls=0.3032  rmse=0.1873
[13:28:51]   Epoch 061 [2650/2849]  reg=-0.9562  cls=0.3374  rmse=0.1872
[13:28:51]   Epoch 061 [2700/2849]  reg=-0.9641  cls=0.2906  rmse=0.1870
[13:28:52]   Epoch 061 [2750/2849]  reg=-0.9581  cls=0.3658  rmse=0.1868
[13:28:52]   Epoch 061 [2800/2849]  reg=-0.9570  cls=0.3427  rmse=0.1869
[13:29:04] Epoch 061/100  lr=4.12e-05  train[reg=-0.9272 cls=0.3318 rmse=0.1867]  val[rmse=0.1835 cls=0.6147 xyz=(0.136,0.121,0.027) acc=0.923]  (53.8s)
[13:29:13]   Epoch 062 [  50/2849]  reg=-0.9709  cls=0.3098  rmse=0.1878
[13:29:14]   Epoch 062 [ 100/2849]  reg=-0.9548  cls=0.2991  rmse=0.1824
[13:29:14]   Epoch 062 [ 150/2849]  reg=-0.9620  cls=0.3355  rmse=0.1855
[13:29:15]   Epoch 062 [ 200/2849]  reg=-0.9654  cls=0.3053  rmse=0.1832
[13:29:15]   Epoch 062 [ 250/2849]  reg=-0.9556  cls=0.3053  rmse=0.1870
[13:29:16]   Epoch 062 [ 300/2849]  reg=-0.9574  cls=0.3255  rmse=0.1850
[13:29:16]   Epoch 062 [ 350/2849]  reg=-0.9626  cls=0.3085  rmse=0.1854
[13:29:17]   Epoch 062 [ 400/2849]  reg=-0.9677  cls=0.3450  rmse=0.1861
[13:29:17]   Epoch 062 [ 450/2849]  reg=-0.9564  cls=0.3165  rmse=0.1851
[13:29:18]   Epoch 062 [ 500/2849]  reg=-0.9644  cls=0.3268  rmse=0.1852
[13:29:18]   Epoch 062 [ 550/2849]  reg=-0.9689  cls=0.3211  rmse=0.1845
[13:29:19]   Epoch 062 [ 600/2849]  reg=-0.9707  cls=0.3302  rmse=0.1843
[13:29:19]   Epoch 062 [ 650/2849]  reg=-0.9678  cls=0.3318  rmse=0.1905
[13:29:20]   Epoch 062 [ 700/2849]  reg=-0.9660  cls=0.3730  rmse=0.1964
[13:29:21]   Epoch 062 [ 750/2849]  reg=-0.9628  cls=0.3490  rmse=0.1960
[13:29:21]   Epoch 062 [ 800/2849]  reg=-0.9499  cls=0.3501  rmse=0.1998
[13:29:22]   Epoch 062 [ 850/2849]  reg=-0.9599  cls=0.3463  rmse=0.1985
[13:29:22]   Epoch 062 [ 900/2849]  reg=-0.9626  cls=0.3090  rmse=0.1972
[13:29:23]   Epoch 062 [ 950/2849]  reg=-0.9712  cls=0.3118  rmse=0.1962
[13:29:23]   Epoch 062 [1000/2849]  reg=-0.9610  cls=0.3550  rmse=0.1952
[13:29:24]   Epoch 062 [1050/2849]  reg=-0.9628  cls=0.3082  rmse=0.1945
[13:29:24]   Epoch 062 [1100/2849]  reg=-0.9620  cls=0.3244  rmse=0.1937
[13:29:25]   Epoch 062 [1150/2849]  reg=-0.9626  cls=0.3180  rmse=0.1930
[13:29:25]   Epoch 062 [1200/2849]  reg=-0.2629  cls=0.3343  rmse=0.1933
[13:29:26]   Epoch 062 [1250/2849]  reg=-0.9665  cls=0.3280  rmse=0.1932
[13:29:26]   Epoch 062 [1300/2849]  reg=-0.9639  cls=0.3108  rmse=0.1924
[13:29:27]   Epoch 062 [1350/2849]  reg=-0.9610  cls=0.3405  rmse=0.1918
[13:29:27]   Epoch 062 [1400/2849]  reg=-0.9669  cls=0.3036  rmse=0.1914
[13:29:28]   Epoch 062 [1450/2849]  reg=-0.9675  cls=0.3235  rmse=0.1914
[13:29:28]   Epoch 062 [1500/2849]  reg=-0.9642  cls=0.3146  rmse=0.1914
[13:29:29]   Epoch 062 [1550/2849]  reg=-0.9692  cls=0.3110  rmse=0.1909
[13:29:29]   Epoch 062 [1600/2849]  reg=-0.9484  cls=0.3648  rmse=0.1904
[13:29:30]   Epoch 062 [1650/2849]  reg=-0.9542  cls=0.3082  rmse=0.1904
[13:29:30]   Epoch 062 [1700/2849]  reg=-0.9640  cls=0.3018  rmse=0.1899
[13:29:31]   Epoch 062 [1750/2849]  reg=-0.9594  cls=0.3180  rmse=0.1895
[13:29:31]   Epoch 062 [1800/2849]  reg=-0.9691  cls=0.3341  rmse=0.1892
[13:29:32]   Epoch 062 [1850/2849]  reg=-0.9702  cls=0.3419  rmse=0.1888
[13:29:32]   Epoch 062 [1900/2849]  reg=-0.9605  cls=0.3223  rmse=0.1885
[13:29:33]   Epoch 062 [1950/2849]  reg=-0.9642  cls=0.3838  rmse=0.1882
[13:29:33]   Epoch 062 [2000/2849]  reg=-0.9558  cls=0.3092  rmse=0.1880
[13:29:34]   Epoch 062 [2050/2849]  reg=-0.9651  cls=0.3270  rmse=0.1877
[13:29:34]   Epoch 062 [2100/2849]  reg=-0.9614  cls=0.3206  rmse=0.1875
[13:29:35]   Epoch 062 [2150/2849]  reg=-0.9642  cls=0.3736  rmse=0.1872
[13:29:35]   Epoch 062 [2200/2849]  reg=-0.9587  cls=0.2968  rmse=0.1869
[13:29:36]   Epoch 062 [2250/2849]  reg=-0.9670  cls=0.3592  rmse=0.1868
[13:29:36]   Epoch 062 [2300/2849]  reg=-0.9694  cls=0.3134  rmse=0.1865
[13:29:37]   Epoch 062 [2350/2849]  reg=-0.9719  cls=0.3421  rmse=0.1862
[13:29:37]   Epoch 062 [2400/2849]  reg=-0.9635  cls=0.3232  rmse=0.1860
[13:29:38]   Epoch 062 [2450/2849]  reg=-0.9599  cls=0.3503  rmse=0.1860
[13:29:38]   Epoch 062 [2500/2849]  reg=-0.9610  cls=0.3147  rmse=0.1859
[13:29:39]   Epoch 062 [2550/2849]  reg=-0.9535  cls=0.3390  rmse=0.1857
[13:29:39]   Epoch 062 [2600/2849]  reg=-0.9638  cls=0.3173  rmse=0.1870
[13:29:40]   Epoch 062 [2650/2849]  reg=-0.9656  cls=0.3173  rmse=0.1868
[13:29:40]   Epoch 062 [2700/2849]  reg=-0.9576  cls=0.3056  rmse=0.1867
[13:29:41]   Epoch 062 [2750/2849]  reg=-0.9687  cls=0.3430  rmse=0.1865
[13:29:41]   Epoch 062 [2800/2849]  reg=-0.9591  cls=0.3095  rmse=0.1863
[13:29:52] Epoch 062/100  lr=3.97e-05  train[reg=-0.9272 cls=0.3319 rmse=0.1864]  val[rmse=0.1833 cls=0.6215 xyz=(0.136,0.120,0.027) acc=0.921]  (47.8s)
[13:30:01]   Epoch 063 [  50/2849]  reg=-0.9423  cls=0.3016  rmse=0.1795
[13:30:01]   Epoch 063 [ 100/2849]  reg=-0.9562  cls=0.3072  rmse=0.1786
[13:30:02]   Epoch 063 [ 150/2849]  reg=-0.9603  cls=0.3397  rmse=0.1783
[13:30:03]   Epoch 063 [ 200/2849]  reg=-0.9703  cls=0.2925  rmse=0.1782
[13:30:03]   Epoch 063 [ 250/2849]  reg=-0.9510  cls=0.3069  rmse=0.1833
[13:30:04]   Epoch 063 [ 300/2849]  reg=-0.9610  cls=0.3394  rmse=0.1820
[13:30:04]   Epoch 063 [ 350/2849]  reg=-0.9719  cls=0.3133  rmse=0.1813
[13:30:05]   Epoch 063 [ 400/2849]  reg=-0.9535  cls=0.3781  rmse=0.1807
[13:30:05]   Epoch 063 [ 450/2849]  reg=-0.9625  cls=0.3206  rmse=0.1806
[13:30:06]   Epoch 063 [ 500/2849]  reg=-0.9590  cls=0.3535  rmse=0.1801
[13:30:06]   Epoch 063 [ 550/2849]  reg=-0.9681  cls=0.3309  rmse=0.1797
[13:30:07]   Epoch 063 [ 600/2849]  reg=-0.9648  cls=0.3564  rmse=0.1803
[13:30:07]   Epoch 063 [ 650/2849]  reg=-0.9500  cls=0.3076  rmse=0.1799
[13:30:08]   Epoch 063 [ 700/2849]  reg=-0.9604  cls=0.3003  rmse=0.1861
[13:30:09]   Epoch 063 [ 750/2849]  reg=-0.9602  cls=0.3328  rmse=0.1858
[13:30:09]   Epoch 063 [ 800/2849]  reg=-0.9640  cls=0.3104  rmse=0.1852
[13:30:10]   Epoch 063 [ 850/2849]  reg=-0.9613  cls=0.3620  rmse=0.1846
[13:30:10]   Epoch 063 [ 900/2849]  reg=-0.9674  cls=0.3024  rmse=0.1842
[13:30:11]   Epoch 063 [ 950/2849]  reg=-0.9707  cls=0.3174  rmse=0.1838
[13:30:11]   Epoch 063 [1000/2849]  reg=-0.9648  cls=0.3068  rmse=0.1835
[13:30:12]   Epoch 063 [1050/2849]  reg=-0.9571  cls=0.2947  rmse=0.1833
[13:30:12]   Epoch 063 [1100/2849]  reg=-0.9728  cls=0.3571  rmse=0.1829
[13:30:13]   Epoch 063 [1150/2849]  reg=-0.9517  cls=0.3344  rmse=0.1826
[13:30:13]   Epoch 063 [1200/2849]  reg=-0.9663  cls=0.3192  rmse=0.1832
[13:30:14]   Epoch 063 [1250/2849]  reg=-0.9648  cls=0.3192  rmse=0.1829
[13:30:14]   Epoch 063 [1300/2849]  reg=-0.9608  cls=0.3485  rmse=0.1830
[13:30:15]   Epoch 063 [1350/2849]  reg=-0.9543  cls=0.3581  rmse=0.1826
[13:30:15]   Epoch 063 [1400/2849]  reg=-0.9628  cls=0.3251  rmse=0.1823
[13:30:16]   Epoch 063 [1450/2849]  reg=-0.9628  cls=0.3201  rmse=0.1820
[13:30:16]   Epoch 063 [1500/2849]  reg=-0.9662  cls=0.3926  rmse=0.1818
[13:30:17]   Epoch 063 [1550/2849]  reg=-0.9600  cls=0.3193  rmse=0.1822
[13:30:18]   Epoch 063 [1600/2849]  reg=-0.9561  cls=0.3155  rmse=0.1820
[13:30:18]   Epoch 063 [1650/2849]  reg=-0.9473  cls=0.3391  rmse=0.1820
[13:30:19]   Epoch 063 [1700/2849]  reg=-0.9638  cls=0.3698  rmse=0.1818
[13:30:19]   Epoch 063 [1750/2849]  reg=-0.9624  cls=0.3171  rmse=0.1822
[13:30:20]   Epoch 063 [1800/2849]  reg=-0.9703  cls=0.3383  rmse=0.1820
[13:30:20]   Epoch 063 [1850/2849]  reg=-0.9607  cls=0.3772  rmse=0.1822
[13:30:21]   Epoch 063 [1900/2849]  reg=-0.9595  cls=0.3110  rmse=0.1820
[13:30:21]   Epoch 063 [1950/2849]  reg=-0.9588  cls=0.3617  rmse=0.1839
[13:30:22]   Epoch 063 [2000/2849]  reg=-0.9618  cls=0.3501  rmse=0.1840
[13:30:22]   Epoch 063 [2050/2849]  reg=-0.9635  cls=0.3515  rmse=0.1838
[13:30:23]   Epoch 063 [2100/2849]  reg=-0.9655  cls=0.3306  rmse=0.1837
[13:30:23]   Epoch 063 [2150/2849]  reg=-0.9613  cls=0.3298  rmse=0.1836
[13:30:24]   Epoch 063 [2200/2849]  reg=-0.9624  cls=0.3347  rmse=0.1834
[13:30:24]   Epoch 063 [2250/2849]  reg=-0.9691  cls=0.3325  rmse=0.1832
[13:30:25]   Epoch 063 [2300/2849]  reg=-0.9647  cls=0.3420  rmse=0.1837
[13:30:25]   Epoch 063 [2350/2849]  reg=-0.9656  cls=0.2889  rmse=0.1835
[13:30:26]   Epoch 063 [2400/2849]  reg=-0.9660  cls=0.3339  rmse=0.1836
[13:30:26]   Epoch 063 [2450/2849]  reg=-0.9667  cls=0.3021  rmse=0.1851
[13:30:27]   Epoch 063 [2500/2849]  reg=-0.9599  cls=0.3537  rmse=0.1865
[13:30:27]   Epoch 063 [2550/2849]  reg=-0.9562  cls=0.3195  rmse=0.1863
[13:30:28]   Epoch 063 [2600/2849]  reg=-0.9608  cls=0.3453  rmse=0.1862
[13:30:28]   Epoch 063 [2650/2849]  reg=-0.9623  cls=0.3652  rmse=0.1860
[13:30:29]   Epoch 063 [2700/2849]  reg=-0.9553  cls=0.3552  rmse=0.1860
[13:30:29]   Epoch 063 [2750/2849]  reg=-0.9602  cls=0.3365  rmse=0.1859
[13:30:30]   Epoch 063 [2800/2849]  reg=-0.9555  cls=0.3488  rmse=0.1862
[13:30:40] Epoch 063/100  lr=3.82e-05  train[reg=-0.9274 cls=0.3310 rmse=0.1860]  val[rmse=0.1820 cls=0.6188 xyz=(0.135,0.119,0.027) acc=0.920]  (48.1s)
[13:30:49]   Epoch 064 [  50/2849]  reg=-0.9651  cls=0.3029  rmse=0.1867
[13:30:49]   Epoch 064 [ 100/2849]  reg=-0.9418  cls=0.3493  rmse=0.1830
[13:30:50]   Epoch 064 [ 150/2849]  reg=-0.9563  cls=0.3397  rmse=0.1845
[13:30:50]   Epoch 064 [ 200/2849]  reg=-0.9585  cls=0.3202  rmse=0.1829
[13:30:51]   Epoch 064 [ 250/2849]  reg=-0.9472  cls=0.3069  rmse=0.1821
[13:30:51]   Epoch 064 [ 300/2849]  reg=-0.9670  cls=0.3204  rmse=0.1810
[13:30:52]   Epoch 064 [ 350/2849]  reg=-0.9636  cls=0.3486  rmse=0.1915
[13:30:52]   Epoch 064 [ 400/2849]  reg=-0.9695  cls=0.2927  rmse=0.1911
[13:30:53]   Epoch 064 [ 450/2849]  reg=-0.9680  cls=0.3409  rmse=0.1892
[13:30:53]   Epoch 064 [ 500/2849]  reg=-0.9578  cls=0.3365  rmse=0.1907
[13:30:54]   Epoch 064 [ 550/2849]  reg=-0.9667  cls=0.3221  rmse=0.1895
[13:30:54]   Epoch 064 [ 600/2849]  reg=-0.9725  cls=0.3688  rmse=0.1883
[13:30:55]   Epoch 064 [ 650/2849]  reg=-0.9488  cls=0.3649  rmse=0.1937
[13:30:55]   Epoch 064 [ 700/2849]  reg=-0.9609  cls=0.3192  rmse=0.1924
[13:30:56]   Epoch 064 [ 750/2849]  reg=-0.9432  cls=0.3339  rmse=0.1917
[13:30:56]   Epoch 064 [ 800/2849]  reg=-0.9640  cls=0.3032  rmse=0.1915
[13:30:56]   Epoch 064 [ 850/2849]  reg=-0.9585  cls=0.3061  rmse=0.1907
[13:30:57]   Epoch 064 [ 900/2849]  reg=-0.9727  cls=0.3507  rmse=0.1898
[13:30:57]   Epoch 064 [ 950/2849]  reg=-0.9632  cls=0.3062  rmse=0.1891
[13:30:58]   Epoch 064 [1000/2849]  reg=-0.9629  cls=0.3176  rmse=0.1884
[13:30:58]   Epoch 064 [1050/2849]  reg=-0.9693  cls=0.3173  rmse=0.1881
[13:30:59]   Epoch 064 [1100/2849]  reg=-0.9594  cls=0.3783  rmse=0.1917
[13:30:59]   Epoch 064 [1150/2849]  reg=-0.9574  cls=0.3396  rmse=0.1910
[13:31:00]   Epoch 064 [1200/2849]  reg=-0.9545  cls=0.3177  rmse=0.1904
[13:31:00]   Epoch 064 [1250/2849]  reg=-0.9620  cls=0.3279  rmse=0.1897
[13:31:01]   Epoch 064 [1300/2849]  reg=-0.9653  cls=0.3452  rmse=0.1893
[13:31:01]   Epoch 064 [1350/2849]  reg=-0.9681  cls=0.3027  rmse=0.1893
[13:31:02]   Epoch 064 [1400/2849]  reg=-0.9572  cls=0.3125  rmse=0.1888
[13:31:02]   Epoch 064 [1450/2849]  reg=-0.9600  cls=0.3187  rmse=0.1884
[13:31:03]   Epoch 064 [1500/2849]  reg=-0.9628  cls=0.3507  rmse=0.1879
[13:31:03]   Epoch 064 [1550/2849]  reg=-0.1515  cls=0.3279  rmse=0.1883
[13:31:04]   Epoch 064 [1600/2849]  reg=-0.9701  cls=0.3289  rmse=0.1880
[13:31:04]   Epoch 064 [1650/2849]  reg=-0.9596  cls=0.3306  rmse=0.1877
[13:31:04]   Epoch 064 [1700/2849]  reg=-0.9675  cls=0.3363  rmse=0.1877
[13:31:05]   Epoch 064 [1750/2849]  reg=-0.9617  cls=0.3126  rmse=0.1873
[13:31:05]   Epoch 064 [1800/2849]  reg=-0.9649  cls=0.3353  rmse=0.1874
[13:31:06]   Epoch 064 [1850/2849]  reg=-0.9604  cls=0.3482  rmse=0.1871
[13:31:06]   Epoch 064 [1900/2849]  reg=-0.9633  cls=0.3262  rmse=0.1867
[13:31:07]   Epoch 064 [1950/2849]  reg=-0.9579  cls=0.3248  rmse=0.1864
[13:31:07]   Epoch 064 [2000/2849]  reg=-0.9560  cls=0.3448  rmse=0.1885
[13:31:08]   Epoch 064 [2050/2849]  reg=-0.9687  cls=0.3157  rmse=0.1882
[13:31:08]   Epoch 064 [2100/2849]  reg=-0.9640  cls=0.3218  rmse=0.1879
[13:31:09]   Epoch 064 [2150/2849]  reg=-0.9600  cls=0.3056  rmse=0.1876
[13:31:09]   Epoch 064 [2200/2849]  reg=-0.9580  cls=0.3381  rmse=0.1873
[13:31:09]   Epoch 064 [2250/2849]  reg=-0.9552  cls=0.3079  rmse=0.1870
[13:31:10]   Epoch 064 [2300/2849]  reg=-0.9525  cls=0.3351  rmse=0.1868
[13:31:10]   Epoch 064 [2350/2849]  reg=-0.9572  cls=0.3620  rmse=0.1866
[13:31:11]   Epoch 064 [2400/2849]  reg=-0.9674  cls=0.3404  rmse=0.1863
[13:31:11]   Epoch 064 [2450/2849]  reg=-0.9630  cls=0.3279  rmse=0.1861
[13:31:12]   Epoch 064 [2500/2849]  reg=-0.9526  cls=0.3017  rmse=0.1860
[13:31:12]   Epoch 064 [2550/2849]  reg=-0.9647  cls=0.3144  rmse=0.1860
[13:31:13]   Epoch 064 [2600/2849]  reg=-0.9625  cls=0.3429  rmse=0.1860
[13:31:13]   Epoch 064 [2650/2849]  reg=-0.9733  cls=0.3497  rmse=0.1862
[13:31:14]   Epoch 064 [2700/2849]  reg=-0.9687  cls=0.3009  rmse=0.1860
[13:31:14]   Epoch 064 [2750/2849]  reg=-0.9589  cls=0.3511  rmse=0.1860
[13:31:14]   Epoch 064 [2800/2849]  reg=-0.9634  cls=0.3186  rmse=0.1859
[13:31:24] Epoch 064/100  lr=3.67e-05  train[reg=-0.9276 cls=0.3310 rmse=0.1857]  val[rmse=0.1813 cls=0.6155 xyz=(0.134,0.119,0.027) acc=0.923]  (44.3s)
[13:31:25]   ckpt 저장: out_classifier2\checkpoints\best.pth
[13:31:33]   Epoch 065 [  50/2849]  reg=-0.9597  cls=0.3389  rmse=0.1766
[13:31:33]   Epoch 065 [ 100/2849]  reg=-0.9659  cls=0.3186  rmse=0.1764
[13:31:34]   Epoch 065 [ 150/2849]  reg=-0.9662  cls=0.3105  rmse=0.1847
[13:31:34]   Epoch 065 [ 200/2849]  reg=-0.9646  cls=0.3384  rmse=0.1854
[13:31:35]   Epoch 065 [ 250/2849]  reg=-0.9645  cls=0.3526  rmse=0.2043
[13:31:35]   Epoch 065 [ 300/2849]  reg=-0.9673  cls=0.3196  rmse=0.2133
[13:31:35]   Epoch 065 [ 350/2849]  reg=-0.9575  cls=0.3152  rmse=0.2099
[13:31:36]   Epoch 065 [ 400/2849]  reg=-0.9631  cls=0.3508  rmse=0.2088
[13:31:36]   Epoch 065 [ 450/2849]  reg=-0.9722  cls=0.3618  rmse=0.2054
[13:31:37]   Epoch 065 [ 500/2849]  reg=-0.9697  cls=0.3593  rmse=0.2022
[13:31:37]   Epoch 065 [ 550/2849]  reg=-0.9623  cls=0.3235  rmse=0.2000
[13:31:38]   Epoch 065 [ 600/2849]  reg=-0.9649  cls=0.3255  rmse=0.1992
[13:31:38]   Epoch 065 [ 650/2849]  reg=-0.9666  cls=0.3062  rmse=0.1976
[13:31:39]   Epoch 065 [ 700/2849]  reg=-0.9402  cls=0.3255  rmse=0.1961
[13:31:39]   Epoch 065 [ 750/2849]  reg=-0.9674  cls=0.3000  rmse=0.1946
[13:31:40]   Epoch 065 [ 800/2849]  reg=-0.9663  cls=0.3234  rmse=0.1934
[13:31:40]   Epoch 065 [ 850/2849]  reg=-0.9597  cls=0.3009  rmse=0.1929
[13:31:40]   Epoch 065 [ 900/2849]  reg=-0.9654  cls=0.4021  rmse=0.1920
[13:31:41]   Epoch 065 [ 950/2849]  reg=-0.9671  cls=0.3841  rmse=0.1918
[13:31:41]   Epoch 065 [1000/2849]  reg=-0.9623  cls=0.3291  rmse=0.1910
[13:31:42]   Epoch 065 [1050/2849]  reg=-0.9700  cls=0.3027  rmse=0.1908
[13:31:42]   Epoch 065 [1100/2849]  reg=-0.9629  cls=0.3158  rmse=0.1900
[13:31:43]   Epoch 065 [1150/2849]  reg=-0.9625  cls=0.3028  rmse=0.1928
[13:31:43]   Epoch 065 [1200/2849]  reg=-0.9580  cls=0.3181  rmse=0.1927
[13:31:44]   Epoch 065 [1250/2849]  reg=-0.9525  cls=0.3540  rmse=0.1919
[13:31:44]   Epoch 065 [1300/2849]  reg=-0.9522  cls=0.3012  rmse=0.1912
[13:31:45]   Epoch 065 [1350/2849]  reg=-0.9603  cls=0.3060  rmse=0.1906
[13:31:45]   Epoch 065 [1400/2849]  reg=-0.9519  cls=0.3434  rmse=0.1902
[13:31:46]   Epoch 065 [1450/2849]  reg=-0.9605  cls=0.3323  rmse=0.1897
[13:31:46]   Epoch 065 [1500/2849]  reg=-0.9559  cls=0.3057  rmse=0.1894
[13:31:46]   Epoch 065 [1550/2849]  reg=-0.9643  cls=0.3596  rmse=0.1888
[13:31:47]   Epoch 065 [1600/2849]  reg=-0.9536  cls=0.3120  rmse=0.1884
[13:31:47]   Epoch 065 [1650/2849]  reg=-0.9636  cls=0.3310  rmse=0.1905
[13:31:48]   Epoch 065 [1700/2849]  reg=-0.9447  cls=0.3643  rmse=0.1905
[13:31:48]   Epoch 065 [1750/2849]  reg=-0.9618  cls=0.3424  rmse=0.1900
[13:31:49]   Epoch 065 [1800/2849]  reg=-0.9636  cls=0.3012  rmse=0.1897
[13:31:49]   Epoch 065 [1850/2849]  reg=-0.9539  cls=0.3462  rmse=0.1893
[13:31:50]   Epoch 065 [1900/2849]  reg=-0.9636  cls=0.3484  rmse=0.1890
[13:31:50]   Epoch 065 [1950/2849]  reg=-0.9625  cls=0.3542  rmse=0.1886
[13:31:51]   Epoch 065 [2000/2849]  reg=-0.9640  cls=0.3390  rmse=0.1883
[13:31:51]   Epoch 065 [2050/2849]  reg=-0.9709  cls=0.3480  rmse=0.1883
[13:31:52]   Epoch 065 [2100/2849]  reg=-0.9577  cls=0.3315  rmse=0.1880
[13:31:52]   Epoch 065 [2150/2849]  reg=-0.9683  cls=0.3895  rmse=0.1880
[13:31:53]   Epoch 065 [2200/2849]  reg=-0.9341  cls=0.3084  rmse=0.1880
[13:31:53]   Epoch 065 [2250/2849]  reg=-0.9704  cls=0.3243  rmse=0.1878
[13:31:53]   Epoch 065 [2300/2849]  reg=-0.9601  cls=0.3301  rmse=0.1877
[13:31:54]   Epoch 065 [2350/2849]  reg=-0.9641  cls=0.3576  rmse=0.1874
[13:31:54]   Epoch 065 [2400/2849]  reg=-0.9627  cls=0.3497  rmse=0.1871
[13:31:55]   Epoch 065 [2450/2849]  reg=-0.9694  cls=0.3241  rmse=0.1869
[13:31:55]   Epoch 065 [2500/2849]  reg=-0.9642  cls=0.3470  rmse=0.1867
[13:31:56]   Epoch 065 [2550/2849]  reg=-0.9636  cls=0.3273  rmse=0.1865
[13:31:56]   Epoch 065 [2600/2849]  reg=-0.9688  cls=0.3721  rmse=0.1862
[13:31:57]   Epoch 065 [2650/2849]  reg=-0.9543  cls=0.3312  rmse=0.1860
[13:31:57]   Epoch 065 [2700/2849]  reg=-0.9589  cls=0.3181  rmse=0.1859
[13:31:58]   Epoch 065 [2750/2849]  reg=-0.9681  cls=0.3075  rmse=0.1857
[13:31:58]   Epoch 065 [2800/2849]  reg=-0.9652  cls=0.3532  rmse=0.1855
[13:32:08] Epoch 065/100  lr=3.52e-05  train[reg=-0.9277 cls=0.3310 rmse=0.1854]  val[rmse=0.1814 cls=0.6147 xyz=(0.134,0.119,0.027) acc=0.921]  (43.6s)
[13:32:16]   Epoch 066 [  50/2849]  reg=-0.9660  cls=0.3131  rmse=0.1750
[13:32:17]   Epoch 066 [ 100/2849]  reg=-0.9634  cls=0.3444  rmse=0.1815
[13:32:17]   Epoch 066 [ 150/2849]  reg=-0.9539  cls=0.3368  rmse=0.1818
[13:32:18]   Epoch 066 [ 200/2849]  reg=-0.9621  cls=0.3300  rmse=0.1852
[13:32:18]   Epoch 066 [ 250/2849]  reg=-0.9653  cls=0.3395  rmse=0.1859
[13:32:19]   Epoch 066 [ 300/2849]  reg=-0.9547  cls=0.2967  rmse=0.1841
[13:32:19]   Epoch 066 [ 350/2849]  reg=-0.9619  cls=0.3184  rmse=0.1938
[13:32:19]   Epoch 066 [ 400/2849]  reg=-0.9686  cls=0.3314  rmse=0.1912
[13:32:20]   Epoch 066 [ 450/2849]  reg=-0.9682  cls=0.3290  rmse=0.1997
[13:32:20]   Epoch 066 [ 500/2849]  reg=-0.9606  cls=0.3326  rmse=0.1971
[13:32:21]   Epoch 066 [ 550/2849]  reg=-0.9666  cls=0.3343  rmse=0.1951
[13:32:21]   Epoch 066 [ 600/2849]  reg=-0.9639  cls=0.3689  rmse=0.1931
[13:32:22]   Epoch 066 [ 650/2849]  reg=-0.9600  cls=0.2989  rmse=0.1919
[13:32:22]   Epoch 066 [ 700/2849]  reg=-0.9696  cls=0.3552  rmse=0.1917
[13:32:23]   Epoch 066 [ 750/2849]  reg=-0.9699  cls=0.3072  rmse=0.1923
[13:32:23]   Epoch 066 [ 800/2849]  reg=-0.9581  cls=0.3191  rmse=0.1912
[13:32:24]   Epoch 066 [ 850/2849]  reg=-0.9633  cls=0.3577  rmse=0.1903
[13:32:24]   Epoch 066 [ 900/2849]  reg=-0.9472  cls=0.2931  rmse=0.1895
[13:32:24]   Epoch 066 [ 950/2849]  reg=-0.9551  cls=0.3916  rmse=0.1889
[13:32:25]   Epoch 066 [1000/2849]  reg=-0.9590  cls=0.3315  rmse=0.1886
[13:32:25]   Epoch 066 [1050/2849]  reg=-0.9698  cls=0.3312  rmse=0.1880
[13:32:26]   Epoch 066 [1100/2849]  reg=-0.9679  cls=0.3172  rmse=0.1874
[13:32:26]   Epoch 066 [1150/2849]  reg=-0.9721  cls=0.3288  rmse=0.1869
[13:32:27]   Epoch 066 [1200/2849]  reg=-0.9622  cls=0.3547  rmse=0.1866
[13:32:27]   Epoch 066 [1250/2849]  reg=-0.9655  cls=0.3126  rmse=0.1861
[13:32:28]   Epoch 066 [1300/2849]  reg=-0.9610  cls=0.3129  rmse=0.1858
[13:32:28]   Epoch 066 [1350/2849]  reg=-0.9599  cls=0.3159  rmse=0.1887
[13:32:28]   Epoch 066 [1400/2849]  reg=-0.9720  cls=0.3000  rmse=0.1887
[13:32:29]   Epoch 066 [1450/2849]  reg=-0.9623  cls=0.3124  rmse=0.1882
[13:32:29]   Epoch 066 [1500/2849]  reg=-0.9581  cls=0.3297  rmse=0.1881
[13:32:30]   Epoch 066 [1550/2849]  reg=-0.9477  cls=0.3118  rmse=0.1881
[13:32:30]   Epoch 066 [1600/2849]  reg=-0.9623  cls=0.3026  rmse=0.1877
[13:32:31]   Epoch 066 [1650/2849]  reg=-0.9543  cls=0.3197  rmse=0.1874
[13:32:31]   Epoch 066 [1700/2849]  reg=-0.9676  cls=0.3289  rmse=0.1869
[13:32:32]   Epoch 066 [1750/2849]  reg=-0.9659  cls=0.3416  rmse=0.1866
[13:32:32]   Epoch 066 [1800/2849]  reg=-0.9729  cls=0.3385  rmse=0.1862
[13:32:33]   Epoch 066 [1850/2849]  reg=-0.9522  cls=0.3323  rmse=0.1860
[13:32:33]   Epoch 066 [1900/2849]  reg=-0.9684  cls=0.3371  rmse=0.1857
[13:32:33]   Epoch 066 [1950/2849]  reg=-0.9571  cls=0.3365  rmse=0.1855
[13:32:34]   Epoch 066 [2000/2849]  reg=-0.9649  cls=0.3160  rmse=0.1853
[13:32:34]   Epoch 066 [2050/2849]  reg=-0.9561  cls=0.3141  rmse=0.1854
[13:32:35]   Epoch 066 [2100/2849]  reg=-0.9621  cls=0.3071  rmse=0.1856
[13:32:35]   Epoch 066 [2150/2849]  reg=-0.9593  cls=0.3129  rmse=0.1853
[13:32:36]   Epoch 066 [2200/2849]  reg=-0.9551  cls=0.3269  rmse=0.1853
[13:32:36]   Epoch 066 [2250/2849]  reg=-0.9505  cls=0.3291  rmse=0.1854
[13:32:37]   Epoch 066 [2300/2849]  reg=-0.9680  cls=0.2986  rmse=0.1870
[13:32:37]   Epoch 066 [2350/2849]  reg=-0.9428  cls=0.3609  rmse=0.1867
[13:32:38]   Epoch 066 [2400/2849]  reg=-0.9586  cls=0.3655  rmse=0.1865
[13:32:38]   Epoch 066 [2450/2849]  reg=-0.9626  cls=0.2888  rmse=0.1862
[13:32:38]   Epoch 066 [2500/2849]  reg=-0.9596  cls=0.3153  rmse=0.1861
[13:32:39]   Epoch 066 [2550/2849]  reg=-0.9436  cls=0.3321  rmse=0.1859
[13:32:39]   Epoch 066 [2600/2849]  reg=-0.9672  cls=0.3342  rmse=0.1857
[13:32:40]   Epoch 066 [2650/2849]  reg=-0.9526  cls=0.3014  rmse=0.1855
[13:32:40]   Epoch 066 [2700/2849]  reg=-0.9682  cls=0.3231  rmse=0.1854
[13:32:41]   Epoch 066 [2750/2849]  reg=-0.9562  cls=0.3381  rmse=0.1852
[13:32:41]   Epoch 066 [2800/2849]  reg=-0.0627  cls=0.3790  rmse=0.1852
[13:32:51] Epoch 066/100  lr=3.37e-05  train[reg=-0.9277 cls=0.3304 rmse=0.1850]  val[rmse=0.1802 cls=0.6147 xyz=(0.133,0.119,0.027) acc=0.923]  (43.1s)
[13:32:51]   ckpt 저장: out_classifier2\checkpoints\best.pth
[13:32:59]   Epoch 067 [  50/2849]  reg=-0.9473  cls=0.3165  rmse=0.1798
[13:33:00]   Epoch 067 [ 100/2849]  reg=-0.9537  cls=0.3214  rmse=0.1834
[13:33:00]   Epoch 067 [ 150/2849]  reg=-0.9553  cls=0.3200  rmse=0.1855
[13:33:01]   Epoch 067 [ 200/2849]  reg=-0.9621  cls=0.3275  rmse=0.1827
[13:33:01]   Epoch 067 [ 250/2849]  reg=-0.9569  cls=0.3839  rmse=0.1835
[13:33:02]   Epoch 067 [ 300/2849]  reg=-0.9635  cls=0.3302  rmse=0.1819
[13:33:02]   Epoch 067 [ 350/2849]  reg=-0.9445  cls=0.3214  rmse=0.1807
[13:33:03]   Epoch 067 [ 400/2849]  reg=-0.9553  cls=0.3065  rmse=0.1914
[13:33:03]   Epoch 067 [ 450/2849]  reg=-0.9713  cls=0.3285  rmse=0.1894
[13:33:04]   Epoch 067 [ 500/2849]  reg=-0.9553  cls=0.3203  rmse=0.1884
[13:33:04]   Epoch 067 [ 550/2849]  reg=-0.9602  cls=0.3393  rmse=0.1885
[13:33:04]   Epoch 067 [ 600/2849]  reg=-0.9610  cls=0.3256  rmse=0.1875
[13:33:05]   Epoch 067 [ 650/2849]  reg=-0.9669  cls=0.3559  rmse=0.1894
[13:33:05]   Epoch 067 [ 700/2849]  reg=-0.9609  cls=0.3234  rmse=0.1892
[13:33:06]   Epoch 067 [ 750/2849]  reg=-0.9648  cls=0.3411  rmse=0.1881
[13:33:06]   Epoch 067 [ 800/2849]  reg=-0.9700  cls=0.3679  rmse=0.1873
[13:33:07]   Epoch 067 [ 850/2849]  reg=-0.9499  cls=0.3441  rmse=0.1881
[13:33:07]   Epoch 067 [ 900/2849]  reg=-0.9624  cls=0.3184  rmse=0.1883
[13:33:08]   Epoch 067 [ 950/2849]  reg=-0.9704  cls=0.3677  rmse=0.1877
[13:33:08]   Epoch 067 [1000/2849]  reg=-0.9523  cls=0.3365  rmse=0.1870
[13:33:09]   Epoch 067 [1050/2849]  reg=-0.9592  cls=0.3165  rmse=0.1865
[13:33:09]   Epoch 067 [1100/2849]  reg=-0.9576  cls=0.3320  rmse=0.1861
[13:33:09]   Epoch 067 [1150/2849]  reg=-0.9546  cls=0.3333  rmse=0.1856
[13:33:10]   Epoch 067 [1200/2849]  reg=-0.9734  cls=0.3110  rmse=0.1852
[13:33:10]   Epoch 067 [1250/2849]  reg=-0.9595  cls=0.3214  rmse=0.1852
[13:33:11]   Epoch 067 [1300/2849]  reg=-0.9587  cls=0.3464  rmse=0.1849
[13:33:11]   Epoch 067 [1350/2849]  reg=-0.9524  cls=0.2904  rmse=0.1845
[13:33:12]   Epoch 067 [1400/2849]  reg=-0.9565  cls=0.3598  rmse=0.1843
[13:33:12]   Epoch 067 [1450/2849]  reg=-0.9681  cls=0.3307  rmse=0.1841
[13:33:13]   Epoch 067 [1500/2849]  reg=-0.9603  cls=0.3663  rmse=0.1838
[13:33:13]   Epoch 067 [1550/2849]  reg=-0.9650  cls=0.3083  rmse=0.1836
[13:33:14]   Epoch 067 [1600/2849]  reg=-0.9645  cls=0.3469  rmse=0.1833
[13:33:14]   Epoch 067 [1650/2849]  reg=-0.9656  cls=0.3179  rmse=0.1832
[13:33:14]   Epoch 067 [1700/2849]  reg=-0.9580  cls=0.3287  rmse=0.1830
[13:33:15]   Epoch 067 [1750/2849]  reg=-0.9663  cls=0.3091  rmse=0.1831
[13:33:15]   Epoch 067 [1800/2849]  reg=-0.9566  cls=0.3257  rmse=0.1851
[13:33:16]   Epoch 067 [1850/2849]  reg=-0.9583  cls=0.3022  rmse=0.1850
[13:33:16]   Epoch 067 [1900/2849]  reg=-0.9617  cls=0.3089  rmse=0.1868
[13:33:17]   Epoch 067 [1950/2849]  reg=-0.9639  cls=0.3521  rmse=0.1885
[13:33:17]   Epoch 067 [2000/2849]  reg=-0.9631  cls=0.3542  rmse=0.1882
[13:33:18]   Epoch 067 [2050/2849]  reg=-0.9601  cls=0.2971  rmse=0.1879
[13:33:18]   Epoch 067 [2100/2849]  reg=-0.9706  cls=0.3238  rmse=0.1875
[13:33:19]   Epoch 067 [2150/2849]  reg=-0.9652  cls=0.3429  rmse=0.1872
[13:33:19]   Epoch 067 [2200/2849]  reg=-0.9710  cls=0.3165  rmse=0.1872
[13:33:20]   Epoch 067 [2250/2849]  reg=-0.9668  cls=0.3563  rmse=0.1872
[13:33:20]   Epoch 067 [2300/2849]  reg=-0.9619  cls=0.3348  rmse=0.1869
[13:33:20]   Epoch 067 [2350/2849]  reg=-0.9505  cls=0.3190  rmse=0.1867
[13:33:21]   Epoch 067 [2400/2849]  reg=-0.9637  cls=0.3077  rmse=0.1865
[13:33:21]   Epoch 067 [2450/2849]  reg=-0.9605  cls=0.3184  rmse=0.1863
[13:33:22]   Epoch 067 [2500/2849]  reg=-0.9706  cls=0.3363  rmse=0.1861
[13:33:22]   Epoch 067 [2550/2849]  reg=-0.9658  cls=0.3401  rmse=0.1858
[13:33:23]   Epoch 067 [2600/2849]  reg=-0.9648  cls=0.3372  rmse=0.1858
[13:33:23]   Epoch 067 [2650/2849]  reg=-0.9719  cls=0.3454  rmse=0.1855
[13:33:24]   Epoch 067 [2700/2849]  reg=-0.9595  cls=0.3568  rmse=0.1853
[13:33:24]   Epoch 067 [2750/2849]  reg=-0.9576  cls=0.3149  rmse=0.1852
[13:33:25]   Epoch 067 [2800/2849]  reg=-0.9565  cls=0.3273  rmse=0.1850
[13:33:35] Epoch 067/100  lr=3.23e-05  train[reg=-0.9281 cls=0.3299 rmse=0.1848]  val[rmse=0.1794 cls=0.6223 xyz=(0.131,0.120,0.027) acc=0.919]  (43.3s)
[13:33:35]   ckpt 저장: out_classifier2\checkpoints\best.pth
[13:33:43]   Epoch 068 [  50/2849]  reg=-0.9595  cls=0.3106  rmse=0.1773
[13:33:43]   Epoch 068 [ 100/2849]  reg=-0.9601  cls=0.3148  rmse=0.2288
[13:33:44]   Epoch 068 [ 150/2849]  reg=-0.9359  cls=0.3051  rmse=0.2112
[13:33:44]   Epoch 068 [ 200/2849]  reg=-0.9574  cls=0.3502  rmse=0.2015
[13:33:45]   Epoch 068 [ 250/2849]  reg=-0.9550  cls=0.3666  rmse=0.1961
[13:33:45]   Epoch 068 [ 300/2849]  reg=-0.9708  cls=0.3652  rmse=0.1948
[13:33:45]   Epoch 068 [ 350/2849]  reg=-0.9619  cls=0.3228  rmse=0.1919
[13:33:46]   Epoch 068 [ 400/2849]  reg=-0.9718  cls=0.3259  rmse=0.1898
[13:33:46]   Epoch 068 [ 450/2849]  reg=19.9320  cls=0.3381  rmse=0.1970
[13:33:47]   Epoch 068 [ 500/2849]  reg=-0.9662  cls=0.3196  rmse=0.1950
[13:33:47]   Epoch 068 [ 550/2849]  reg=-0.9685  cls=0.2894  rmse=0.1937
[13:33:48]   Epoch 068 [ 600/2849]  reg=-0.9714  cls=0.3342  rmse=0.1920
[13:33:48]   Epoch 068 [ 650/2849]  reg=-0.9554  cls=0.3611  rmse=0.1909
[13:33:49]   Epoch 068 [ 700/2849]  reg=-0.9588  cls=0.3434  rmse=0.1898
[13:33:49]   Epoch 068 [ 750/2849]  reg=-0.9690  cls=0.3348  rmse=0.1887
[13:33:50]   Epoch 068 [ 800/2849]  reg=-0.9580  cls=0.3225  rmse=0.1887
[13:33:50]   Epoch 068 [ 850/2849]  reg=-0.9633  cls=0.3382  rmse=0.1879
[13:33:50]   Epoch 068 [ 900/2849]  reg=-0.9712  cls=0.3220  rmse=0.1880
[13:33:51]   Epoch 068 [ 950/2849]  reg=-0.9548  cls=0.3154  rmse=0.1874
[13:33:51]   Epoch 068 [1000/2849]  reg=-0.9593  cls=0.3909  rmse=0.1868
[13:33:52]   Epoch 068 [1050/2849]  reg=-0.9626  cls=0.3433  rmse=0.1880
[13:33:52]   Epoch 068 [1100/2849]  reg=-0.9666  cls=0.3481  rmse=0.1910
[13:33:53]   Epoch 068 [1150/2849]  reg=-0.9610  cls=0.3658  rmse=0.1909
[13:33:53]   Epoch 068 [1200/2849]  reg=-0.9649  cls=0.2941  rmse=0.1902
[13:33:54]   Epoch 068 [1250/2849]  reg=-0.9630  cls=0.3489  rmse=0.1896
[13:33:54]   Epoch 068 [1300/2849]  reg=-0.9493  cls=0.3255  rmse=0.1890
[13:33:55]   Epoch 068 [1350/2849]  reg=-0.9658  cls=0.3416  rmse=0.1895
[13:33:55]   Epoch 068 [1400/2849]  reg=-0.9668  cls=0.3245  rmse=0.1890
[13:33:56]   Epoch 068 [1450/2849]  reg=-0.9729  cls=0.3706  rmse=0.1885
[13:33:56]   Epoch 068 [1500/2849]  reg=-0.9625  cls=0.3052  rmse=0.1881
[13:33:56]   Epoch 068 [1550/2849]  reg=-0.9637  cls=0.3666  rmse=0.1877
[13:33:57]   Epoch 068 [1600/2849]  reg=-0.9539  cls=0.3131  rmse=0.1874
[13:33:57]   Epoch 068 [1650/2849]  reg=-0.9722  cls=0.3151  rmse=0.1870
[13:33:58]   Epoch 068 [1700/2849]  reg=-0.9503  cls=0.2932  rmse=0.1866
[13:33:58]   Epoch 068 [1750/2849]  reg=-0.9627  cls=0.3002  rmse=0.1861
[13:33:59]   Epoch 068 [1800/2849]  reg=-0.9636  cls=0.2862  rmse=0.1861
[13:33:59]   Epoch 068 [1850/2849]  reg=-0.9530  cls=0.2992  rmse=0.1858
[13:34:00]   Epoch 068 [1900/2849]  reg=-0.9312  cls=0.3477  rmse=0.1862
[13:34:00]   Epoch 068 [1950/2849]  reg=-0.9616  cls=0.3331  rmse=0.1862
[13:34:01]   Epoch 068 [2000/2849]  reg=-0.9475  cls=0.3119  rmse=0.1858
[13:34:01]   Epoch 068 [2050/2849]  reg=-0.9629  cls=0.3238  rmse=0.1862
[13:34:02]   Epoch 068 [2100/2849]  reg=-0.9663  cls=0.3217  rmse=0.1859
[13:34:02]   Epoch 068 [2150/2849]  reg=-0.9564  cls=0.3128  rmse=0.1857
[13:34:02]   Epoch 068 [2200/2849]  reg=-0.9592  cls=0.3504  rmse=0.1854
[13:34:03]   Epoch 068 [2250/2849]  reg=-0.9564  cls=0.3458  rmse=0.1851
[13:34:03]   Epoch 068 [2300/2849]  reg=-0.9632  cls=0.3358  rmse=0.1849
[13:34:04]   Epoch 068 [2350/2849]  reg=-0.9526  cls=0.3293  rmse=0.1848
[13:34:04]   Epoch 068 [2400/2849]  reg=-0.9587  cls=0.3385  rmse=0.1865
[13:34:05]   Epoch 068 [2450/2849]  reg=-0.9615  cls=0.3507  rmse=0.1864
[13:34:05]   Epoch 068 [2500/2849]  reg=-0.9627  cls=0.3034  rmse=0.1861
[13:34:06]   Epoch 068 [2550/2849]  reg=-0.9675  cls=0.3395  rmse=0.1859
[13:34:06]   Epoch 068 [2600/2849]  reg=-0.9644  cls=0.3277  rmse=0.1856
[13:34:07]   Epoch 068 [2650/2849]  reg=-0.9711  cls=0.3253  rmse=0.1854
[13:34:07]   Epoch 068 [2700/2849]  reg=-0.9677  cls=0.3296  rmse=0.1851
[13:34:07]   Epoch 068 [2750/2849]  reg=-0.9679  cls=0.3212  rmse=0.1850
[13:34:08]   Epoch 068 [2800/2849]  reg=-0.9711  cls=0.3153  rmse=0.1848
[13:34:18] Epoch 068/100  lr=3.08e-05  train[reg=-0.9281 cls=0.3303 rmse=0.1846]  val[rmse=0.1790 cls=0.6222 xyz=(0.131,0.119,0.027) acc=0.922]  (43.3s)
[13:34:18]   ckpt 저장: out_classifier2\checkpoints\best.pth
[13:34:26]   Epoch 069 [  50/2849]  reg=-0.9662  cls=0.3344  rmse=0.1753
[13:34:26]   Epoch 069 [ 100/2849]  reg=-0.2758  cls=0.3347  rmse=0.1805
[13:34:27]   Epoch 069 [ 150/2849]  reg=-0.9651  cls=0.3168  rmse=0.1792
[13:34:27]   Epoch 069 [ 200/2849]  reg=-0.9660  cls=0.3499  rmse=0.1780
[13:34:28]   Epoch 069 [ 250/2849]  reg=-0.9670  cls=0.3267  rmse=0.1787
[13:34:28]   Epoch 069 [ 300/2849]  reg=-0.9494  cls=0.3247  rmse=0.1782
[13:34:29]   Epoch 069 [ 350/2849]  reg=-0.9580  cls=0.3205  rmse=0.1775
[13:34:29]   Epoch 069 [ 400/2849]  reg=-0.9627  cls=0.3330  rmse=0.1774
[13:34:30]   Epoch 069 [ 450/2849]  reg=-0.9543  cls=0.3485  rmse=0.1769
[13:34:30]   Epoch 069 [ 500/2849]  reg=-0.9584  cls=0.3185  rmse=0.1770
[13:34:31]   Epoch 069 [ 550/2849]  reg=-0.9682  cls=0.3036  rmse=0.1779
[13:34:31]   Epoch 069 [ 600/2849]  reg=-0.9593  cls=0.3293  rmse=0.1777
[13:34:32]   Epoch 069 [ 650/2849]  reg=-0.9653  cls=0.3027  rmse=0.1836
[13:34:32]   Epoch 069 [ 700/2849]  reg=-0.9578  cls=0.3691  rmse=0.1839
[13:34:32]   Epoch 069 [ 750/2849]  reg=-0.9642  cls=0.3178  rmse=0.1841
[13:34:33]   Epoch 069 [ 800/2849]  reg=-0.9620  cls=0.2917  rmse=0.1885
[13:34:33]   Epoch 069 [ 850/2849]  reg=-0.9590  cls=0.3155  rmse=0.1879
[13:34:34]   Epoch 069 [ 900/2849]  reg=-0.9601  cls=0.3323  rmse=0.1874
[13:34:34]   Epoch 069 [ 950/2849]  reg=-0.9591  cls=0.3718  rmse=0.1865
[13:34:35]   Epoch 069 [1000/2849]  reg=-0.9629  cls=0.3445  rmse=0.1859
[13:34:35]   Epoch 069 [1050/2849]  reg=-0.9690  cls=0.3277  rmse=0.1859
[13:34:36]   Epoch 069 [1100/2849]  reg=-0.9731  cls=0.2945  rmse=0.1854
[13:34:36]   Epoch 069 [1150/2849]  reg=-0.9638  cls=0.3399  rmse=0.1855
[13:34:37]   Epoch 069 [1200/2849]  reg=-0.9660  cls=0.3193  rmse=0.1854
[13:34:37]   Epoch 069 [1250/2849]  reg=-0.9475  cls=0.3402  rmse=0.1856
[13:34:37]   Epoch 069 [1300/2849]  reg=-0.9661  cls=0.3409  rmse=0.1851
[13:34:38]   Epoch 069 [1350/2849]  reg=-0.9606  cls=0.3863  rmse=0.1848
[13:34:38]   Epoch 069 [1400/2849]  reg=-0.9563  cls=0.3176  rmse=0.1871
[13:34:39]   Epoch 069 [1450/2849]  reg=-0.9711  cls=0.3494  rmse=0.1866
[13:34:39]   Epoch 069 [1500/2849]  reg=-0.9689  cls=0.3373  rmse=0.1862
[13:34:40]   Epoch 069 [1550/2849]  reg=-0.9559  cls=0.3082  rmse=0.1859
[13:34:40]   Epoch 069 [1600/2849]  reg=-0.9607  cls=0.3242  rmse=0.1860
[13:34:41]   Epoch 069 [1650/2849]  reg=-0.9704  cls=0.3188  rmse=0.1858
[13:34:41]   Epoch 069 [1700/2849]  reg=-0.9612  cls=0.3144  rmse=0.1854
[13:34:42]   Epoch 069 [1750/2849]  reg=-0.9599  cls=0.2923  rmse=0.1851
[13:34:42]   Epoch 069 [1800/2849]  reg=-0.9621  cls=0.3210  rmse=0.1852
[13:34:42]   Epoch 069 [1850/2849]  reg=-0.9649  cls=0.3155  rmse=0.1853
[13:34:43]   Epoch 069 [1900/2849]  reg=-0.9649  cls=0.3081  rmse=0.1853
[13:34:43]   Epoch 069 [1950/2849]  reg=-0.9674  cls=0.3331  rmse=0.1850
[13:34:44]   Epoch 069 [2000/2849]  reg=-0.9650  cls=0.3263  rmse=0.1847
[13:34:44]   Epoch 069 [2050/2849]  reg=-0.9640  cls=0.3119  rmse=0.1845
[13:34:45]   Epoch 069 [2100/2849]  reg=-0.9603  cls=0.3363  rmse=0.1842
[13:34:45]   Epoch 069 [2150/2849]  reg=-0.9618  cls=0.3414  rmse=0.1840
[13:34:46]   Epoch 069 [2200/2849]  reg=-0.9625  cls=0.3041  rmse=0.1837
[13:34:46]   Epoch 069 [2250/2849]  reg=-0.9593  cls=0.3020  rmse=0.1836
[13:34:47]   Epoch 069 [2300/2849]  reg=-0.9623  cls=0.3262  rmse=0.1837
[13:34:47]   Epoch 069 [2350/2849]  reg=-0.9701  cls=0.3044  rmse=0.1835
[13:34:48]   Epoch 069 [2400/2849]  reg=-0.9674  cls=0.3246  rmse=0.1835
[13:34:48]   Epoch 069 [2450/2849]  reg=-0.9522  cls=0.3700  rmse=0.1834
[13:34:48]   Epoch 069 [2500/2849]  reg=-0.9588  cls=0.3040  rmse=0.1833
[13:34:49]   Epoch 069 [2550/2849]  reg=-0.9522  cls=0.3021  rmse=0.1831
[13:34:49]   Epoch 069 [2600/2849]  reg=-0.9585  cls=0.3161  rmse=0.1832
[13:34:50]   Epoch 069 [2650/2849]  reg=-0.9686  cls=0.3027  rmse=0.1832
[13:34:50]   Epoch 069 [2700/2849]  reg=-0.9689  cls=0.3311  rmse=0.1833
[13:34:51]   Epoch 069 [2750/2849]  reg=-0.9408  cls=0.3265  rmse=0.1832
[13:34:51]   Epoch 069 [2800/2849]  reg=-0.9705  cls=0.3327  rmse=0.1844
[13:35:01] Epoch 069/100  lr=2.94e-05  train[reg=-0.9283 cls=0.3295 rmse=0.1842]  val[rmse=0.1810 cls=0.6187 xyz=(0.134,0.119,0.027) acc=0.922]  (43.3s)
[13:35:09]   Epoch 070 [  50/2849]  reg=-0.9681  cls=0.3471  rmse=0.1813
[13:35:10]   Epoch 070 [ 100/2849]  reg=-0.9639  cls=0.3126  rmse=0.1780
[13:35:10]   Epoch 070 [ 150/2849]  reg=-0.1782  cls=0.3190  rmse=0.1814
[13:35:11]   Epoch 070 [ 200/2849]  reg=-0.9625  cls=0.3240  rmse=0.1797
[13:35:11]   Epoch 070 [ 250/2849]  reg=-0.9585  cls=0.3520  rmse=0.1815
[13:35:12]   Epoch 070 [ 300/2849]  reg=-0.9550  cls=0.3397  rmse=0.1828
[13:35:12]   Epoch 070 [ 350/2849]  reg=-0.9626  cls=0.3202  rmse=0.1821
[13:35:13]   Epoch 070 [ 400/2849]  reg=-0.9548  cls=0.3484  rmse=0.1817
[13:35:13]   Epoch 070 [ 450/2849]  reg=-0.9681  cls=0.2998  rmse=0.1807
[13:35:14]   Epoch 070 [ 500/2849]  reg=-0.9700  cls=0.3285  rmse=0.1882
[13:35:14]   Epoch 070 [ 550/2849]  reg=-0.9605  cls=0.3168  rmse=0.1870
[13:35:14]   Epoch 070 [ 600/2849]  reg=-0.9749  cls=0.3296  rmse=0.1862
[13:35:15]   Epoch 070 [ 650/2849]  reg=-0.9674  cls=0.3130  rmse=0.1852
[13:35:15]   Epoch 070 [ 700/2849]  reg=-0.9588  cls=0.3449  rmse=0.1873
[13:35:16]   Epoch 070 [ 750/2849]  reg=-0.9531  cls=0.3074  rmse=0.1865
[13:35:16]   Epoch 070 [ 800/2849]  reg=-0.9619  cls=0.3243  rmse=0.1872
[13:35:17]   Epoch 070 [ 850/2849]  reg=-0.9585  cls=0.3421  rmse=0.1864
[13:35:17]   Epoch 070 [ 900/2849]  reg=-0.9525  cls=0.3273  rmse=0.1859
[13:35:18]   Epoch 070 [ 950/2849]  reg=-0.9500  cls=0.3345  rmse=0.1858
[13:35:18]   Epoch 070 [1000/2849]  reg=-0.9717  cls=0.3337  rmse=0.1852
[13:35:19]   Epoch 070 [1050/2849]  reg=-0.9663  cls=0.3317  rmse=0.1846
[13:35:19]   Epoch 070 [1100/2849]  reg=-0.9617  cls=0.3137  rmse=0.1847
[13:35:20]   Epoch 070 [1150/2849]  reg=-0.9662  cls=0.2956  rmse=0.1847
[13:35:20]   Epoch 070 [1200/2849]  reg=-0.9625  cls=0.3214  rmse=0.1843
[13:35:20]   Epoch 070 [1250/2849]  reg=-0.9607  cls=0.3040  rmse=0.1840
[13:35:21]   Epoch 070 [1300/2849]  reg=-0.9627  cls=0.4130  rmse=0.1836
[13:35:21]   Epoch 070 [1350/2849]  reg=-0.9738  cls=0.3651  rmse=0.1831
[13:35:22]   Epoch 070 [1400/2849]  reg=-0.9716  cls=0.3214  rmse=0.1828
[13:35:22]   Epoch 070 [1450/2849]  reg=-0.9656  cls=0.3207  rmse=0.1825
[13:35:23]   Epoch 070 [1500/2849]  reg=-0.9718  cls=0.3349  rmse=0.1827
[13:35:23]   Epoch 070 [1550/2849]  reg=-0.9601  cls=0.3026  rmse=0.1824
[13:35:24]   Epoch 070 [1600/2849]  reg=-0.9662  cls=0.3144  rmse=0.1825
[13:35:24]   Epoch 070 [1650/2849]  reg=-0.9681  cls=0.3260  rmse=0.1821
[13:35:25]   Epoch 070 [1700/2849]  reg=-0.9554  cls=0.3432  rmse=0.1823
[13:35:25]   Epoch 070 [1750/2849]  reg=-0.9651  cls=0.3258  rmse=0.1820
[13:35:25]   Epoch 070 [1800/2849]  reg=-0.9659  cls=0.3118  rmse=0.1818
[13:35:26]   Epoch 070 [1850/2849]  reg=-0.9601  cls=0.3515  rmse=0.1816
[13:35:26]   Epoch 070 [1900/2849]  reg=-0.9598  cls=0.3384  rmse=0.1855
[13:35:27]   Epoch 070 [1950/2849]  reg=-0.9658  cls=0.3107  rmse=0.1856
[13:35:27]   Epoch 070 [2000/2849]  reg=-0.9627  cls=0.3377  rmse=0.1854
[13:35:28]   Epoch 070 [2050/2849]  reg=-0.9556  cls=0.3246  rmse=0.1851
[13:35:28]   Epoch 070 [2100/2849]  reg=-0.9590  cls=0.3292  rmse=0.1849
[13:35:29]   Epoch 070 [2150/2849]  reg=-0.9630  cls=0.3190  rmse=0.1847
[13:35:29]   Epoch 070 [2200/2849]  reg=-0.9623  cls=0.3179  rmse=0.1846
[13:35:30]   Epoch 070 [2250/2849]  reg=-0.9615  cls=0.3505  rmse=0.1843
[13:35:30]   Epoch 070 [2300/2849]  reg=-0.9415  cls=0.3125  rmse=0.1841
[13:35:30]   Epoch 070 [2350/2849]  reg=-0.9662  cls=0.3157  rmse=0.1838
[13:35:31]   Epoch 070 [2400/2849]  reg=-0.9684  cls=0.3352  rmse=0.1855
[13:35:31]   Epoch 070 [2450/2849]  reg=-0.9711  cls=0.3391  rmse=0.1854
[13:35:32]   Epoch 070 [2500/2849]  reg=-0.9572  cls=0.3291  rmse=0.1852
[13:35:32]   Epoch 070 [2550/2849]  reg=-0.9694  cls=0.3514  rmse=0.1850
[13:35:33]   Epoch 070 [2600/2849]  reg=-0.9658  cls=0.3169  rmse=0.1848
[13:35:34]   Epoch 070 [2650/2849]  reg=-0.9654  cls=0.3277  rmse=0.1846
[13:35:34]   Epoch 070 [2700/2849]  reg=-0.9641  cls=0.3122  rmse=0.1844
[13:35:35]   Epoch 070 [2750/2849]  reg=-0.9606  cls=0.3103  rmse=0.1842
[13:35:35]   Epoch 070 [2800/2849]  reg=-0.9648  cls=0.3092  rmse=0.1842
[13:35:46] Epoch 070/100  lr=2.80e-05  train[reg=-0.9284 cls=0.3298 rmse=0.1840]  val[rmse=0.1798 cls=0.6115 xyz=(0.132,0.119,0.027) acc=0.924]  (44.9s)
[13:35:46]   ckpt 저장: out_classifier2\checkpoints\epoch_070.pth
[13:35:55]   Epoch 071 [  50/2849]  reg=-0.9703  cls=0.3779  rmse=0.1866
[13:35:55]   Epoch 071 [ 100/2849]  reg=-0.9645  cls=0.3278  rmse=0.1794
[13:35:56]   Epoch 071 [ 150/2849]  reg=-0.9548  cls=0.3523  rmse=0.1786
[13:35:56]   Epoch 071 [ 200/2849]  reg=-0.9679  cls=0.3104  rmse=0.1776
[13:35:57]   Epoch 071 [ 250/2849]  reg=-0.9688  cls=0.3018  rmse=0.1813
[13:35:57]   Epoch 071 [ 300/2849]  reg=-0.9610  cls=0.3142  rmse=0.1796
[13:35:58]   Epoch 071 [ 350/2849]  reg=-0.9558  cls=0.3343  rmse=0.1788
[13:35:58]   Epoch 071 [ 400/2849]  reg=-0.9590  cls=0.3187  rmse=0.1797
[13:35:59]   Epoch 071 [ 450/2849]  reg=-0.9679  cls=0.3402  rmse=0.1792
[13:35:59]   Epoch 071 [ 500/2849]  reg=-0.9707  cls=0.3463  rmse=0.1790
[13:36:00]   Epoch 071 [ 550/2849]  reg=-0.9647  cls=0.3642  rmse=0.1783
[13:36:00]   Epoch 071 [ 600/2849]  reg=-0.9669  cls=0.3244  rmse=0.1788
[13:36:01]   Epoch 071 [ 650/2849]  reg=-0.9680  cls=0.3161  rmse=0.1787
[13:36:01]   Epoch 071 [ 700/2849]  reg=-0.9602  cls=0.3162  rmse=0.1782
[13:36:02]   Epoch 071 [ 750/2849]  reg=-0.9614  cls=0.3354  rmse=0.1790
[13:36:02]   Epoch 071 [ 800/2849]  reg=-0.9564  cls=0.3306  rmse=0.1791
[13:36:03]   Epoch 071 [ 850/2849]  reg=-0.9605  cls=0.3051  rmse=0.1788
[13:36:03]   Epoch 071 [ 900/2849]  reg=-0.9661  cls=0.3232  rmse=0.1830
[13:36:04]   Epoch 071 [ 950/2849]  reg=-0.9590  cls=0.3083  rmse=0.1828
[13:36:04]   Epoch 071 [1000/2849]  reg=-0.9529  cls=0.3969  rmse=0.1825
[13:36:05]   Epoch 071 [1050/2849]  reg=-0.9693  cls=0.3319  rmse=0.1820
[13:36:05]   Epoch 071 [1100/2849]  reg=-0.9541  cls=0.3365  rmse=0.1818
[13:36:05]   Epoch 071 [1150/2849]  reg=-0.9589  cls=0.3114  rmse=0.1814
[13:36:06]   Epoch 071 [1200/2849]  reg=-0.9586  cls=0.3119  rmse=0.1811
[13:36:06]   Epoch 071 [1250/2849]  reg=-0.9503  cls=0.3338  rmse=0.1806
[13:36:07]   Epoch 071 [1300/2849]  reg=-0.9706  cls=0.3334  rmse=0.1813
[13:36:07]   Epoch 071 [1350/2849]  reg=-0.9671  cls=0.3439  rmse=0.1811
[13:36:08]   Epoch 071 [1400/2849]  reg=-0.9437  cls=0.2990  rmse=0.1817
[13:36:08]   Epoch 071 [1450/2849]  reg=-0.9667  cls=0.3366  rmse=0.1814
[13:36:09]   Epoch 071 [1500/2849]  reg=-0.9634  cls=0.3350  rmse=0.1817
[13:36:09]   Epoch 071 [1550/2849]  reg=-0.9657  cls=0.3117  rmse=0.1815
[13:36:10]   Epoch 071 [1600/2849]  reg=-0.9663  cls=0.3281  rmse=0.1812
[13:36:10]   Epoch 071 [1650/2849]  reg=-0.9692  cls=0.3415  rmse=0.1810
[13:36:11]   Epoch 071 [1700/2849]  reg=-0.9648  cls=0.3152  rmse=0.1809
[13:36:11]   Epoch 071 [1750/2849]  reg=-0.9531  cls=0.3264  rmse=0.1812
[13:36:12]   Epoch 071 [1800/2849]  reg=-0.9588  cls=0.3401  rmse=0.1810
[13:36:12]   Epoch 071 [1850/2849]  reg=-0.9632  cls=0.3228  rmse=0.1809
[13:36:13]   Epoch 071 [1900/2849]  reg=-0.9614  cls=0.3158  rmse=0.1806
[13:36:13]   Epoch 071 [1950/2849]  reg=-0.9667  cls=0.3316  rmse=0.1826
[13:36:14]   Epoch 071 [2000/2849]  reg=-0.9624  cls=0.3606  rmse=0.1824
[13:36:14]   Epoch 071 [2050/2849]  reg=-0.9567  cls=0.3580  rmse=0.1823
[13:36:15]   Epoch 071 [2100/2849]  reg=-0.9619  cls=0.3098  rmse=0.1822
[13:36:15]   Epoch 071 [2150/2849]  reg=-0.9572  cls=0.3299  rmse=0.1823
[13:36:16]   Epoch 071 [2200/2849]  reg=-0.9598  cls=0.3121  rmse=0.1825
[13:36:16]   Epoch 071 [2250/2849]  reg=-0.9630  cls=0.3126  rmse=0.1823
[13:36:17]   Epoch 071 [2300/2849]  reg=-0.9639  cls=0.3192  rmse=0.1822
[13:36:17]   Epoch 071 [2350/2849]  reg=-0.9591  cls=0.3199  rmse=0.1820
[13:36:18]   Epoch 071 [2400/2849]  reg=-0.9604  cls=0.3774  rmse=0.1823
[13:36:18]   Epoch 071 [2450/2849]  reg=-0.9733  cls=0.3640  rmse=0.1824
[13:36:19]   Epoch 071 [2500/2849]  reg=-0.9629  cls=0.3047  rmse=0.1823
[13:36:19]   Epoch 071 [2550/2849]  reg=-0.9594  cls=0.3740  rmse=0.1821
[13:36:20]   Epoch 071 [2600/2849]  reg=-0.9563  cls=0.3282  rmse=0.1835
[13:36:20]   Epoch 071 [2650/2849]  reg=-0.9690  cls=0.3310  rmse=0.1835
[13:36:21]   Epoch 071 [2700/2849]  reg=-0.9668  cls=0.3133  rmse=0.1833
[13:36:21]   Epoch 071 [2750/2849]  reg=-0.9685  cls=0.3044  rmse=0.1831
[13:36:22]   Epoch 071 [2800/2849]  reg=-0.9603  cls=0.3235  rmse=0.1829
[13:36:32] Epoch 071/100  lr=2.67e-05  train[reg=-0.9283 cls=0.3293 rmse=0.1842]  val[rmse=0.1798 cls=0.6168 xyz=(0.132,0.119,0.027) acc=0.923]  (45.8s)
[13:36:40]   Epoch 072 [  50/2849]  reg=-0.9652  cls=0.3104  rmse=0.1826
[13:36:41]   Epoch 072 [ 100/2849]  reg=-0.9699  cls=0.2995  rmse=0.1784
[13:36:41]   Epoch 072 [ 150/2849]  reg=-0.9571  cls=0.3476  rmse=0.1850
[13:36:42]   Epoch 072 [ 200/2849]  reg=-0.9565  cls=0.2986  rmse=0.1820
[13:36:42]   Epoch 072 [ 250/2849]  reg=-0.9656  cls=0.2944  rmse=0.1806
[13:36:42]   Epoch 072 [ 300/2849]  reg=-0.9579  cls=0.3777  rmse=0.1819
[13:36:43]   Epoch 072 [ 350/2849]  reg=-0.9575  cls=0.3184  rmse=0.1811
[13:36:43]   Epoch 072 [ 400/2849]  reg=-0.9673  cls=0.3150  rmse=0.1897
[13:36:44]   Epoch 072 [ 450/2849]  reg=-0.9630  cls=0.3107  rmse=0.1910
[13:36:44]   Epoch 072 [ 500/2849]  reg=-0.9660  cls=0.3005  rmse=0.1904
[13:36:45]   Epoch 072 [ 550/2849]  reg=-0.9658  cls=0.3040  rmse=0.1890
[13:36:45]   Epoch 072 [ 600/2849]  reg=-0.9446  cls=0.3130  rmse=0.1883
[13:36:46]   Epoch 072 [ 650/2849]  reg=-0.9660  cls=0.3211  rmse=0.1874
[13:36:46]   Epoch 072 [ 700/2849]  reg=-0.9588  cls=0.3071  rmse=0.1864
[13:36:47]   Epoch 072 [ 750/2849]  reg=-0.9599  cls=0.3105  rmse=0.1857
[13:36:47]   Epoch 072 [ 800/2849]  reg=-0.9713  cls=0.3453  rmse=0.1850
[13:36:48]   Epoch 072 [ 850/2849]  reg=-0.9609  cls=0.3251  rmse=0.1851
[13:36:48]   Epoch 072 [ 900/2849]  reg=-0.9637  cls=0.3190  rmse=0.1859
[13:36:49]   Epoch 072 [ 950/2849]  reg=-0.9563  cls=0.3322  rmse=0.1853
[13:36:49]   Epoch 072 [1000/2849]  reg=-0.9689  cls=0.3380  rmse=0.1846
[13:36:49]   Epoch 072 [1050/2849]  reg=-0.9675  cls=0.3343  rmse=0.1841
[13:36:50]   Epoch 072 [1100/2849]  reg=-0.9549  cls=0.3259  rmse=0.1871
[13:36:50]   Epoch 072 [1150/2849]  reg=-0.9556  cls=0.3439  rmse=0.1865
[13:36:51]   Epoch 072 [1200/2849]  reg=-0.9573  cls=0.3158  rmse=0.1865
[13:36:51]   Epoch 072 [1250/2849]  reg=-0.9679  cls=0.3363  rmse=0.1890
[13:36:52]   Epoch 072 [1300/2849]  reg=-0.9610  cls=0.3109  rmse=0.1884
[13:36:52]   Epoch 072 [1350/2849]  reg=-0.9602  cls=0.3218  rmse=0.1879
[13:36:53]   Epoch 072 [1400/2849]  reg=-0.9552  cls=0.2990  rmse=0.1874
[13:36:54]   Epoch 072 [1450/2849]  reg=-0.9705  cls=0.3188  rmse=0.1875
[13:36:54]   Epoch 072 [1500/2849]  reg=-0.9680  cls=0.3628  rmse=0.1869
[13:36:55]   Epoch 072 [1550/2849]  reg=-0.9676  cls=0.2904  rmse=0.1869
[13:36:55]   Epoch 072 [1600/2849]  reg=-0.9665  cls=0.3388  rmse=0.1865
[13:36:56]   Epoch 072 [1650/2849]  reg=-0.9696  cls=0.3085  rmse=0.1861
[13:36:56]   Epoch 072 [1700/2849]  reg=-0.9559  cls=0.3424  rmse=0.1861
[13:36:57]   Epoch 072 [1750/2849]  reg=-0.9633  cls=0.3713  rmse=0.1857
[13:36:57]   Epoch 072 [1800/2849]  reg=-0.9494  cls=0.3281  rmse=0.1854
[13:36:58]   Epoch 072 [1850/2849]  reg=-0.9522  cls=0.3190  rmse=0.1854
[13:36:58]   Epoch 072 [1900/2849]  reg=-0.9676  cls=0.3051  rmse=0.1854
[13:36:59]   Epoch 072 [1950/2849]  reg=-0.9032  cls=0.3201  rmse=0.1851
[13:36:59]   Epoch 072 [2000/2849]  reg=-0.9668  cls=0.3663  rmse=0.1848
[13:37:00]   Epoch 072 [2050/2849]  reg=-0.9655  cls=0.3530  rmse=0.1845
[13:37:00]   Epoch 072 [2100/2849]  reg=-0.9616  cls=0.3194  rmse=0.1862
[13:37:01]   Epoch 072 [2150/2849]  reg=-0.9589  cls=0.3158  rmse=0.1859
[13:37:01]   Epoch 072 [2200/2849]  reg=-0.9507  cls=0.3239  rmse=0.1856
[13:37:02]   Epoch 072 [2250/2849]  reg=-0.9631  cls=0.3318  rmse=0.1854
[13:37:02]   Epoch 072 [2300/2849]  reg=-0.9667  cls=0.3048  rmse=0.1852
[13:37:03]   Epoch 072 [2350/2849]  reg=-0.9457  cls=0.3420  rmse=0.1850
[13:37:03]   Epoch 072 [2400/2849]  reg=-0.9649  cls=0.3196  rmse=0.1848
[13:37:04]   Epoch 072 [2450/2849]  reg=-0.9639  cls=0.3061  rmse=0.1845
[13:37:04]   Epoch 072 [2500/2849]  reg=-0.9697  cls=0.3042  rmse=0.1846
[13:37:05]   Epoch 072 [2550/2849]  reg=-0.9662  cls=0.3442  rmse=0.1844
[13:37:05]   Epoch 072 [2600/2849]  reg=-0.9666  cls=0.3199  rmse=0.1845
[13:37:06]   Epoch 072 [2650/2849]  reg=-0.9641  cls=0.3523  rmse=0.1843
[13:37:06]   Epoch 072 [2700/2849]  reg=-0.9611  cls=0.3723  rmse=0.1842
[13:37:07]   Epoch 072 [2750/2849]  reg=-0.9597  cls=0.3328  rmse=0.1841
[13:37:07]   Epoch 072 [2800/2849]  reg=-0.9585  cls=0.3142  rmse=0.1839
[13:37:18] Epoch 072/100  lr=2.53e-05  train[reg=-0.9285 cls=0.3294 rmse=0.1837]  val[rmse=0.1793 cls=0.6153 xyz=(0.132,0.118,0.027) acc=0.923]  (45.6s)
[13:37:26]   Epoch 073 [  50/2849]  reg=-0.9636  cls=0.3337  rmse=0.1689
[13:37:26]   Epoch 073 [ 100/2849]  reg=-0.9652  cls=0.3189  rmse=0.1795
[13:37:27]   Epoch 073 [ 150/2849]  reg=-0.9642  cls=0.3351  rmse=0.2043
[13:37:27]   Epoch 073 [ 200/2849]  reg=-0.9639  cls=0.3122  rmse=0.1971
[13:37:28]   Epoch 073 [ 250/2849]  reg=-0.9678  cls=0.3070  rmse=0.1935
[13:37:28]   Epoch 073 [ 300/2849]  reg=-0.9709  cls=0.3287  rmse=0.1927
[13:37:29]   Epoch 073 [ 350/2849]  reg=-0.9582  cls=0.3087  rmse=0.1903
[13:37:29]   Epoch 073 [ 400/2849]  reg=-0.9642  cls=0.3037  rmse=0.1884
[13:37:29]   Epoch 073 [ 450/2849]  reg=-0.9701  cls=0.3513  rmse=0.1867
[13:37:30]   Epoch 073 [ 500/2849]  reg=-0.9662  cls=0.3024  rmse=0.1854
[13:37:30]   Epoch 073 [ 550/2849]  reg=-0.9565  cls=0.3316  rmse=0.1856
[13:37:31]   Epoch 073 [ 600/2849]  reg=-0.9693  cls=0.3027  rmse=0.1845
[13:37:31]   Epoch 073 [ 650/2849]  reg=-0.9679  cls=0.3335  rmse=0.1838
[13:37:32]   Epoch 073 [ 700/2849]  reg=-0.9675  cls=0.3356  rmse=0.1849
[13:37:32]   Epoch 073 [ 750/2849]  reg=-0.9673  cls=0.3201  rmse=0.1841
[13:37:33]   Epoch 073 [ 800/2849]  reg=-0.9630  cls=0.3117  rmse=0.1847
[13:37:33]   Epoch 073 [ 850/2849]  reg=-0.9586  cls=0.3968  rmse=0.1840
[13:37:34]   Epoch 073 [ 900/2849]  reg=-0.9664  cls=0.3055  rmse=0.1841
[13:37:34]   Epoch 073 [ 950/2849]  reg=-0.9673  cls=0.3223  rmse=0.1836
[13:37:35]   Epoch 073 [1000/2849]  reg=-0.9626  cls=0.3000  rmse=0.1831
[13:37:35]   Epoch 073 [1050/2849]  reg=-0.9627  cls=0.3356  rmse=0.1827
[13:37:36]   Epoch 073 [1100/2849]  reg=-0.9587  cls=0.3275  rmse=0.1823
[13:37:36]   Epoch 073 [1150/2849]  reg=-0.9678  cls=0.3191  rmse=0.1820
[13:37:37]   Epoch 073 [1200/2849]  reg=-0.9628  cls=0.3366  rmse=0.1817
[13:37:37]   Epoch 073 [1250/2849]  reg=-0.9624  cls=0.3435  rmse=0.1814
[13:37:37]   Epoch 073 [1300/2849]  reg=-0.9648  cls=0.3187  rmse=0.1810
[13:37:38]   Epoch 073 [1350/2849]  reg=-0.9613  cls=0.3343  rmse=0.1812
[13:37:38]   Epoch 073 [1400/2849]  reg=-0.9691  cls=0.2923  rmse=0.1814
[13:37:39]   Epoch 073 [1450/2849]  reg=-0.9440  cls=0.3606  rmse=0.1816
[13:37:39]   Epoch 073 [1500/2849]  reg=-0.9554  cls=0.3129  rmse=0.1814
[13:37:40]   Epoch 073 [1550/2849]  reg=-0.9627  cls=0.3407  rmse=0.1812
[13:37:40]   Epoch 073 [1600/2849]  reg=-0.9498  cls=0.3287  rmse=0.1809
[13:37:41]   Epoch 073 [1650/2849]  reg=-0.9672  cls=0.3060  rmse=0.1807
[13:37:41]   Epoch 073 [1700/2849]  reg=-0.9631  cls=0.3113  rmse=0.1804
[13:37:42]   Epoch 073 [1750/2849]  reg=-0.9605  cls=0.3370  rmse=0.1801
[13:37:42]   Epoch 073 [1800/2849]  reg=-0.9471  cls=0.3219  rmse=0.1804
[13:37:43]   Epoch 073 [1850/2849]  reg=-0.9669  cls=0.3114  rmse=0.1801
[13:37:43]   Epoch 073 [1900/2849]  reg=-0.9427  cls=0.3518  rmse=0.1800
[13:37:43]   Epoch 073 [1950/2849]  reg=-0.9701  cls=0.3415  rmse=0.1799
[13:37:44]   Epoch 073 [2000/2849]  reg=-0.9626  cls=0.3519  rmse=0.1801
[13:37:44]   Epoch 073 [2050/2849]  reg=-0.9583  cls=0.3796  rmse=0.1799
[13:37:45]   Epoch 073 [2100/2849]  reg=-0.9556  cls=0.3220  rmse=0.1797
[13:37:45]   Epoch 073 [2150/2849]  reg=-0.2755  cls=0.3400  rmse=0.1799
[13:37:46]   Epoch 073 [2200/2849]  reg=-0.9647  cls=0.3218  rmse=0.1797
[13:37:46]   Epoch 073 [2250/2849]  reg=-0.9544  cls=0.3195  rmse=0.1796
[13:37:47]   Epoch 073 [2300/2849]  reg=-0.9573  cls=0.3738  rmse=0.1814
[13:37:47]   Epoch 073 [2350/2849]  reg=-0.9690  cls=0.3506  rmse=0.1812
[13:37:48]   Epoch 073 [2400/2849]  reg=-0.9660  cls=0.3209  rmse=0.1811
[13:37:48]   Epoch 073 [2450/2849]  reg=-0.9708  cls=0.3016  rmse=0.1810
[13:37:49]   Epoch 073 [2500/2849]  reg=-0.9617  cls=0.3169  rmse=0.1808
[13:37:49]   Epoch 073 [2550/2849]  reg=-0.9670  cls=0.3378  rmse=0.1826
[13:37:50]   Epoch 073 [2600/2849]  reg=-0.9654  cls=0.3167  rmse=0.1825
[13:37:50]   Epoch 073 [2650/2849]  reg=-0.9642  cls=0.3010  rmse=0.1838
[13:37:50]   Epoch 073 [2700/2849]  reg=-0.9529  cls=0.4340  rmse=0.1836
[13:37:51]   Epoch 073 [2750/2849]  reg=-0.9689  cls=0.3281  rmse=0.1834
[13:37:51]   Epoch 073 [2800/2849]  reg=-0.9711  cls=0.3272  rmse=0.1832
[13:38:02] Epoch 073/100  lr=2.40e-05  train[reg=-0.9286 cls=0.3289 rmse=0.1835]  val[rmse=0.1785 cls=0.6215 xyz=(0.131,0.119,0.027) acc=0.921]  (44.4s)
[13:38:02]   ckpt 저장: out_classifier2\checkpoints\best.pth
[13:38:11]   Epoch 074 [  50/2849]  reg=-0.9682  cls=0.3254  rmse=0.1737
[13:38:12]   Epoch 074 [ 100/2849]  reg=-0.9477  cls=0.3805  rmse=0.1727
[13:38:12]   Epoch 074 [ 150/2849]  reg=-0.9659  cls=0.3255  rmse=0.1730
[13:38:13]   Epoch 074 [ 200/2849]  reg=-0.9628  cls=0.3195  rmse=0.1930
[13:38:13]   Epoch 074 [ 250/2849]  reg=-0.9521  cls=0.3466  rmse=0.1884
[13:38:14]   Epoch 074 [ 300/2849]  reg=-0.9713  cls=0.3603  rmse=0.1893
[13:38:14]   Epoch 074 [ 350/2849]  reg=-0.9716  cls=0.3140  rmse=0.1982
[13:38:15]   Epoch 074 [ 400/2849]  reg=-0.9627  cls=0.3327  rmse=0.1981
[13:38:15]   Epoch 074 [ 450/2849]  reg=-0.9565  cls=0.3009  rmse=0.1954
[13:38:16]   Epoch 074 [ 500/2849]  reg=-0.9589  cls=0.2933  rmse=0.1949
[13:38:17]   Epoch 074 [ 550/2849]  reg=-0.9696  cls=0.3635  rmse=0.1941
[13:38:17]   Epoch 074 [ 600/2849]  reg=-0.9518  cls=0.3497  rmse=0.1924
[13:38:18]   Epoch 074 [ 650/2849]  reg=-0.9659  cls=0.3443  rmse=0.1918
[13:38:18]   Epoch 074 [ 700/2849]  reg=-0.9603  cls=0.2963  rmse=0.1909
[13:38:19]   Epoch 074 [ 750/2849]  reg=-0.9532  cls=0.3090  rmse=0.1905
[13:38:19]   Epoch 074 [ 800/2849]  reg=-0.9651  cls=0.3492  rmse=0.1905
[13:38:20]   Epoch 074 [ 850/2849]  reg=-0.9588  cls=0.3809  rmse=0.1904
[13:38:20]   Epoch 074 [ 900/2849]  reg=-0.9662  cls=0.3537  rmse=0.1893
[13:38:21]   Epoch 074 [ 950/2849]  reg=-0.9595  cls=0.3521  rmse=0.1886
[13:38:21]   Epoch 074 [1000/2849]  reg=-0.9639  cls=0.3104  rmse=0.1885
[13:38:22]   Epoch 074 [1050/2849]  reg=-0.9679  cls=0.3760  rmse=0.1879
[13:38:22]   Epoch 074 [1100/2849]  reg=-0.9607  cls=0.3291  rmse=0.1873
[13:38:23]   Epoch 074 [1150/2849]  reg=-0.9668  cls=0.3687  rmse=0.1874
[13:38:23]   Epoch 074 [1200/2849]  reg=-0.9732  cls=0.3209  rmse=0.1867
[13:38:24]   Epoch 074 [1250/2849]  reg=-0.9694  cls=0.3245  rmse=0.1862
[13:38:24]   Epoch 074 [1300/2849]  reg=-0.9687  cls=0.3410  rmse=0.1858
[13:38:25]   Epoch 074 [1350/2849]  reg=-0.9691  cls=0.3151  rmse=0.1855
[13:38:25]   Epoch 074 [1400/2849]  reg=-0.9431  cls=0.3321  rmse=0.1850
[13:38:26]   Epoch 074 [1450/2849]  reg=-0.9624  cls=0.3289  rmse=0.1847
[13:38:26]   Epoch 074 [1500/2849]  reg=-0.9642  cls=0.3366  rmse=0.1869
[13:38:27]   Epoch 074 [1550/2849]  reg=-0.9558  cls=0.3405  rmse=0.1865
[13:38:27]   Epoch 074 [1600/2849]  reg=-0.9699  cls=0.3077  rmse=0.1861
[13:38:28]   Epoch 074 [1650/2849]  reg=-0.9746  cls=0.3084  rmse=0.1857
[13:38:28]   Epoch 074 [1700/2849]  reg=-0.9675  cls=0.3233  rmse=0.1857
[13:38:29]   Epoch 074 [1750/2849]  reg=-0.9504  cls=0.3312  rmse=0.1853
[13:38:29]   Epoch 074 [1800/2849]  reg=-0.9628  cls=0.3081  rmse=0.1850
[13:38:30]   Epoch 074 [1850/2849]  reg=-0.9520  cls=0.3446  rmse=0.1871
[13:38:30]   Epoch 074 [1900/2849]  reg=-0.9706  cls=0.3001  rmse=0.1866
[13:38:31]   Epoch 074 [1950/2849]  reg=-0.9603  cls=0.3132  rmse=0.1863
[13:38:31]   Epoch 074 [2000/2849]  reg=-0.9617  cls=0.2926  rmse=0.1863
[13:38:32]   Epoch 074 [2050/2849]  reg=-0.9660  cls=0.3393  rmse=0.1859
[13:38:32]   Epoch 074 [2100/2849]  reg=-0.9659  cls=0.3403  rmse=0.1856
[13:38:33]   Epoch 074 [2150/2849]  reg=-0.9626  cls=0.3451  rmse=0.1853
[13:38:33]   Epoch 074 [2200/2849]  reg=-0.9595  cls=0.3293  rmse=0.1853
[13:38:34]   Epoch 074 [2250/2849]  reg=-0.9596  cls=0.3271  rmse=0.1851
[13:38:34]   Epoch 074 [2300/2849]  reg=-0.9583  cls=0.3110  rmse=0.1851
[13:38:35]   Epoch 074 [2350/2849]  reg=-0.9680  cls=0.3300  rmse=0.1849
[13:38:35]   Epoch 074 [2400/2849]  reg=-0.9522  cls=0.3128  rmse=0.1846
[13:38:36]   Epoch 074 [2450/2849]  reg=-0.9542  cls=0.3210  rmse=0.1845
[13:38:36]   Epoch 074 [2500/2849]  reg=-0.9444  cls=0.3291  rmse=0.1843
[13:38:37]   Epoch 074 [2550/2849]  reg=-0.9685  cls=0.3094  rmse=0.1841
[13:38:37]   Epoch 074 [2600/2849]  reg=-0.9544  cls=0.2942  rmse=0.1840
[13:38:38]   Epoch 074 [2650/2849]  reg=-0.9688  cls=0.3265  rmse=0.1837
[13:38:38]   Epoch 074 [2700/2849]  reg=-0.9641  cls=0.3954  rmse=0.1836
[13:38:39]   Epoch 074 [2750/2849]  reg=-0.9545  cls=0.3171  rmse=0.1834
[13:38:39]   Epoch 074 [2800/2849]  reg=-0.9535  cls=0.3194  rmse=0.1834
[13:38:50] Epoch 074/100  lr=2.27e-05  train[reg=-0.9287 cls=0.3287 rmse=0.1832]  val[rmse=0.1784 cls=0.6112 xyz=(0.131,0.118,0.027) acc=0.923]  (48.4s)
[13:38:50]   ckpt 저장: out_classifier2\checkpoints\best.pth
[13:38:59]   Epoch 075 [  50/2849]  reg=-0.9710  cls=0.3248  rmse=0.1732
[13:39:00]   Epoch 075 [ 100/2849]  reg=-0.9645  cls=0.2960  rmse=0.1797
[13:39:00]   Epoch 075 [ 150/2849]  reg=-0.9629  cls=0.3089  rmse=0.1772
[13:39:01]   Epoch 075 [ 200/2849]  reg=-0.9645  cls=0.3520  rmse=0.1757
[13:39:02]   Epoch 075 [ 250/2849]  reg=-0.9641  cls=0.3071  rmse=0.1760
[13:39:02]   Epoch 075 [ 300/2849]  reg=-0.9590  cls=0.4227  rmse=0.1763
[13:39:03]   Epoch 075 [ 350/2849]  reg=-0.9675  cls=0.3253  rmse=0.1759
[13:39:03]   Epoch 075 [ 400/2849]  reg=-0.9587  cls=0.3296  rmse=0.1753
[13:39:04]   Epoch 075 [ 450/2849]  reg=-0.9693  cls=0.2889  rmse=0.1750
[13:39:04]   Epoch 075 [ 500/2849]  reg=-0.9628  cls=0.3237  rmse=0.1744
[13:39:05]   Epoch 075 [ 550/2849]  reg=-0.9438  cls=0.3306  rmse=0.1814
[13:39:05]   Epoch 075 [ 600/2849]  reg=-0.9697  cls=0.3088  rmse=0.1809
[13:39:06]   Epoch 075 [ 650/2849]  reg=-0.9623  cls=0.3163  rmse=0.1809
[13:39:06]   Epoch 075 [ 700/2849]  reg=-0.9580  cls=0.3547  rmse=0.1806
[13:39:07]   Epoch 075 [ 750/2849]  reg=-0.9696  cls=0.3049  rmse=0.1801
[13:39:07]   Epoch 075 [ 800/2849]  reg=-0.9634  cls=0.3356  rmse=0.1797
[13:39:08]   Epoch 075 [ 850/2849]  reg=-0.9641  cls=0.3030  rmse=0.1791
[13:39:08]   Epoch 075 [ 900/2849]  reg=-0.9686  cls=0.3083  rmse=0.1786
[13:39:09]   Epoch 075 [ 950/2849]  reg=-0.9595  cls=0.3089  rmse=0.1787
[13:39:09]   Epoch 075 [1000/2849]  reg=-0.9695  cls=0.3307  rmse=0.1786
[13:39:10]   Epoch 075 [1050/2849]  reg=-0.9591  cls=0.3154  rmse=0.1784
[13:39:10]   Epoch 075 [1100/2849]  reg=-0.9591  cls=0.3446  rmse=0.1782
[13:39:11]   Epoch 075 [1150/2849]  reg=-0.9662  cls=0.3075  rmse=0.1787
[13:39:11]   Epoch 075 [1200/2849]  reg=-0.9658  cls=0.3070  rmse=0.1786
[13:39:12]   Epoch 075 [1250/2849]  reg=-0.9700  cls=0.3213  rmse=0.1784
[13:39:12]   Epoch 075 [1300/2849]  reg=-0.9612  cls=0.3082  rmse=0.1781
[13:39:13]   Epoch 075 [1350/2849]  reg=-0.9704  cls=0.3280  rmse=0.1789
[13:39:13]   Epoch 075 [1400/2849]  reg=-0.9651  cls=0.3048  rmse=0.1788
[13:39:14]   Epoch 075 [1450/2849]  reg=-0.9669  cls=0.3394  rmse=0.1786
[13:39:14]   Epoch 075 [1500/2849]  reg=-0.9711  cls=0.3310  rmse=0.1789
[13:39:15]   Epoch 075 [1550/2849]  reg=-0.9727  cls=0.3377  rmse=0.1791
[13:39:15]   Epoch 075 [1600/2849]  reg=-0.9557  cls=0.3231  rmse=0.1790
[13:39:16]   Epoch 075 [1650/2849]  reg=-0.9663  cls=0.3123  rmse=0.1792
[13:39:16]   Epoch 075 [1700/2849]  reg=-0.9601  cls=0.3088  rmse=0.1790
[13:39:17]   Epoch 075 [1750/2849]  reg=-0.9670  cls=0.3036  rmse=0.1792
[13:39:17]   Epoch 075 [1800/2849]  reg=-0.9590  cls=0.3750  rmse=0.1798
[13:39:18]   Epoch 075 [1850/2849]  reg=-0.9672  cls=0.3253  rmse=0.1817
[13:39:18]   Epoch 075 [1900/2849]  reg=-0.9736  cls=0.3089  rmse=0.1818
[13:39:19]   Epoch 075 [1950/2849]  reg=-0.9658  cls=0.3359  rmse=0.1815
[13:39:19]   Epoch 075 [2000/2849]  reg=-0.9643  cls=0.3014  rmse=0.1833
[13:39:20]   Epoch 075 [2050/2849]  reg=-0.9551  cls=0.3127  rmse=0.1829
[13:39:20]   Epoch 075 [2100/2849]  reg=-0.9708  cls=0.3187  rmse=0.1827
[13:39:21]   Epoch 075 [2150/2849]  reg=-0.9663  cls=0.3294  rmse=0.1825
[13:39:21]   Epoch 075 [2200/2849]  reg=-0.9637  cls=0.3589  rmse=0.1825
[13:39:22]   Epoch 075 [2250/2849]  reg=-0.9580  cls=0.3415  rmse=0.1826
[13:39:22]   Epoch 075 [2300/2849]  reg=-0.9608  cls=0.3192  rmse=0.1824
[13:39:23]   Epoch 075 [2350/2849]  reg=-0.9611  cls=0.3246  rmse=0.1825
[13:39:23]   Epoch 075 [2400/2849]  reg=-0.9661  cls=0.3164  rmse=0.1824
[13:39:24]   Epoch 075 [2450/2849]  reg=-0.9701  cls=0.2881  rmse=0.1821
[13:39:24]   Epoch 075 [2500/2849]  reg=-0.9618  cls=0.3497  rmse=0.1821
[13:39:25]   Epoch 075 [2550/2849]  reg=-0.9584  cls=0.3255  rmse=0.1819
[13:39:25]   Epoch 075 [2600/2849]  reg=-0.9672  cls=0.3024  rmse=0.1838
[13:39:26]   Epoch 075 [2650/2849]  reg=-0.9516  cls=0.3009  rmse=0.1835
[13:39:26]   Epoch 075 [2700/2849]  reg=-0.9531  cls=0.3183  rmse=0.1835
[13:39:27]   Epoch 075 [2750/2849]  reg=-0.9594  cls=0.3522  rmse=0.1833
[13:39:27]   Epoch 075 [2800/2849]  reg=-0.9695  cls=0.3232  rmse=0.1832
[13:39:38] Epoch 075/100  lr=2.14e-05  train[reg=-0.9289 cls=0.3284 rmse=0.1831]  val[rmse=0.1783 cls=0.6123 xyz=(0.131,0.118,0.027) acc=0.924]  (47.5s)
[13:39:38]   ckpt 저장: out_classifier2\checkpoints\best.pth
[13:39:47]   Epoch 076 [  50/2849]  reg=-0.9557  cls=0.3078  rmse=0.1737
[13:39:47]   Epoch 076 [ 100/2849]  reg=-0.9661  cls=0.2925  rmse=0.1796
[13:39:48]   Epoch 076 [ 150/2849]  reg=-0.9583  cls=0.3226  rmse=0.1776
[13:39:48]   Epoch 076 [ 200/2849]  reg=-0.9634  cls=0.3235  rmse=0.1767
[13:39:49]   Epoch 076 [ 250/2849]  reg=-0.9701  cls=0.3110  rmse=0.1764
[13:39:49]   Epoch 076 [ 300/2849]  reg=-0.9537  cls=0.3123  rmse=0.1760
[13:39:50]   Epoch 076 [ 350/2849]  reg=-0.9628  cls=0.3484  rmse=0.1752
[13:39:50]   Epoch 076 [ 400/2849]  reg=-0.9458  cls=0.3022  rmse=0.1749
[13:39:51]   Epoch 076 [ 450/2849]  reg=-0.9550  cls=0.3592  rmse=0.1747
[13:39:51]   Epoch 076 [ 500/2849]  reg=-0.9672  cls=0.3251  rmse=0.1745
[13:39:52]   Epoch 076 [ 550/2849]  reg=-0.9536  cls=0.3312  rmse=0.1740
[13:39:52]   Epoch 076 [ 600/2849]  reg=-0.9636  cls=0.3095  rmse=0.1748
[13:39:53]   Epoch 076 [ 650/2849]  reg=-0.9687  cls=0.3036  rmse=0.1748
[13:39:53]   Epoch 076 [ 700/2849]  reg=-0.9600  cls=0.3424  rmse=0.1748
[13:39:54]   Epoch 076 [ 750/2849]  reg=-0.9482  cls=0.3035  rmse=0.1758
[13:39:54]   Epoch 076 [ 800/2849]  reg=-0.9615  cls=0.3279  rmse=0.1764
[13:39:54]   Epoch 076 [ 850/2849]  reg=-0.9644  cls=0.3043  rmse=0.1765
[13:39:55]   Epoch 076 [ 900/2849]  reg=-0.9676  cls=0.3099  rmse=0.1762
[13:39:55]   Epoch 076 [ 950/2849]  reg=-0.9651  cls=0.3045  rmse=0.1761
[13:39:56]   Epoch 076 [1000/2849]  reg=-0.9653  cls=0.2974  rmse=0.1766
[13:39:56]   Epoch 076 [1050/2849]  reg=-0.9624  cls=0.3375  rmse=0.1764
[13:39:57]   Epoch 076 [1100/2849]  reg=-0.9702  cls=0.3183  rmse=0.1763
[13:39:57]   Epoch 076 [1150/2849]  reg=-0.9613  cls=0.3198  rmse=0.1772
[13:39:58]   Epoch 076 [1200/2849]  reg=-0.9599  cls=0.3433  rmse=0.1771
[13:39:58]   Epoch 076 [1250/2849]  reg=-0.9661  cls=0.3327  rmse=0.1767
[13:39:59]   Epoch 076 [1300/2849]  reg=-0.9586  cls=0.3415  rmse=0.1767
[13:39:59]   Epoch 076 [1350/2849]  reg=-0.9637  cls=0.3409  rmse=0.1764
[13:40:00]   Epoch 076 [1400/2849]  reg=-0.9626  cls=0.3322  rmse=0.1795
[13:40:00]   Epoch 076 [1450/2849]  reg=-0.9677  cls=0.3130  rmse=0.1802
[13:40:01]   Epoch 076 [1500/2849]  reg=-0.9689  cls=0.3063  rmse=0.1804
[13:40:01]   Epoch 076 [1550/2849]  reg=-0.9499  cls=0.3112  rmse=0.1803
[13:40:02]   Epoch 076 [1600/2849]  reg=-0.9608  cls=0.3065  rmse=0.1805
[13:40:02]   Epoch 076 [1650/2849]  reg=-0.9575  cls=0.3620  rmse=0.1803
[13:40:03]   Epoch 076 [1700/2849]  reg=-0.9680  cls=0.3427  rmse=0.1808
[13:40:03]   Epoch 076 [1750/2849]  reg=-0.9602  cls=0.2930  rmse=0.1807
[13:40:04]   Epoch 076 [1800/2849]  reg=-0.9592  cls=0.3233  rmse=0.1826
[13:40:04]   Epoch 076 [1850/2849]  reg=-0.9720  cls=0.3595  rmse=0.1823
[13:40:05]   Epoch 076 [1900/2849]  reg=-0.9688  cls=0.3140  rmse=0.1822
[13:40:05]   Epoch 076 [1950/2849]  reg=-0.9713  cls=0.3061  rmse=0.1839
[13:40:06]   Epoch 076 [2000/2849]  reg=-0.9591  cls=0.3257  rmse=0.1836
[13:40:06]   Epoch 076 [2050/2849]  reg=-0.9660  cls=0.3201  rmse=0.1834
[13:40:07]   Epoch 076 [2100/2849]  reg=-0.9649  cls=0.3146  rmse=0.1831
[13:40:07]   Epoch 076 [2150/2849]  reg=-0.9653  cls=0.3336  rmse=0.1828
[13:40:08]   Epoch 076 [2200/2849]  reg=-0.9620  cls=0.3014  rmse=0.1827
[13:40:08]   Epoch 076 [2250/2849]  reg=-0.9694  cls=0.3246  rmse=0.1824
[13:40:09]   Epoch 076 [2300/2849]  reg=-0.9590  cls=0.3549  rmse=0.1822
[13:40:09]   Epoch 076 [2350/2849]  reg=-0.9606  cls=0.3147  rmse=0.1820
[13:40:10]   Epoch 076 [2400/2849]  reg=-0.9635  cls=0.3225  rmse=0.1818
[13:40:10]   Epoch 076 [2450/2849]  reg=-0.9638  cls=0.3119  rmse=0.1816
[13:40:11]   Epoch 076 [2500/2849]  reg=-0.9662  cls=0.3190  rmse=0.1820
[13:40:11]   Epoch 076 [2550/2849]  reg=-0.9682  cls=0.3421  rmse=0.1818
[13:40:12]   Epoch 076 [2600/2849]  reg=-0.9448  cls=0.3320  rmse=0.1817
[13:40:12]   Epoch 076 [2650/2849]  reg=-0.9611  cls=0.3578  rmse=0.1816
[13:40:13]   Epoch 076 [2700/2849]  reg=-0.9650  cls=0.3446  rmse=0.1817
[13:40:13]   Epoch 076 [2750/2849]  reg=-0.9588  cls=0.3039  rmse=0.1832
[13:40:14]   Epoch 076 [2800/2849]  reg=-0.9683  cls=0.2909  rmse=0.1830
[13:40:26] Epoch 076/100  lr=2.02e-05  train[reg=-0.9289 cls=0.3286 rmse=0.1829]  val[rmse=0.1788 cls=0.6156 xyz=(0.132,0.118,0.027) acc=0.923]  (47.6s)
[13:40:34]   Epoch 077 [  50/2849]  reg=-0.9681  cls=0.3630  rmse=0.1754
[13:40:35]   Epoch 077 [ 100/2849]  reg=-0.9602  cls=0.3278  rmse=0.1729
[13:40:36]   Epoch 077 [ 150/2849]  reg=-0.9746  cls=0.3553  rmse=0.1735
[13:40:36]   Epoch 077 [ 200/2849]  reg=-0.9612  cls=0.3247  rmse=0.1789
[13:40:37]   Epoch 077 [ 250/2849]  reg=-0.9668  cls=0.3276  rmse=0.1773
[13:40:37]   Epoch 077 [ 300/2849]  reg=-0.9710  cls=0.3466  rmse=0.1765
[13:40:38]   Epoch 077 [ 350/2849]  reg=-0.9667  cls=0.3127  rmse=0.1784
[13:40:38]   Epoch 077 [ 400/2849]  reg=-0.9579  cls=0.3348  rmse=0.1782
[13:40:39]   Epoch 077 [ 450/2849]  reg=-0.9609  cls=0.3247  rmse=0.1773
[13:40:39]   Epoch 077 [ 500/2849]  reg=-0.9608  cls=0.3194  rmse=0.1770
[13:40:40]   Epoch 077 [ 550/2849]  reg=-0.9586  cls=0.3094  rmse=0.1768
[13:40:40]   Epoch 077 [ 600/2849]  reg=-0.9678  cls=0.3322  rmse=0.1766
[13:40:41]   Epoch 077 [ 650/2849]  reg=-0.9606  cls=0.2833  rmse=0.1764
[13:40:41]   Epoch 077 [ 700/2849]  reg=-0.9575  cls=0.3544  rmse=0.1760
[13:40:42]   Epoch 077 [ 750/2849]  reg=-0.9699  cls=0.3315  rmse=0.1760
[13:40:42]   Epoch 077 [ 800/2849]  reg=-0.9616  cls=0.3166  rmse=0.1816
[13:40:43]   Epoch 077 [ 850/2849]  reg=-0.9680  cls=0.3296  rmse=0.1809
[13:40:43]   Epoch 077 [ 900/2849]  reg=-0.9731  cls=0.3044  rmse=0.1808
[13:40:44]   Epoch 077 [ 950/2849]  reg=-0.9538  cls=0.3001  rmse=0.1803
[13:40:44]   Epoch 077 [1000/2849]  reg=-0.9714  cls=0.3082  rmse=0.1807
[13:40:45]   Epoch 077 [1050/2849]  reg=-0.9628  cls=0.3165  rmse=0.1807
[13:40:45]   Epoch 077 [1100/2849]  reg=-0.9644  cls=0.3408  rmse=0.1805
[13:40:46]   Epoch 077 [1150/2849]  reg=-0.9703  cls=0.2993  rmse=0.1802
[13:40:46]   Epoch 077 [1200/2849]  reg=-0.9656  cls=0.3128  rmse=0.1799
[13:40:47]   Epoch 077 [1250/2849]  reg=-0.9617  cls=0.3178  rmse=0.1807
[13:40:47]   Epoch 077 [1300/2849]  reg=-0.9570  cls=0.2986  rmse=0.1804
[13:40:48]   Epoch 077 [1350/2849]  reg=-0.9549  cls=0.3250  rmse=0.1803
[13:40:48]   Epoch 077 [1400/2849]  reg=-0.9710  cls=0.3821  rmse=0.1830
[13:40:49]   Epoch 077 [1450/2849]  reg=-0.9555  cls=0.3131  rmse=0.1830
[13:40:49]   Epoch 077 [1500/2849]  reg=-0.9656  cls=0.3188  rmse=0.1831
[13:40:50]   Epoch 077 [1550/2849]  reg=-0.9564  cls=0.3543  rmse=0.1827
[13:40:50]   Epoch 077 [1600/2849]  reg=-0.9671  cls=0.3456  rmse=0.1823
[13:40:51]   Epoch 077 [1650/2849]  reg=-0.9489  cls=0.3337  rmse=0.1823
[13:40:51]   Epoch 077 [1700/2849]  reg=-0.9572  cls=0.3372  rmse=0.1821
[13:40:52]   Epoch 077 [1750/2849]  reg=-0.9666  cls=0.3439  rmse=0.1841
[13:40:53]   Epoch 077 [1800/2849]  reg=-0.9653  cls=0.4046  rmse=0.1844
[13:40:53]   Epoch 077 [1850/2849]  reg=-0.9659  cls=0.3180  rmse=0.1840
[13:40:54]   Epoch 077 [1900/2849]  reg=-0.9696  cls=0.3362  rmse=0.1837
[13:40:54]   Epoch 077 [1950/2849]  reg=-0.9583  cls=0.3253  rmse=0.1838
[13:40:55]   Epoch 077 [2000/2849]  reg=-0.9522  cls=0.3211  rmse=0.1838
[13:40:55]   Epoch 077 [2050/2849]  reg=-0.9656  cls=0.3166  rmse=0.1835
[13:40:56]   Epoch 077 [2100/2849]  reg=-0.9563  cls=0.3139  rmse=0.1833
[13:40:56]   Epoch 077 [2150/2849]  reg=-0.9628  cls=0.3052  rmse=0.1831
[13:40:57]   Epoch 077 [2200/2849]  reg=-0.9625  cls=0.3203  rmse=0.1828
[13:40:57]   Epoch 077 [2250/2849]  reg=-0.9560  cls=0.3370  rmse=0.1826
[13:40:58]   Epoch 077 [2300/2849]  reg=-0.9752  cls=0.3274  rmse=0.1826
[13:40:58]   Epoch 077 [2350/2849]  reg=-0.9688  cls=0.3186  rmse=0.1825
[13:40:59]   Epoch 077 [2400/2849]  reg=-0.9670  cls=0.3182  rmse=0.1822
[13:40:59]   Epoch 077 [2450/2849]  reg=-0.9338  cls=0.3254  rmse=0.1820
[13:41:00]   Epoch 077 [2500/2849]  reg=-0.9692  cls=0.3141  rmse=0.1818
[13:41:01]   Epoch 077 [2550/2849]  reg=-0.9654  cls=0.3042  rmse=0.1816
[13:41:01]   Epoch 077 [2600/2849]  reg=-0.9710  cls=0.3421  rmse=0.1814
[13:41:02]   Epoch 077 [2650/2849]  reg=-0.9685  cls=0.3696  rmse=0.1812
[13:41:02]   Epoch 077 [2700/2849]  reg=-0.9668  cls=0.3573  rmse=0.1825
[13:41:02]   Epoch 077 [2750/2849]  reg=-0.9649  cls=0.3029  rmse=0.1826
[13:41:03]   Epoch 077 [2800/2849]  reg=-0.9576  cls=0.3252  rmse=0.1827
[13:41:14] Epoch 077/100  lr=1.89e-05  train[reg=-0.9292 cls=0.3286 rmse=0.1825]  val[rmse=0.1786 cls=0.6143 xyz=(0.131,0.118,0.027) acc=0.923]  (48.7s)
[13:41:23]   Epoch 078 [  50/2849]  reg=-0.9723  cls=0.3107  rmse=0.1731
[13:41:24]   Epoch 078 [ 100/2849]  reg=-0.9616  cls=0.3372  rmse=0.1735
[13:41:24]   Epoch 078 [ 150/2849]  reg=-0.9648  cls=0.3172  rmse=0.1748
[13:41:25]   Epoch 078 [ 200/2849]  reg=-0.9691  cls=0.2921  rmse=0.1795
[13:41:25]   Epoch 078 [ 250/2849]  reg=-0.9644  cls=0.3411  rmse=0.1804
[13:41:26]   Epoch 078 [ 300/2849]  reg=-0.9618  cls=0.3152  rmse=0.1790
[13:41:26]   Epoch 078 [ 350/2849]  reg=-0.9560  cls=0.3083  rmse=0.1779
[13:41:27]   Epoch 078 [ 400/2849]  reg=-0.9624  cls=0.3219  rmse=0.1775
[13:41:27]   Epoch 078 [ 450/2849]  reg=-0.9637  cls=0.3348  rmse=0.1772
[13:41:28]   Epoch 078 [ 500/2849]  reg=-0.9583  cls=0.2876  rmse=0.1781
[13:41:28]   Epoch 078 [ 550/2849]  reg=-0.9631  cls=0.2932  rmse=0.1776
[13:41:29]   Epoch 078 [ 600/2849]  reg=-0.9688  cls=0.3097  rmse=0.1770
[13:41:29]   Epoch 078 [ 650/2849]  reg=-0.9671  cls=0.3212  rmse=0.1778
[13:41:30]   Epoch 078 [ 700/2849]  reg=-0.9672  cls=0.3259  rmse=0.1775
[13:41:30]   Epoch 078 [ 750/2849]  reg=-0.9719  cls=0.3375  rmse=0.1772
[13:41:31]   Epoch 078 [ 800/2849]  reg=-0.9685  cls=0.2916  rmse=0.1768
[13:41:31]   Epoch 078 [ 850/2849]  reg=-0.9617  cls=0.3193  rmse=0.1773
[13:41:32]   Epoch 078 [ 900/2849]  reg=-0.9697  cls=0.3573  rmse=0.1772
[13:41:32]   Epoch 078 [ 950/2849]  reg=-0.9661  cls=0.2970  rmse=0.1769
[13:41:33]   Epoch 078 [1000/2849]  reg=-0.9670  cls=0.3037  rmse=0.1766
[13:41:33]   Epoch 078 [1050/2849]  reg=-0.9630  cls=0.3047  rmse=0.1808
[13:41:34]   Epoch 078 [1100/2849]  reg=-0.9653  cls=0.3304  rmse=0.1804
[13:41:34]   Epoch 078 [1150/2849]  reg=-0.9495  cls=0.3398  rmse=0.1801
[13:41:35]   Epoch 078 [1200/2849]  reg=-0.9684  cls=0.3296  rmse=0.1798
[13:41:35]   Epoch 078 [1250/2849]  reg=-0.9687  cls=0.3197  rmse=0.1794
[13:41:36]   Epoch 078 [1300/2849]  reg=-0.9632  cls=0.3010  rmse=0.1852
[13:41:36]   Epoch 078 [1350/2849]  reg=-0.9641  cls=0.3396  rmse=0.1848
[13:41:37]   Epoch 078 [1400/2849]  reg=-0.9497  cls=0.3495  rmse=0.1845
[13:41:37]   Epoch 078 [1450/2849]  reg=-0.9566  cls=0.3208  rmse=0.1842
[13:41:38]   Epoch 078 [1500/2849]  reg=-0.9580  cls=0.3031  rmse=0.1838
[13:41:38]   Epoch 078 [1550/2849]  reg=-0.9712  cls=0.3084  rmse=0.1837
[13:41:39]   Epoch 078 [1600/2849]  reg=-0.9683  cls=0.3271  rmse=0.1841
[13:41:39]   Epoch 078 [1650/2849]  reg=-0.9504  cls=0.3727  rmse=0.1837
[13:41:40]   Epoch 078 [1700/2849]  reg=-0.9684  cls=0.3163  rmse=0.1833
[13:41:40]   Epoch 078 [1750/2849]  reg=-0.9656  cls=0.3021  rmse=0.1830
[13:41:41]   Epoch 078 [1800/2849]  reg=-0.9576  cls=0.3079  rmse=0.1828
[13:41:41]   Epoch 078 [1850/2849]  reg=-0.9597  cls=0.2891  rmse=0.1825
[13:41:42]   Epoch 078 [1900/2849]  reg=-0.9684  cls=0.3489  rmse=0.1826
[13:41:42]   Epoch 078 [1950/2849]  reg=-0.9669  cls=0.2962  rmse=0.1824
[13:41:43]   Epoch 078 [2000/2849]  reg=-0.9646  cls=0.3428  rmse=0.1822
[13:41:43]   Epoch 078 [2050/2849]  reg=-0.9667  cls=0.2956  rmse=0.1823
[13:41:44]   Epoch 078 [2100/2849]  reg=-0.9653  cls=0.3349  rmse=0.1821
[13:41:44]   Epoch 078 [2150/2849]  reg=-0.9538  cls=0.3154  rmse=0.1820
[13:41:45]   Epoch 078 [2200/2849]  reg=-0.9580  cls=0.3259  rmse=0.1817
[13:41:45]   Epoch 078 [2250/2849]  reg=-0.9737  cls=0.3117  rmse=0.1819
[13:41:46]   Epoch 078 [2300/2849]  reg=-0.9712  cls=0.3289  rmse=0.1820
[13:41:46]   Epoch 078 [2350/2849]  reg=-0.9571  cls=0.2977  rmse=0.1818
[13:41:47]   Epoch 078 [2400/2849]  reg=-0.9683  cls=0.3063  rmse=0.1816
[13:41:47]   Epoch 078 [2450/2849]  reg=-0.9661  cls=0.2953  rmse=0.1814
[13:41:48]   Epoch 078 [2500/2849]  reg=-0.9616  cls=0.2977  rmse=0.1813
[13:41:48]   Epoch 078 [2550/2849]  reg=-0.9725  cls=0.3067  rmse=0.1814
[13:41:49]   Epoch 078 [2600/2849]  reg=-0.9661  cls=0.3275  rmse=0.1815
[13:41:49]   Epoch 078 [2650/2849]  reg=-0.9624  cls=0.3120  rmse=0.1816
[13:41:50]   Epoch 078 [2700/2849]  reg=-0.9690  cls=0.2960  rmse=0.1814
[13:41:50]   Epoch 078 [2750/2849]  reg=-0.9598  cls=0.3267  rmse=0.1813
[13:41:51]   Epoch 078 [2800/2849]  reg=-0.9710  cls=0.3232  rmse=0.1825
[13:42:02] Epoch 078/100  lr=1.78e-05  train[reg=-0.9290 cls=0.3280 rmse=0.1823]  val[rmse=0.1790 cls=0.6197 xyz=(0.132,0.118,0.027) acc=0.923]  (47.8s)
[13:42:11]   Epoch 079 [  50/2849]  reg=-0.9564  cls=0.3390  rmse=0.1846
[13:42:11]   Epoch 079 [ 100/2849]  reg=-0.9672  cls=0.3188  rmse=0.1776
[13:42:12]   Epoch 079 [ 150/2849]  reg=-0.9660  cls=0.3328  rmse=0.2016
[13:42:12]   Epoch 079 [ 200/2849]  reg=-0.9560  cls=0.3105  rmse=0.1943
[13:42:13]   Epoch 079 [ 250/2849]  reg=-0.9438  cls=0.3394  rmse=0.1896
[13:42:13]   Epoch 079 [ 300/2849]  reg=-0.9498  cls=0.3302  rmse=0.1870
[13:42:14]   Epoch 079 [ 350/2849]  reg=-0.9715  cls=0.3666  rmse=0.1874
[13:42:14]   Epoch 079 [ 400/2849]  reg=-0.9690  cls=0.3360  rmse=0.1857
[13:42:15]   Epoch 079 [ 450/2849]  reg=-0.9609  cls=0.3382  rmse=0.1842
[13:42:15]   Epoch 079 [ 500/2849]  reg=-0.9652  cls=0.3299  rmse=0.1847
[13:42:16]   Epoch 079 [ 550/2849]  reg=-0.9619  cls=0.2996  rmse=0.1835
[13:42:17]   Epoch 079 [ 600/2849]  reg=-0.9648  cls=0.3098  rmse=0.1824
[13:42:17]   Epoch 079 [ 650/2849]  reg=-0.9661  cls=0.3262  rmse=0.1848
[13:42:18]   Epoch 079 [ 700/2849]  reg=-0.9678  cls=0.2938  rmse=0.1839
[13:42:18]   Epoch 079 [ 750/2849]  reg=-0.9591  cls=0.3199  rmse=0.1843
[13:42:19]   Epoch 079 [ 800/2849]  reg=-0.9695  cls=0.3054  rmse=0.1850
[13:42:19]   Epoch 079 [ 850/2849]  reg=-0.9725  cls=0.3178  rmse=0.1842
[13:42:20]   Epoch 079 [ 900/2849]  reg=-0.9711  cls=0.3247  rmse=0.1835
[13:42:20]   Epoch 079 [ 950/2849]  reg=-0.9658  cls=0.3319  rmse=0.1837
[13:42:21]   Epoch 079 [1000/2849]  reg=-0.9644  cls=0.3675  rmse=0.1831
[13:42:21]   Epoch 079 [1050/2849]  reg=-0.9650  cls=0.3106  rmse=0.1827
[13:42:22]   Epoch 079 [1100/2849]  reg=-0.9708  cls=0.3720  rmse=0.1823
[13:42:22]   Epoch 079 [1150/2849]  reg=-0.9490  cls=0.3048  rmse=0.1818
[13:42:23]   Epoch 079 [1200/2849]  reg=-0.9622  cls=0.3113  rmse=0.1816
[13:42:23]   Epoch 079 [1250/2849]  reg=-0.9628  cls=0.3239  rmse=0.1819
[13:42:24]   Epoch 079 [1300/2849]  reg=-0.9659  cls=0.3347  rmse=0.1815
[13:42:24]   Epoch 079 [1350/2849]  reg=-0.9611  cls=0.3303  rmse=0.1840
[13:42:25]   Epoch 079 [1400/2849]  reg=-0.9585  cls=0.3128  rmse=0.1835
[13:42:25]   Epoch 079 [1450/2849]  reg=-0.9662  cls=0.3045  rmse=0.1831
[13:42:26]   Epoch 079 [1500/2849]  reg=-0.3022  cls=0.3121  rmse=0.1831
[13:42:26]   Epoch 079 [1550/2849]  reg=-0.9635  cls=0.3562  rmse=0.1829
[13:42:27]   Epoch 079 [1600/2849]  reg=-0.9651  cls=0.3112  rmse=0.1826
[13:42:28]   Epoch 079 [1650/2849]  reg=-0.9683  cls=0.3143  rmse=0.1827
[13:42:28]   Epoch 079 [1700/2849]  reg=-0.9653  cls=0.3713  rmse=0.1827
[13:42:29]   Epoch 079 [1750/2849]  reg=-0.9696  cls=0.3083  rmse=0.1827
[13:42:29]   Epoch 079 [1800/2849]  reg=-0.9630  cls=0.3164  rmse=0.1824
[13:42:30]   Epoch 079 [1850/2849]  reg=-0.9679  cls=0.3282  rmse=0.1821
[13:42:30]   Epoch 079 [1900/2849]  reg=-0.9650  cls=0.3441  rmse=0.1818
[13:42:31]   Epoch 079 [1950/2849]  reg=-0.9653  cls=0.3156  rmse=0.1816
[13:42:31]   Epoch 079 [2000/2849]  reg=-0.9670  cls=0.3463  rmse=0.1814
[13:42:32]   Epoch 079 [2050/2849]  reg=-0.9690  cls=0.3004  rmse=0.1815
[13:42:32]   Epoch 079 [2100/2849]  reg=-0.9727  cls=0.3261  rmse=0.1813
[13:42:33]   Epoch 079 [2150/2849]  reg=-0.9604  cls=0.3248  rmse=0.1815
[13:42:33]   Epoch 079 [2200/2849]  reg=-0.9613  cls=0.3426  rmse=0.1831
[13:42:34]   Epoch 079 [2250/2849]  reg=-0.9512  cls=0.3145  rmse=0.1829
[13:42:34]   Epoch 079 [2300/2849]  reg=-0.9639  cls=0.3282  rmse=0.1826
[13:42:35]   Epoch 079 [2350/2849]  reg=-0.9686  cls=0.3270  rmse=0.1824
[13:42:35]   Epoch 079 [2400/2849]  reg=-0.9709  cls=0.3176  rmse=0.1823
[13:42:36]   Epoch 079 [2450/2849]  reg=-0.9637  cls=0.3005  rmse=0.1821
[13:42:36]   Epoch 079 [2500/2849]  reg=-0.9624  cls=0.2908  rmse=0.1819
[13:42:37]   Epoch 079 [2550/2849]  reg=-0.9625  cls=0.3188  rmse=0.1818
[13:42:37]   Epoch 079 [2600/2849]  reg=-0.9569  cls=0.3827  rmse=0.1816
[13:42:38]   Epoch 079 [2650/2849]  reg=-0.9707  cls=0.3709  rmse=0.1814
[13:42:38]   Epoch 079 [2700/2849]  reg=-0.9607  cls=0.2986  rmse=0.1828
[13:42:39]   Epoch 079 [2750/2849]  reg=-0.9670  cls=0.3547  rmse=0.1826
[13:42:39]   Epoch 079 [2800/2849]  reg=-0.9552  cls=0.3119  rmse=0.1824
[13:42:50] Epoch 079/100  lr=1.66e-05  train[reg=-0.9290 cls=0.3279 rmse=0.1824]  val[rmse=0.1789 cls=0.6179 xyz=(0.132,0.118,0.027) acc=0.924]  (48.2s)
[13:42:59]   Epoch 080 [  50/2849]  reg=-0.9686  cls=0.3057  rmse=0.1730
[13:42:59]   Epoch 080 [ 100/2849]  reg=-0.9451  cls=0.2907  rmse=0.1814
[13:43:00]   Epoch 080 [ 150/2849]  reg=-0.9662  cls=0.3345  rmse=0.1778
[13:43:00]   Epoch 080 [ 200/2849]  reg=-0.9672  cls=0.3072  rmse=0.1790
[13:43:01]   Epoch 080 [ 250/2849]  reg=-0.9670  cls=0.3729  rmse=0.1773
[13:43:01]   Epoch 080 [ 300/2849]  reg=-0.9577  cls=0.3363  rmse=0.1790
[13:43:02]   Epoch 080 [ 350/2849]  reg=-0.9699  cls=0.3272  rmse=0.1781
[13:43:02]   Epoch 080 [ 400/2849]  reg=-0.9708  cls=0.2905  rmse=0.1774
[13:43:03]   Epoch 080 [ 450/2849]  reg=-0.9627  cls=0.3061  rmse=0.1769
[13:43:03]   Epoch 080 [ 500/2849]  reg=-0.9756  cls=0.3122  rmse=0.1773
[13:43:04]   Epoch 080 [ 550/2849]  reg=-0.9703  cls=0.3341  rmse=0.1780
[13:43:04]   Epoch 080 [ 600/2849]  reg=-0.9615  cls=0.3447  rmse=0.1777
[13:43:05]   Epoch 080 [ 650/2849]  reg=-0.9702  cls=0.3485  rmse=0.1772
[13:43:05]   Epoch 080 [ 700/2849]  reg=-0.9579  cls=0.3624  rmse=0.1778
[13:43:06]   Epoch 080 [ 750/2849]  reg=-0.9681  cls=0.3560  rmse=0.1775
[13:43:06]   Epoch 080 [ 800/2849]  reg=-0.9651  cls=0.3090  rmse=0.1772
[13:43:07]   Epoch 080 [ 850/2849]  reg=-0.9584  cls=0.3845  rmse=0.1770
[13:43:07]   Epoch 080 [ 900/2849]  reg=-0.9663  cls=0.3264  rmse=0.1768
[13:43:08]   Epoch 080 [ 950/2849]  reg=-0.9690  cls=0.3157  rmse=0.1765
[13:43:08]   Epoch 080 [1000/2849]  reg=-0.9660  cls=0.3057  rmse=0.1776
[13:43:09]   Epoch 080 [1050/2849]  reg=-0.9539  cls=0.3008  rmse=0.1775
[13:43:09]   Epoch 080 [1100/2849]  reg=-0.9640  cls=0.3196  rmse=0.1772
[13:43:10]   Epoch 080 [1150/2849]  reg=-0.9640  cls=0.3316  rmse=0.1770
[13:43:10]   Epoch 080 [1200/2849]  reg=-0.9618  cls=0.3154  rmse=0.1767
[13:43:11]   Epoch 080 [1250/2849]  reg=-0.9698  cls=0.3202  rmse=0.1766
[13:43:11]   Epoch 080 [1300/2849]  reg=-0.9691  cls=0.3318  rmse=0.1770
[13:43:12]   Epoch 080 [1350/2849]  reg=-0.9471  cls=0.3277  rmse=0.1801
[13:43:12]   Epoch 080 [1400/2849]  reg=-0.9649  cls=0.3090  rmse=0.1804
[13:43:13]   Epoch 080 [1450/2849]  reg=-0.9603  cls=0.3454  rmse=0.1800
[13:43:13]   Epoch 080 [1500/2849]  reg=-0.9695  cls=0.3034  rmse=0.1798
[13:43:14]   Epoch 080 [1550/2849]  reg=-0.9640  cls=0.3032  rmse=0.1795
[13:43:14]   Epoch 080 [1600/2849]  reg=-0.9667  cls=0.3636  rmse=0.1794
[13:43:14]   Epoch 080 [1650/2849]  reg=-0.9620  cls=0.3297  rmse=0.1793
[13:43:15]   Epoch 080 [1700/2849]  reg=-0.9597  cls=0.3600  rmse=0.1797
[13:43:15]   Epoch 080 [1750/2849]  reg=-0.9648  cls=0.3270  rmse=0.1818
[13:43:16]   Epoch 080 [1800/2849]  reg=-0.9686  cls=0.3275  rmse=0.1822
[13:43:16]   Epoch 080 [1850/2849]  reg=-0.9629  cls=0.3405  rmse=0.1840
[13:43:17]   Epoch 080 [1900/2849]  reg=-0.9597  cls=0.3122  rmse=0.1838
[13:43:17]   Epoch 080 [1950/2849]  reg=-0.9622  cls=0.3135  rmse=0.1835
[13:43:18]   Epoch 080 [2000/2849]  reg=-0.9596  cls=0.3309  rmse=0.1832
[13:43:18]   Epoch 080 [2050/2849]  reg=-0.9513  cls=0.3125  rmse=0.1830
[13:43:19]   Epoch 080 [2100/2849]  reg=-0.9657  cls=0.3409  rmse=0.1831
[13:43:19]   Epoch 080 [2150/2849]  reg=-0.9699  cls=0.3236  rmse=0.1846
[13:43:20]   Epoch 080 [2200/2849]  reg=-0.9629  cls=0.3799  rmse=0.1843
[13:43:20]   Epoch 080 [2250/2849]  reg=-0.9691  cls=0.3168  rmse=0.1841
[13:43:21]   Epoch 080 [2300/2849]  reg=-0.9691  cls=0.3267  rmse=0.1841
[13:43:21]   Epoch 080 [2350/2849]  reg=-0.9604  cls=0.3278  rmse=0.1839
[13:43:22]   Epoch 080 [2400/2849]  reg=-0.9619  cls=0.3442  rmse=0.1836
[13:43:22]   Epoch 080 [2450/2849]  reg=-0.9618  cls=0.3436  rmse=0.1833
[13:43:23]   Epoch 080 [2500/2849]  reg=-0.9639  cls=0.3395  rmse=0.1830
[13:43:23]   Epoch 080 [2550/2849]  reg=-0.9624  cls=0.3485  rmse=0.1831
[13:43:23]   Epoch 080 [2600/2849]  reg=-0.9516  cls=0.3157  rmse=0.1829
[13:43:24]   Epoch 080 [2650/2849]  reg=-0.9568  cls=0.3302  rmse=0.1830
[13:43:24]   Epoch 080 [2700/2849]  reg=-0.9475  cls=0.3021  rmse=0.1829
[13:43:25]   Epoch 080 [2750/2849]  reg=-0.9709  cls=0.3291  rmse=0.1827
[13:43:25]   Epoch 080 [2800/2849]  reg=-0.9574  cls=0.3003  rmse=0.1825
[13:43:36] Epoch 080/100  lr=1.55e-05  train[reg=-0.9291 cls=0.3283 rmse=0.1824]  val[rmse=0.1783 cls=0.6131 xyz=(0.131,0.118,0.027) acc=0.924]  (45.9s)
[13:43:36]   ckpt 저장: out_classifier2\checkpoints\best.pth
[13:43:36]   ckpt 저장: out_classifier2\checkpoints\epoch_080.pth
[13:43:45]   Epoch 081 [  50/2849]  reg=-0.9562  cls=0.3201  rmse=0.1719
[13:43:45]   Epoch 081 [ 100/2849]  reg=-0.9662  cls=0.3479  rmse=0.1721
[13:43:46]   Epoch 081 [ 150/2849]  reg=-0.9719  cls=0.3007  rmse=0.1725
[13:43:46]   Epoch 081 [ 200/2849]  reg=-0.9671  cls=0.3290  rmse=0.1727
[13:43:47]   Epoch 081 [ 250/2849]  reg=-0.9684  cls=0.3108  rmse=0.1724
[13:43:47]   Epoch 081 [ 300/2849]  reg=-0.9685  cls=0.3048  rmse=0.1729
[13:43:48]   Epoch 081 [ 350/2849]  reg=-0.9667  cls=0.3337  rmse=0.1726
[13:43:48]   Epoch 081 [ 400/2849]  reg=-0.9494  cls=0.3034  rmse=0.1724
[13:43:49]   Epoch 081 [ 450/2849]  reg=-0.9592  cls=0.3111  rmse=0.1725
[13:43:49]   Epoch 081 [ 500/2849]  reg=-0.9684  cls=0.3207  rmse=0.1725
[13:43:50]   Epoch 081 [ 550/2849]  reg=-0.9617  cls=0.3232  rmse=0.1725
[13:43:50]   Epoch 081 [ 600/2849]  reg=-0.1789  cls=0.3677  rmse=0.1738
[13:43:51]   Epoch 081 [ 650/2849]  reg=-0.9628  cls=0.3463  rmse=0.1738
[13:43:51]   Epoch 081 [ 700/2849]  reg=-0.9652  cls=0.3131  rmse=0.1736
[13:43:52]   Epoch 081 [ 750/2849]  reg=-0.9459  cls=0.3324  rmse=0.1744
[13:43:52]   Epoch 081 [ 800/2849]  reg=-0.2499  cls=0.3276  rmse=0.1753
[13:43:53]   Epoch 081 [ 850/2849]  reg=-0.9593  cls=0.3137  rmse=0.1765
[13:43:53]   Epoch 081 [ 900/2849]  reg=-0.9651  cls=0.3326  rmse=0.1769
[13:43:54]   Epoch 081 [ 950/2849]  reg=-0.9644  cls=0.3335  rmse=0.1769
[13:43:54]   Epoch 081 [1000/2849]  reg=-0.9688  cls=0.3464  rmse=0.1767
[13:43:55]   Epoch 081 [1050/2849]  reg=-0.9691  cls=0.3235  rmse=0.1764
[13:43:55]   Epoch 081 [1100/2849]  reg=-0.9647  cls=0.3244  rmse=0.1770
[13:43:56]   Epoch 081 [1150/2849]  reg=-0.9734  cls=0.3310  rmse=0.1768
[13:43:56]   Epoch 081 [1200/2849]  reg=-0.9523  cls=0.3048  rmse=0.1798
[13:43:57]   Epoch 081 [1250/2849]  reg=-0.9637  cls=0.3702  rmse=0.1802
[13:43:57]   Epoch 081 [1300/2849]  reg=-0.9494  cls=0.3178  rmse=0.1829
[13:43:58]   Epoch 081 [1350/2849]  reg=-0.9667  cls=0.3265  rmse=0.1825
[13:43:58]   Epoch 081 [1400/2849]  reg=-0.9730  cls=0.3058  rmse=0.1826
[13:43:59]   Epoch 081 [1450/2849]  reg=-0.9652  cls=0.3030  rmse=0.1822
[13:43:59]   Epoch 081 [1500/2849]  reg=-0.9740  cls=0.3232  rmse=0.1822
[13:44:00]   Epoch 081 [1550/2849]  reg=-0.9757  cls=0.3284  rmse=0.1819
[13:44:00]   Epoch 081 [1600/2849]  reg=-0.9637  cls=0.3007  rmse=0.1816
[13:44:01]   Epoch 081 [1650/2849]  reg=-0.9664  cls=0.3049  rmse=0.1817
[13:44:01]   Epoch 081 [1700/2849]  reg=-0.9417  cls=0.3036  rmse=0.1819
[13:44:02]   Epoch 081 [1750/2849]  reg=-0.9720  cls=0.3754  rmse=0.1816
[13:44:02]   Epoch 081 [1800/2849]  reg=-0.9606  cls=0.3002  rmse=0.1814
[13:44:03]   Epoch 081 [1850/2849]  reg=-0.9557  cls=0.3256  rmse=0.1813
[13:44:03]   Epoch 081 [1900/2849]  reg=-0.9704  cls=0.3282  rmse=0.1810
[13:44:04]   Epoch 081 [1950/2849]  reg=-0.9641  cls=0.3468  rmse=0.1807
[13:44:04]   Epoch 081 [2000/2849]  reg=-0.9582  cls=0.3069  rmse=0.1806
[13:44:05]   Epoch 081 [2050/2849]  reg=-0.9541  cls=0.3179  rmse=0.1803
[13:44:05]   Epoch 081 [2100/2849]  reg=-0.9585  cls=0.3219  rmse=0.1806
[13:44:06]   Epoch 081 [2150/2849]  reg=-0.9636  cls=0.2993  rmse=0.1804
[13:44:06]   Epoch 081 [2200/2849]  reg=-0.9554  cls=0.3428  rmse=0.1802
[13:44:07]   Epoch 081 [2250/2849]  reg=-0.9612  cls=0.3293  rmse=0.1800
[13:44:07]   Epoch 081 [2300/2849]  reg=-0.9693  cls=0.3062  rmse=0.1798
[13:44:08]   Epoch 081 [2350/2849]  reg=-0.9697  cls=0.3622  rmse=0.1796
[13:44:08]   Epoch 081 [2400/2849]  reg=-0.9454  cls=0.3322  rmse=0.1796
[13:44:09]   Epoch 081 [2450/2849]  reg=-0.9674  cls=0.3547  rmse=0.1794
[13:44:09]   Epoch 081 [2500/2849]  reg=-0.9645  cls=0.3292  rmse=0.1811
[13:44:10]   Epoch 081 [2550/2849]  reg=-0.9591  cls=0.3764  rmse=0.1810
[13:44:10]   Epoch 081 [2600/2849]  reg=-0.9669  cls=0.3274  rmse=0.1811
[13:44:11]   Epoch 081 [2650/2849]  reg=-0.9655  cls=0.3115  rmse=0.1824
[13:44:12]   Epoch 081 [2700/2849]  reg=-0.9624  cls=0.3211  rmse=0.1824
[13:44:12]   Epoch 081 [2750/2849]  reg=-0.9668  cls=0.3402  rmse=0.1823
[13:44:13]   Epoch 081 [2800/2849]  reg=-0.9672  cls=0.3156  rmse=0.1824
[13:44:24] Epoch 081/100  lr=1.44e-05  train[reg=-0.9293 cls=0.3279 rmse=0.1822]  val[rmse=0.1786 cls=0.6183 xyz=(0.131,0.118,0.027) acc=0.923]  (47.4s)
[13:44:32]   Epoch 082 [  50/2849]  reg=-0.9599  cls=0.3284  rmse=0.1866
[13:44:33]   Epoch 082 [ 100/2849]  reg=-0.9715  cls=0.3034  rmse=0.1813
[13:44:33]   Epoch 082 [ 150/2849]  reg=-0.9702  cls=0.3295  rmse=0.1825
[13:44:34]   Epoch 082 [ 200/2849]  reg=-0.9674  cls=0.3377  rmse=0.1800
[13:44:34]   Epoch 082 [ 250/2849]  reg=-0.9606  cls=0.3476  rmse=0.1782
[13:44:35]   Epoch 082 [ 300/2849]  reg=-0.9615  cls=0.2942  rmse=0.1781
[13:44:35]   Epoch 082 [ 350/2849]  reg=-0.9684  cls=0.3171  rmse=0.1795
[13:44:36]   Epoch 082 [ 400/2849]  reg=-0.9711  cls=0.3019  rmse=0.1816
[13:44:36]   Epoch 082 [ 450/2849]  reg=-0.9458  cls=0.3128  rmse=0.1806
[13:44:37]   Epoch 082 [ 500/2849]  reg=-0.9635  cls=0.3256  rmse=0.1809
[13:44:37]   Epoch 082 [ 550/2849]  reg=-0.9623  cls=0.3144  rmse=0.1803
[13:44:38]   Epoch 082 [ 600/2849]  reg=-0.9662  cls=0.3186  rmse=0.1810
[13:44:38]   Epoch 082 [ 650/2849]  reg=-0.9627  cls=0.3099  rmse=0.1812
[13:44:39]   Epoch 082 [ 700/2849]  reg=-0.9667  cls=0.3646  rmse=0.1806
[13:44:39]   Epoch 082 [ 750/2849]  reg=-0.9610  cls=0.3768  rmse=0.1800
[13:44:40]   Epoch 082 [ 800/2849]  reg=-0.9672  cls=0.3194  rmse=0.1795
[13:44:40]   Epoch 082 [ 850/2849]  reg=-0.9641  cls=0.3268  rmse=0.1789
[13:44:41]   Epoch 082 [ 900/2849]  reg=-0.9622  cls=0.3139  rmse=0.1828
[13:44:41]   Epoch 082 [ 950/2849]  reg=-0.9574  cls=0.3723  rmse=0.1824
[13:44:42]   Epoch 082 [1000/2849]  reg=-0.9700  cls=0.3426  rmse=0.1816
[13:44:42]   Epoch 082 [1050/2849]  reg=-0.9525  cls=0.3225  rmse=0.1820
[13:44:43]   Epoch 082 [1100/2849]  reg=-0.9625  cls=0.3251  rmse=0.1816
[13:44:43]   Epoch 082 [1150/2849]  reg=-0.9668  cls=0.3253  rmse=0.1812
[13:44:44]   Epoch 082 [1200/2849]  reg=-0.9577  cls=0.3399  rmse=0.1807
[13:44:44]   Epoch 082 [1250/2849]  reg=-0.9649  cls=0.3135  rmse=0.1805
[13:44:45]   Epoch 082 [1300/2849]  reg=-0.9530  cls=0.3512  rmse=0.1801
[13:44:45]   Epoch 082 [1350/2849]  reg=-0.9676  cls=0.3358  rmse=0.1804
[13:44:46]   Epoch 082 [1400/2849]  reg=-0.9694  cls=0.4312  rmse=0.1800
[13:44:46]   Epoch 082 [1450/2849]  reg=-0.9652  cls=0.3695  rmse=0.1797
[13:44:47]   Epoch 082 [1500/2849]  reg=-0.9617  cls=0.3398  rmse=0.1796
[13:44:47]   Epoch 082 [1550/2849]  reg=-0.9580  cls=0.3561  rmse=0.1819
[13:44:48]   Epoch 082 [1600/2849]  reg=-0.9626  cls=0.3166  rmse=0.1816
[13:44:48]   Epoch 082 [1650/2849]  reg=-0.9662  cls=0.3000  rmse=0.1837
[13:44:49]   Epoch 082 [1700/2849]  reg=-0.9615  cls=0.3267  rmse=0.1833
[13:44:49]   Epoch 082 [1750/2849]  reg=-0.9476  cls=0.2987  rmse=0.1835
[13:44:50]   Epoch 082 [1800/2849]  reg=-0.9605  cls=0.3237  rmse=0.1835
[13:44:50]   Epoch 082 [1850/2849]  reg=-0.9680  cls=0.3252  rmse=0.1839
[13:44:51]   Epoch 082 [1900/2849]  reg=-0.9678  cls=0.3185  rmse=0.1836
[13:44:51]   Epoch 082 [1950/2849]  reg=-0.9651  cls=0.2907  rmse=0.1833
[13:44:52]   Epoch 082 [2000/2849]  reg=-0.9654  cls=0.3103  rmse=0.1830
[13:44:52]   Epoch 082 [2050/2849]  reg=-0.9658  cls=0.3319  rmse=0.1827
[13:44:53]   Epoch 082 [2100/2849]  reg=-0.9618  cls=0.3362  rmse=0.1825
[13:44:53]   Epoch 082 [2150/2849]  reg=-0.9666  cls=0.3144  rmse=0.1822
[13:44:54]   Epoch 082 [2200/2849]  reg=-0.9646  cls=0.3670  rmse=0.1825
[13:44:54]   Epoch 082 [2250/2849]  reg=-0.9589  cls=0.3381  rmse=0.1823
[13:44:55]   Epoch 082 [2300/2849]  reg=-0.9624  cls=0.3114  rmse=0.1821
[13:44:55]   Epoch 082 [2350/2849]  reg=-0.9728  cls=0.3101  rmse=0.1819
[13:44:56]   Epoch 082 [2400/2849]  reg=-0.9251  cls=0.3437  rmse=0.1817
[13:44:56]   Epoch 082 [2450/2849]  reg=-0.9700  cls=0.3189  rmse=0.1816
[13:44:57]   Epoch 082 [2500/2849]  reg=-0.9660  cls=0.3196  rmse=0.1815
[13:44:57]   Epoch 082 [2550/2849]  reg=-0.9661  cls=0.3702  rmse=0.1814
[13:44:58]   Epoch 082 [2600/2849]  reg=-0.9713  cls=0.3037  rmse=0.1815
[13:44:58]   Epoch 082 [2650/2849]  reg=-0.9678  cls=0.3118  rmse=0.1813
[13:44:59]   Epoch 082 [2700/2849]  reg=-0.9552  cls=0.3159  rmse=0.1811
[13:44:59]   Epoch 082 [2750/2849]  reg=-0.9635  cls=0.3202  rmse=0.1809
[13:45:00]   Epoch 082 [2800/2849]  reg=-0.9323  cls=0.3862  rmse=0.1824
[13:45:10] Epoch 082/100  lr=1.34e-05  train[reg=-0.9292 cls=0.3280 rmse=0.1822]  val[rmse=0.1776 cls=0.6177 xyz=(0.130,0.118,0.027) acc=0.924]  (46.6s)
[13:45:10]   ckpt 저장: out_classifier2\checkpoints\best.pth
[13:45:18]   Epoch 083 [  50/2849]  reg=-0.9649  cls=0.3337  rmse=0.2508
[13:45:19]   Epoch 083 [ 100/2849]  reg=-0.9580  cls=0.3665  rmse=0.2117
[13:45:19]   Epoch 083 [ 150/2849]  reg=-0.9568  cls=0.3039  rmse=0.1988
[13:45:20]   Epoch 083 [ 200/2849]  reg=-0.9558  cls=0.3312  rmse=0.1935
[13:45:21]   Epoch 083 [ 250/2849]  reg=-0.9640  cls=0.3927  rmse=0.1898
[13:45:21]   Epoch 083 [ 300/2849]  reg=-0.9639  cls=0.3395  rmse=0.1910
[13:45:22]   Epoch 083 [ 350/2849]  reg=-0.9691  cls=0.3151  rmse=0.1886
[13:45:22]   Epoch 083 [ 400/2849]  reg=-0.9691  cls=0.3274  rmse=0.1883
[13:45:23]   Epoch 083 [ 450/2849]  reg=-0.9623  cls=0.3385  rmse=0.1864
[13:45:23]   Epoch 083 [ 500/2849]  reg=-0.9539  cls=0.3362  rmse=0.1851
[13:45:24]   Epoch 083 [ 550/2849]  reg=-0.9628  cls=0.3868  rmse=0.1841
[13:45:24]   Epoch 083 [ 600/2849]  reg=-0.9582  cls=0.3193  rmse=0.1833
[13:45:24]   Epoch 083 [ 650/2849]  reg=-0.9547  cls=0.3428  rmse=0.1837
[13:45:25]   Epoch 083 [ 700/2849]  reg=-0.9635  cls=0.3084  rmse=0.1827
[13:45:25]   Epoch 083 [ 750/2849]  reg=-0.9665  cls=0.3424  rmse=0.1820
[13:45:26]   Epoch 083 [ 800/2849]  reg=-0.9628  cls=0.3073  rmse=0.1814
[13:45:26]   Epoch 083 [ 850/2849]  reg=-0.9640  cls=0.3148  rmse=0.1853
[13:45:27]   Epoch 083 [ 900/2849]  reg=-0.9671  cls=0.3161  rmse=0.1847
[13:45:27]   Epoch 083 [ 950/2849]  reg=-0.9608  cls=0.3325  rmse=0.1849
[13:45:28]   Epoch 083 [1000/2849]  reg=-0.9636  cls=0.3270  rmse=0.1890
[13:45:28]   Epoch 083 [1050/2849]  reg=-0.9579  cls=0.3030  rmse=0.1882
[13:45:29]   Epoch 083 [1100/2849]  reg=-0.9702  cls=0.3006  rmse=0.1874
[13:45:29]   Epoch 083 [1150/2849]  reg=-0.9673  cls=0.3092  rmse=0.1875
[13:45:30]   Epoch 083 [1200/2849]  reg=-0.9715  cls=0.3443  rmse=0.1869
[13:45:30]   Epoch 083 [1250/2849]  reg=-0.9662  cls=0.3280  rmse=0.1862
[13:45:31]   Epoch 083 [1300/2849]  reg=-0.9648  cls=0.3545  rmse=0.1857
[13:45:31]   Epoch 083 [1350/2849]  reg=-0.9708  cls=0.3262  rmse=0.1852
[13:45:32]   Epoch 083 [1400/2849]  reg=-0.9586  cls=0.3338  rmse=0.1855
[13:45:32]   Epoch 083 [1450/2849]  reg=-0.9611  cls=0.2995  rmse=0.1854
[13:45:33]   Epoch 083 [1500/2849]  reg=-0.9602  cls=0.3442  rmse=0.1850
[13:45:33]   Epoch 083 [1550/2849]  reg=-0.9712  cls=0.3163  rmse=0.1849
[13:45:34]   Epoch 083 [1600/2849]  reg=-0.9697  cls=0.3464  rmse=0.1844
[13:45:34]   Epoch 083 [1650/2849]  reg=-0.9590  cls=0.3107  rmse=0.1844
[13:45:35]   Epoch 083 [1700/2849]  reg=-0.9557  cls=0.2974  rmse=0.1841
[13:45:35]   Epoch 083 [1750/2849]  reg=-0.9559  cls=0.3028  rmse=0.1837
[13:45:36]   Epoch 083 [1800/2849]  reg=-0.9612  cls=0.3180  rmse=0.1835
[13:45:36]   Epoch 083 [1850/2849]  reg=-0.9535  cls=0.3499  rmse=0.1831
[13:45:37]   Epoch 083 [1900/2849]  reg=-0.9666  cls=0.3325  rmse=0.1829
[13:45:37]   Epoch 083 [1950/2849]  reg=-0.9693  cls=0.3127  rmse=0.1826
[13:45:38]   Epoch 083 [2000/2849]  reg=-0.9641  cls=0.3413  rmse=0.1827
[13:45:38]   Epoch 083 [2050/2849]  reg=-0.9595  cls=0.3022  rmse=0.1824
[13:45:39]   Epoch 083 [2100/2849]  reg=-0.9572  cls=0.3295  rmse=0.1822
[13:45:39]   Epoch 083 [2150/2849]  reg=-0.9690  cls=0.3044  rmse=0.1819
[13:45:40]   Epoch 083 [2200/2849]  reg=-0.9556  cls=0.3244  rmse=0.1817
[13:45:40]   Epoch 083 [2250/2849]  reg=-0.9687  cls=0.3840  rmse=0.1815
[13:45:41]   Epoch 083 [2300/2849]  reg=-0.9643  cls=0.3504  rmse=0.1812
[13:45:41]   Epoch 083 [2350/2849]  reg=-0.9592  cls=0.3151  rmse=0.1813
[13:45:42]   Epoch 083 [2400/2849]  reg=-0.9679  cls=0.3768  rmse=0.1811
[13:45:42]   Epoch 083 [2450/2849]  reg=-0.9714  cls=0.3379  rmse=0.1812
[13:45:43]   Epoch 083 [2500/2849]  reg=-0.9663  cls=0.2922  rmse=0.1810
[13:45:43]   Epoch 083 [2550/2849]  reg=-0.9661  cls=0.3687  rmse=0.1808
[13:45:44]   Epoch 083 [2600/2849]  reg=-0.9674  cls=0.3358  rmse=0.1822
[13:45:44]   Epoch 083 [2650/2849]  reg=-0.9597  cls=0.3255  rmse=0.1822
[13:45:45]   Epoch 083 [2700/2849]  reg=-0.9489  cls=0.3206  rmse=0.1823
[13:45:45]   Epoch 083 [2750/2849]  reg=-0.9665  cls=0.2942  rmse=0.1824
[13:45:46]   Epoch 083 [2800/2849]  reg=-0.9674  cls=0.3151  rmse=0.1822
[13:45:56] Epoch 083/100  lr=1.24e-05  train[reg=-0.9292 cls=0.3278 rmse=0.1820]  val[rmse=0.1775 cls=0.6187 xyz=(0.130,0.118,0.027) acc=0.924]  (46.2s)
[13:45:56]   ckpt 저장: out_classifier2\checkpoints\best.pth
[13:46:06]   Epoch 084 [  50/2849]  reg=-0.9690  cls=0.3152  rmse=0.1879
[13:46:06]   Epoch 084 [ 100/2849]  reg=-0.9515  cls=0.3200  rmse=0.1810
[13:46:07]   Epoch 084 [ 150/2849]  reg=-0.9656  cls=0.3030  rmse=0.1779
[13:46:07]   Epoch 084 [ 200/2849]  reg=-0.9631  cls=0.3412  rmse=0.1759
[13:46:08]   Epoch 084 [ 250/2849]  reg=-0.9514  cls=0.3488  rmse=0.1754
[13:46:08]   Epoch 084 [ 300/2849]  reg=-0.9551  cls=0.3215  rmse=0.1749
[13:46:09]   Epoch 084 [ 350/2849]  reg=-0.9694  cls=0.3079  rmse=0.1748
[13:46:09]   Epoch 084 [ 400/2849]  reg=-0.9670  cls=0.3203  rmse=0.1752
[13:46:10]   Epoch 084 [ 450/2849]  reg=-0.9671  cls=0.3412  rmse=0.1831
[13:46:10]   Epoch 084 [ 500/2849]  reg=-0.9695  cls=0.3204  rmse=0.1834
[13:46:11]   Epoch 084 [ 550/2849]  reg=-0.9713  cls=0.3246  rmse=0.1825
[13:46:12]   Epoch 084 [ 600/2849]  reg=-0.9691  cls=0.3742  rmse=0.1816
[13:46:12]   Epoch 084 [ 650/2849]  reg=-0.9487  cls=0.3177  rmse=0.1872
[13:46:13]   Epoch 084 [ 700/2849]  reg=-0.9654  cls=0.3034  rmse=0.1861
[13:46:13]   Epoch 084 [ 750/2849]  reg=-0.9649  cls=0.3379  rmse=0.1855
[13:46:14]   Epoch 084 [ 800/2849]  reg=-0.9596  cls=0.3083  rmse=0.1863
[13:46:14]   Epoch 084 [ 850/2849]  reg=-0.9604  cls=0.3101  rmse=0.1862
[13:46:15]   Epoch 084 [ 900/2849]  reg=-0.9665  cls=0.3118  rmse=0.1855
[13:46:15]   Epoch 084 [ 950/2849]  reg=-0.9642  cls=0.3566  rmse=0.1848
[13:46:16]   Epoch 084 [1000/2849]  reg=-0.9621  cls=0.3379  rmse=0.1844
[13:46:16]   Epoch 084 [1050/2849]  reg=-0.9716  cls=0.3111  rmse=0.1837
[13:46:17]   Epoch 084 [1100/2849]  reg=-0.9697  cls=0.3258  rmse=0.1837
[13:46:17]   Epoch 084 [1150/2849]  reg=-0.9695  cls=0.3133  rmse=0.1830
[13:46:18]   Epoch 084 [1200/2849]  reg=-0.9570  cls=0.3668  rmse=0.1833
[13:46:18]   Epoch 084 [1250/2849]  reg=-0.9652  cls=0.3124  rmse=0.1828
[13:46:19]   Epoch 084 [1300/2849]  reg=-0.9609  cls=0.3080  rmse=0.1828
[13:46:19]   Epoch 084 [1350/2849]  reg=-0.9696  cls=0.3211  rmse=0.1829
[13:46:20]   Epoch 084 [1400/2849]  reg=-0.9621  cls=0.3337  rmse=0.1830
[13:46:20]   Epoch 084 [1450/2849]  reg=-0.9667  cls=0.3380  rmse=0.1830
[13:46:21]   Epoch 084 [1500/2849]  reg=-0.9682  cls=0.3057  rmse=0.1827
[13:46:21]   Epoch 084 [1550/2849]  reg=-0.9610  cls=0.3230  rmse=0.1824
[13:46:22]   Epoch 084 [1600/2849]  reg=-0.9697  cls=0.3090  rmse=0.1821
[13:46:22]   Epoch 084 [1650/2849]  reg=-0.9624  cls=0.2883  rmse=0.1819
[13:46:23]   Epoch 084 [1700/2849]  reg=-0.9763  cls=0.3149  rmse=0.1819
[13:46:23]   Epoch 084 [1750/2849]  reg=-0.9629  cls=0.3820  rmse=0.1817
[13:46:24]   Epoch 084 [1800/2849]  reg=-0.9699  cls=0.3657  rmse=0.1814
[13:46:24]   Epoch 084 [1850/2849]  reg=-0.9724  cls=0.2993  rmse=0.1812
[13:46:25]   Epoch 084 [1900/2849]  reg=-0.9679  cls=0.3464  rmse=0.1809
[13:46:25]   Epoch 084 [1950/2849]  reg=-0.9653  cls=0.3453  rmse=0.1808
[13:46:26]   Epoch 084 [2000/2849]  reg=-0.9677  cls=0.3097  rmse=0.1826
[13:46:26]   Epoch 084 [2050/2849]  reg=-0.9643  cls=0.3434  rmse=0.1824
[13:46:27]   Epoch 084 [2100/2849]  reg=-0.9554  cls=0.3195  rmse=0.1824
[13:46:27]   Epoch 084 [2150/2849]  reg=-0.9574  cls=0.3412  rmse=0.1823
[13:46:28]   Epoch 084 [2200/2849]  reg=-0.9641  cls=0.3809  rmse=0.1820
[13:46:29]   Epoch 084 [2250/2849]  reg=-0.9567  cls=0.3338  rmse=0.1819
[13:46:29]   Epoch 084 [2300/2849]  reg=-0.9681  cls=0.3259  rmse=0.1817
[13:46:30]   Epoch 084 [2350/2849]  reg=-0.9593  cls=0.3274  rmse=0.1817
[13:46:30]   Epoch 084 [2400/2849]  reg=-0.9595  cls=0.3123  rmse=0.1817
[13:46:31]   Epoch 084 [2450/2849]  reg=-0.9645  cls=0.3316  rmse=0.1815
[13:46:31]   Epoch 084 [2500/2849]  reg=-0.9643  cls=0.3007  rmse=0.1813
[13:46:32]   Epoch 084 [2550/2849]  reg=-0.9687  cls=0.3300  rmse=0.1811
[13:46:32]   Epoch 084 [2600/2849]  reg=-0.9703  cls=0.3524  rmse=0.1814
[13:46:33]   Epoch 084 [2650/2849]  reg=-0.9677  cls=0.3074  rmse=0.1812
[13:46:33]   Epoch 084 [2700/2849]  reg=-0.9737  cls=0.3263  rmse=0.1811
[13:46:34]   Epoch 084 [2750/2849]  reg=-0.9569  cls=0.3392  rmse=0.1808
[13:46:34]   Epoch 084 [2800/2849]  reg=-0.9658  cls=0.3636  rmse=0.1807
[13:46:45] Epoch 084/100  lr=1.14e-05  train[reg=-0.9293 cls=0.3275 rmse=0.1821]  val[rmse=0.1781 cls=0.6188 xyz=(0.131,0.118,0.027) acc=0.923]  (49.0s)
[13:46:54]   Epoch 085 [  50/2849]  reg=-0.9691  cls=0.3518  rmse=0.1853
[13:46:55]   Epoch 085 [ 100/2849]  reg=-0.9645  cls=0.3343  rmse=0.1858
[13:46:55]   Epoch 085 [ 150/2849]  reg=-0.9542  cls=0.3510  rmse=0.2111
[13:46:56]   Epoch 085 [ 200/2849]  reg=-0.9749  cls=0.3608  rmse=0.2008
[13:46:56]   Epoch 085 [ 250/2849]  reg=-0.9695  cls=0.3162  rmse=0.1953
[13:46:57]   Epoch 085 [ 300/2849]  reg=-0.9535  cls=0.3182  rmse=0.1916
[13:46:57]   Epoch 085 [ 350/2849]  reg=-0.9648  cls=0.3292  rmse=0.1887
[13:46:58]   Epoch 085 [ 400/2849]  reg=-0.9570  cls=0.3370  rmse=0.1870
[13:46:58]   Epoch 085 [ 450/2849]  reg=-0.9665  cls=0.3239  rmse=0.1853
[13:46:59]   Epoch 085 [ 500/2849]  reg=-0.9646  cls=0.3467  rmse=0.1928
[13:46:59]   Epoch 085 [ 550/2849]  reg=-0.9621  cls=0.3433  rmse=0.1909
[13:47:00]   Epoch 085 [ 600/2849]  reg=-0.9738  cls=0.3091  rmse=0.1895
[13:47:00]   Epoch 085 [ 650/2849]  reg=-0.9712  cls=0.3229  rmse=0.1880
[13:47:01]   Epoch 085 [ 700/2849]  reg=-0.9671  cls=0.3270  rmse=0.1869
[13:47:01]   Epoch 085 [ 750/2849]  reg=-0.9645  cls=0.3194  rmse=0.1861
[13:47:02]   Epoch 085 [ 800/2849]  reg=-0.9628  cls=0.3240  rmse=0.1853
[13:47:02]   Epoch 085 [ 850/2849]  reg=-0.9687  cls=0.3312  rmse=0.1853
[13:47:03]   Epoch 085 [ 900/2849]  reg=-0.9634  cls=0.3164  rmse=0.1846
[13:47:04]   Epoch 085 [ 950/2849]  reg=-0.9613  cls=0.3550  rmse=0.1840
[13:47:04]   Epoch 085 [1000/2849]  reg=-0.9745  cls=0.3052  rmse=0.1872
[13:47:05]   Epoch 085 [1050/2849]  reg=-0.9649  cls=0.3098  rmse=0.1865
[13:47:05]   Epoch 085 [1100/2849]  reg=-0.9636  cls=0.3598  rmse=0.1858
[13:47:06]   Epoch 085 [1150/2849]  reg=-0.9641  cls=0.3338  rmse=0.1851
[13:47:06]   Epoch 085 [1200/2849]  reg=-0.9469  cls=0.2988  rmse=0.1856
[13:47:07]   Epoch 085 [1250/2849]  reg=-0.9628  cls=0.3057  rmse=0.1852
[13:47:07]   Epoch 085 [1300/2849]  reg=-0.9682  cls=0.3081  rmse=0.1847
[13:47:08]   Epoch 085 [1350/2849]  reg=-0.9720  cls=0.3081  rmse=0.1842
[13:47:08]   Epoch 085 [1400/2849]  reg=-0.9687  cls=0.2901  rmse=0.1844
[13:47:09]   Epoch 085 [1450/2849]  reg=-0.9688  cls=0.3166  rmse=0.1844
[13:47:09]   Epoch 085 [1500/2849]  reg=-0.9625  cls=0.3661  rmse=0.1845
[13:47:10]   Epoch 085 [1550/2849]  reg=-0.9579  cls=0.3133  rmse=0.1841
[13:47:10]   Epoch 085 [1600/2849]  reg=-0.9552  cls=0.3661  rmse=0.1837
[13:47:11]   Epoch 085 [1650/2849]  reg=-0.9626  cls=0.3315  rmse=0.1834
[13:47:11]   Epoch 085 [1700/2849]  reg=-0.9621  cls=0.3293  rmse=0.1831
[13:47:12]   Epoch 085 [1750/2849]  reg=-0.9591  cls=0.3191  rmse=0.1828
[13:47:12]   Epoch 085 [1800/2849]  reg=-0.9763  cls=0.2947  rmse=0.1829
[13:47:13]   Epoch 085 [1850/2849]  reg=-0.9686  cls=0.3143  rmse=0.1825
[13:47:13]   Epoch 085 [1900/2849]  reg=-0.9613  cls=0.3515  rmse=0.1822
[13:47:14]   Epoch 085 [1950/2849]  reg=-0.9623  cls=0.3189  rmse=0.1819
[13:47:14]   Epoch 085 [2000/2849]  reg=-0.9687  cls=0.2829  rmse=0.1840
[13:47:15]   Epoch 085 [2050/2849]  reg=-0.9593  cls=0.3387  rmse=0.1840
[13:47:15]   Epoch 085 [2100/2849]  reg=-0.9576  cls=0.3281  rmse=0.1838
[13:47:16]   Epoch 085 [2150/2849]  reg=-0.9715  cls=0.3011  rmse=0.1841
[13:47:16]   Epoch 085 [2200/2849]  reg=-0.9647  cls=0.3077  rmse=0.1842
[13:47:17]   Epoch 085 [2250/2849]  reg=-0.9584  cls=0.3437  rmse=0.1839
[13:47:17]   Epoch 085 [2300/2849]  reg=-0.9713  cls=0.3343  rmse=0.1837
[13:47:18]   Epoch 085 [2350/2849]  reg=-0.9630  cls=0.3432  rmse=0.1834
[13:47:18]   Epoch 085 [2400/2849]  reg=-0.9543  cls=0.3365  rmse=0.1832
[13:47:19]   Epoch 085 [2450/2849]  reg=-0.9623  cls=0.3443  rmse=0.1830
[13:47:19]   Epoch 085 [2500/2849]  reg=-0.9737  cls=0.2971  rmse=0.1827
[13:47:20]   Epoch 085 [2550/2849]  reg=-0.9694  cls=0.2916  rmse=0.1826
[13:47:20]   Epoch 085 [2600/2849]  reg=-0.9687  cls=0.3360  rmse=0.1824
[13:47:21]   Epoch 085 [2650/2849]  reg=-0.9622  cls=0.3166  rmse=0.1823
[13:47:22]   Epoch 085 [2700/2849]  reg=-0.9591  cls=0.3010  rmse=0.1821
[13:47:22]   Epoch 085 [2750/2849]  reg=-0.9554  cls=0.3650  rmse=0.1822
[13:47:23]   Epoch 085 [2800/2849]  reg=-0.9662  cls=0.3581  rmse=0.1820
[13:47:34] Epoch 085/100  lr=1.05e-05  train[reg=-0.9294 cls=0.3281 rmse=0.1821]  val[rmse=0.1771 cls=0.6177 xyz=(0.130,0.118,0.027) acc=0.923]  (48.3s)
[13:47:34]   ckpt 저장: out_classifier2\checkpoints\best.pth
[13:47:43]   Epoch 086 [  50/2849]  reg=-0.9534  cls=0.3309  rmse=0.1818
[13:47:43]   Epoch 086 [ 100/2849]  reg=-0.9618  cls=0.3097  rmse=0.1782
[13:47:44]   Epoch 086 [ 150/2849]  reg=-0.9649  cls=0.3163  rmse=0.1802
[13:47:44]   Epoch 086 [ 200/2849]  reg=-0.9652  cls=0.3412  rmse=0.1789
[13:47:45]   Epoch 086 [ 250/2849]  reg=-0.9638  cls=0.3312  rmse=0.1813
[13:47:45]   Epoch 086 [ 300/2849]  reg=-0.9683  cls=0.3392  rmse=0.1807
[13:47:46]   Epoch 086 [ 350/2849]  reg=-0.9491  cls=0.3086  rmse=0.1814
[13:47:46]   Epoch 086 [ 400/2849]  reg=-0.9716  cls=0.3178  rmse=0.1814
[13:47:47]   Epoch 086 [ 450/2849]  reg=-0.9663  cls=0.3494  rmse=0.1802
[13:47:47]   Epoch 086 [ 500/2849]  reg=-0.9772  cls=0.3551  rmse=0.1795
[13:47:48]   Epoch 086 [ 550/2849]  reg=-0.9618  cls=0.3123  rmse=0.1787
[13:47:48]   Epoch 086 [ 600/2849]  reg=-0.9612  cls=0.3093  rmse=0.1781
[13:47:49]   Epoch 086 [ 650/2849]  reg=-0.9685  cls=0.3327  rmse=0.1779
[13:47:49]   Epoch 086 [ 700/2849]  reg=-0.9671  cls=0.3088  rmse=0.1774
[13:47:50]   Epoch 086 [ 750/2849]  reg=-0.9705  cls=0.3576  rmse=0.1771
[13:47:51]   Epoch 086 [ 800/2849]  reg=-0.9666  cls=0.3332  rmse=0.1766
[13:47:51]   Epoch 086 [ 850/2849]  reg=-0.9697  cls=0.3059  rmse=0.1810
[13:47:52]   Epoch 086 [ 900/2849]  reg=-0.9682  cls=0.2969  rmse=0.1804
[13:47:52]   Epoch 086 [ 950/2849]  reg=-0.9456  cls=0.3107  rmse=0.1800
[13:47:53]   Epoch 086 [1000/2849]  reg=-0.9636  cls=0.3122  rmse=0.1795
[13:47:53]   Epoch 086 [1050/2849]  reg=-0.9447  cls=0.3232  rmse=0.1797
[13:47:54]   Epoch 086 [1100/2849]  reg=-0.9722  cls=0.3652  rmse=0.1802
[13:47:54]   Epoch 086 [1150/2849]  reg=-0.9652  cls=0.2982  rmse=0.1801
[13:47:55]   Epoch 086 [1200/2849]  reg=-0.9648  cls=0.3150  rmse=0.1796
[13:47:55]   Epoch 086 [1250/2849]  reg=-0.9618  cls=0.3211  rmse=0.1793
[13:47:56]   Epoch 086 [1300/2849]  reg=-0.9622  cls=0.3258  rmse=0.1795
[13:47:57]   Epoch 086 [1350/2849]  reg=-0.9693  cls=0.3271  rmse=0.1793
[13:47:57]   Epoch 086 [1400/2849]  reg=-0.9679  cls=0.3371  rmse=0.1790
[13:47:58]   Epoch 086 [1450/2849]  reg=-0.9444  cls=0.3761  rmse=0.1788
[13:47:58]   Epoch 086 [1500/2849]  reg=-0.9705  cls=0.3214  rmse=0.1785
[13:47:59]   Epoch 086 [1550/2849]  reg=-0.9578  cls=0.3099  rmse=0.1782
[13:47:59]   Epoch 086 [1600/2849]  reg=-0.9491  cls=0.2994  rmse=0.1784
[13:47:59]   Epoch 086 [1650/2849]  reg=-0.9604  cls=0.3510  rmse=0.1782
[13:48:00]   Epoch 086 [1700/2849]  reg=-0.9633  cls=0.3485  rmse=0.1782
[13:48:00]   Epoch 086 [1750/2849]  reg=-0.9729  cls=0.3253  rmse=0.1783
[13:48:01]   Epoch 086 [1800/2849]  reg=-0.9620  cls=0.3174  rmse=0.1786
[13:48:01]   Epoch 086 [1850/2849]  reg=-0.9720  cls=0.3067  rmse=0.1784
[13:48:02]   Epoch 086 [1900/2849]  reg=-0.9698  cls=0.3272  rmse=0.1782
[13:48:02]   Epoch 086 [1950/2849]  reg=-0.9638  cls=0.3060  rmse=0.1784
[13:48:03]   Epoch 086 [2000/2849]  reg=-0.9679  cls=0.3572  rmse=0.1802
[13:48:03]   Epoch 086 [2050/2849]  reg=-0.9605  cls=0.3420  rmse=0.1799
[13:48:04]   Epoch 086 [2100/2849]  reg=-0.9733  cls=0.3405  rmse=0.1797
[13:48:04]   Epoch 086 [2150/2849]  reg=-0.9658  cls=0.3599  rmse=0.1794
[13:48:05]   Epoch 086 [2200/2849]  reg=-0.9634  cls=0.2992  rmse=0.1796
[13:48:05]   Epoch 086 [2250/2849]  reg=-0.9649  cls=0.3057  rmse=0.1798
[13:48:06]   Epoch 086 [2300/2849]  reg=-0.9593  cls=0.3433  rmse=0.1814
[13:48:06]   Epoch 086 [2350/2849]  reg=-0.9641  cls=0.3381  rmse=0.1814
[13:48:07]   Epoch 086 [2400/2849]  reg=-0.9626  cls=0.3202  rmse=0.1812
[13:48:07]   Epoch 086 [2450/2849]  reg=-0.9651  cls=0.3058  rmse=0.1812
[13:48:08]   Epoch 086 [2500/2849]  reg=-0.9686  cls=0.3145  rmse=0.1813
[13:48:08]   Epoch 086 [2550/2849]  reg=-0.9580  cls=0.3070  rmse=0.1812
[13:48:09]   Epoch 086 [2600/2849]  reg=-0.9685  cls=0.3380  rmse=0.1809
[13:48:09]   Epoch 086 [2650/2849]  reg=-0.9642  cls=0.3249  rmse=0.1821
[13:48:10]   Epoch 086 [2700/2849]  reg=-0.9705  cls=0.3063  rmse=0.1820
[13:48:10]   Epoch 086 [2750/2849]  reg=-0.9648  cls=0.3307  rmse=0.1820
[13:48:11]   Epoch 086 [2800/2849]  reg=-0.9579  cls=0.3337  rmse=0.1818
[13:48:22] Epoch 086/100  lr=9.56e-06  train[reg=-0.9295 cls=0.3274 rmse=0.1817]  val[rmse=0.1778 cls=0.6177 xyz=(0.131,0.118,0.027) acc=0.924]  (47.8s)
[13:48:30]   Epoch 087 [  50/2849]  reg=-0.9565  cls=0.3338  rmse=0.1871
[13:48:31]   Epoch 087 [ 100/2849]  reg=-0.9703  cls=0.3234  rmse=0.1794
[13:48:31]   Epoch 087 [ 150/2849]  reg=-0.9747  cls=0.3063  rmse=0.1780
[13:48:32]   Epoch 087 [ 200/2849]  reg=-0.9615  cls=0.3262  rmse=0.1761
[13:48:32]   Epoch 087 [ 250/2849]  reg=-0.9693  cls=0.3361  rmse=0.1761
[13:48:33]   Epoch 087 [ 300/2849]  reg=-0.9673  cls=0.3102  rmse=0.1754
[13:48:33]   Epoch 087 [ 350/2849]  reg=-0.9627  cls=0.3190  rmse=0.1747
[13:48:34]   Epoch 087 [ 400/2849]  reg=-0.9573  cls=0.3155  rmse=0.1743
[13:48:34]   Epoch 087 [ 450/2849]  reg=-0.9564  cls=0.3130  rmse=0.1741
[13:48:35]   Epoch 087 [ 500/2849]  reg=-0.9643  cls=0.3221  rmse=0.1740
[13:48:35]   Epoch 087 [ 550/2849]  reg=-0.9712  cls=0.3141  rmse=0.1737
[13:48:36]   Epoch 087 [ 600/2849]  reg=-0.9430  cls=0.3431  rmse=0.1737
[13:48:36]   Epoch 087 [ 650/2849]  reg=-0.9564  cls=0.3423  rmse=0.1794
[13:48:37]   Epoch 087 [ 700/2849]  reg=-0.9442  cls=0.2906  rmse=0.1790
[13:48:37]   Epoch 087 [ 750/2849]  reg=-0.9636  cls=0.3406  rmse=0.1788
[13:48:38]   Epoch 087 [ 800/2849]  reg=-0.9632  cls=0.3448  rmse=0.1792
[13:48:38]   Epoch 087 [ 850/2849]  reg=-0.9639  cls=0.3440  rmse=0.1808
[13:48:39]   Epoch 087 [ 900/2849]  reg=-0.9709  cls=0.3356  rmse=0.1803
[13:48:39]   Epoch 087 [ 950/2849]  reg=-0.9735  cls=0.3208  rmse=0.1802
[13:48:40]   Epoch 087 [1000/2849]  reg=-0.9707  cls=0.3025  rmse=0.1798
[13:48:40]   Epoch 087 [1050/2849]  reg=-0.9550  cls=0.3432  rmse=0.1832
[13:48:41]   Epoch 087 [1100/2849]  reg=-0.9612  cls=0.3266  rmse=0.1827
[13:48:41]   Epoch 087 [1150/2849]  reg=-0.9682  cls=0.3500  rmse=0.1827
[13:48:42]   Epoch 087 [1200/2849]  reg=-0.9687  cls=0.3657  rmse=0.1822
[13:48:42]   Epoch 087 [1250/2849]  reg=-0.9650  cls=0.3693  rmse=0.1818
[13:48:43]   Epoch 087 [1300/2849]  reg=-0.9637  cls=0.3264  rmse=0.1814
[13:48:43]   Epoch 087 [1350/2849]  reg=-0.9561  cls=0.3094  rmse=0.1811
[13:48:44]   Epoch 087 [1400/2849]  reg=-0.9656  cls=0.3077  rmse=0.1807
[13:48:44]   Epoch 087 [1450/2849]  reg=-0.9700  cls=0.3144  rmse=0.1809
[13:48:45]   Epoch 087 [1500/2849]  reg=-0.9684  cls=0.3223  rmse=0.1807
[13:48:45]   Epoch 087 [1550/2849]  reg=-0.9540  cls=0.3095  rmse=0.1807
[13:48:46]   Epoch 087 [1600/2849]  reg=-0.9717  cls=0.3369  rmse=0.1805
[13:48:46]   Epoch 087 [1650/2849]  reg=-0.9711  cls=0.3317  rmse=0.1826
[13:48:47]   Epoch 087 [1700/2849]  reg=-0.9617  cls=0.3009  rmse=0.1822
[13:48:47]   Epoch 087 [1750/2849]  reg=-0.9683  cls=0.3373  rmse=0.1819
[13:48:48]   Epoch 087 [1800/2849]  reg=-0.9623  cls=0.3037  rmse=0.1817
[13:48:48]   Epoch 087 [1850/2849]  reg=-0.9446  cls=0.3468  rmse=0.1814
[13:48:49]   Epoch 087 [1900/2849]  reg=-0.9666  cls=0.3124  rmse=0.1812
[13:48:49]   Epoch 087 [1950/2849]  reg=-0.9647  cls=0.3205  rmse=0.1810
[13:48:50]   Epoch 087 [2000/2849]  reg=-0.9622  cls=0.2997  rmse=0.1808
[13:48:50]   Epoch 087 [2050/2849]  reg=-0.9585  cls=0.3133  rmse=0.1809
[13:48:51]   Epoch 087 [2100/2849]  reg=-0.9594  cls=0.3187  rmse=0.1810
[13:48:51]   Epoch 087 [2150/2849]  reg=-0.9663  cls=0.3366  rmse=0.1807
[13:48:52]   Epoch 087 [2200/2849]  reg=-0.9574  cls=0.3599  rmse=0.1805
[13:48:52]   Epoch 087 [2250/2849]  reg=-0.9598  cls=0.2925  rmse=0.1806
[13:48:53]   Epoch 087 [2300/2849]  reg=-0.9721  cls=0.3062  rmse=0.1804
[13:48:53]   Epoch 087 [2350/2849]  reg=-0.9670  cls=0.3130  rmse=0.1805
[13:48:53]   Epoch 087 [2400/2849]  reg=-0.9603  cls=0.3213  rmse=0.1804
[13:48:54]   Epoch 087 [2450/2849]  reg=-0.9660  cls=0.3269  rmse=0.1802
[13:48:54]   Epoch 087 [2500/2849]  reg=-0.9647  cls=0.3363  rmse=0.1801
[13:48:55]   Epoch 087 [2550/2849]  reg=-0.2771  cls=0.3335  rmse=0.1820
[13:48:55]   Epoch 087 [2600/2849]  reg=-0.9613  cls=0.3402  rmse=0.1818
[13:48:56]   Epoch 087 [2650/2849]  reg=-0.9675  cls=0.3061  rmse=0.1817
[13:48:56]   Epoch 087 [2700/2849]  reg=-0.9537  cls=0.3381  rmse=0.1815
[13:48:57]   Epoch 087 [2750/2849]  reg=-0.9535  cls=0.3293  rmse=0.1816
[13:48:57]   Epoch 087 [2800/2849]  reg=-0.9707  cls=0.3043  rmse=0.1816
[13:49:08] Epoch 087/100  lr=8.71e-06  train[reg=-0.9293 cls=0.3272 rmse=0.1817]  val[rmse=0.1769 cls=0.6177 xyz=(0.129,0.118,0.027) acc=0.924]  (46.4s)
[13:49:08]   ckpt 저장: out_classifier2\checkpoints\best.pth
[13:49:16]   Epoch 088 [  50/2849]  reg=-0.9584  cls=0.3227  rmse=0.1741
[13:49:17]   Epoch 088 [ 100/2849]  reg=-0.9619  cls=0.2996  rmse=0.1731
[13:49:17]   Epoch 088 [ 150/2849]  reg=-0.9677  cls=0.3166  rmse=0.1736
[13:49:18]   Epoch 088 [ 200/2849]  reg=-0.9666  cls=0.3488  rmse=0.1742
[13:49:18]   Epoch 088 [ 250/2849]  reg=-0.9642  cls=0.3045  rmse=0.1739
[13:49:19]   Epoch 088 [ 300/2849]  reg=-0.9591  cls=0.3649  rmse=0.1737
[13:49:19]   Epoch 088 [ 350/2849]  reg=-0.9594  cls=0.3201  rmse=0.1732
[13:49:20]   Epoch 088 [ 400/2849]  reg=-0.9625  cls=0.3657  rmse=0.1732
[13:49:20]   Epoch 088 [ 450/2849]  reg=-0.9664  cls=0.3306  rmse=0.1749
[13:49:21]   Epoch 088 [ 500/2849]  reg=-0.9615  cls=0.3508  rmse=0.1745
[13:49:21]   Epoch 088 [ 550/2849]  reg=-0.9620  cls=0.3584  rmse=0.1753
[13:49:22]   Epoch 088 [ 600/2849]  reg=-0.9710  cls=0.3229  rmse=0.1815
[13:49:22]   Epoch 088 [ 650/2849]  reg=-0.9682  cls=0.3337  rmse=0.1818
[13:49:23]   Epoch 088 [ 700/2849]  reg=-0.9697  cls=0.3466  rmse=0.1812
[13:49:23]   Epoch 088 [ 750/2849]  reg=-0.9659  cls=0.3337  rmse=0.1808
[13:49:24]   Epoch 088 [ 800/2849]  reg=-0.9626  cls=0.3203  rmse=0.1801
[13:49:24]   Epoch 088 [ 850/2849]  reg=-0.9646  cls=0.3224  rmse=0.1798
[13:49:25]   Epoch 088 [ 900/2849]  reg=-0.9608  cls=0.3093  rmse=0.1803
[13:49:25]   Epoch 088 [ 950/2849]  reg=-0.9713  cls=0.3430  rmse=0.1799
[13:49:26]   Epoch 088 [1000/2849]  reg=-0.9686  cls=0.3171  rmse=0.1839
[13:49:26]   Epoch 088 [1050/2849]  reg=-0.9610  cls=0.3447  rmse=0.1833
[13:49:27]   Epoch 088 [1100/2849]  reg=-0.9671  cls=0.2960  rmse=0.1835
[13:49:27]   Epoch 088 [1150/2849]  reg=-0.9763  cls=0.3422  rmse=0.1828
[13:49:28]   Epoch 088 [1200/2849]  reg=-0.9730  cls=0.3201  rmse=0.1822
[13:49:28]   Epoch 088 [1250/2849]  reg=-0.9648  cls=0.3262  rmse=0.1824
[13:49:29]   Epoch 088 [1300/2849]  reg=-0.9583  cls=0.3701  rmse=0.1826
[13:49:29]   Epoch 088 [1350/2849]  reg=-0.9641  cls=0.3238  rmse=0.1822
[13:49:30]   Epoch 088 [1400/2849]  reg=-0.9603  cls=0.3405  rmse=0.1819
[13:49:30]   Epoch 088 [1450/2849]  reg=-0.9614  cls=0.3307  rmse=0.1821
[13:49:31]   Epoch 088 [1500/2849]  reg=-0.9583  cls=0.2918  rmse=0.1819
[13:49:31]   Epoch 088 [1550/2849]  reg=-0.9661  cls=0.3372  rmse=0.1820
[13:49:32]   Epoch 088 [1600/2849]  reg=-0.9597  cls=0.3452  rmse=0.1841
[13:49:32]   Epoch 088 [1650/2849]  reg=-0.9666  cls=0.3324  rmse=0.1837
[13:49:33]   Epoch 088 [1700/2849]  reg=-0.9484  cls=0.3129  rmse=0.1858
[13:49:33]   Epoch 088 [1750/2849]  reg=-0.9659  cls=0.3039  rmse=0.1858
[13:49:34]   Epoch 088 [1800/2849]  reg=-0.9622  cls=0.3358  rmse=0.1854
[13:49:34]   Epoch 088 [1850/2849]  reg=-0.9718  cls=0.3333  rmse=0.1851
[13:49:35]   Epoch 088 [1900/2849]  reg=-0.9644  cls=0.3312  rmse=0.1850
[13:49:35]   Epoch 088 [1950/2849]  reg=-0.9611  cls=0.3118  rmse=0.1846
[13:49:35]   Epoch 088 [2000/2849]  reg=-0.9637  cls=0.3220  rmse=0.1842
[13:49:36]   Epoch 088 [2050/2849]  reg=-0.9659  cls=0.3063  rmse=0.1839
[13:49:36]   Epoch 088 [2100/2849]  reg=-0.9695  cls=0.3213  rmse=0.1836
[13:49:37]   Epoch 088 [2150/2849]  reg=-0.9629  cls=0.3325  rmse=0.1833
[13:49:37]   Epoch 088 [2200/2849]  reg=-0.9719  cls=0.3359  rmse=0.1830
[13:49:38]   Epoch 088 [2250/2849]  reg=-0.9556  cls=0.3162  rmse=0.1827
[13:49:38]   Epoch 088 [2300/2849]  reg=-0.9597  cls=0.3345  rmse=0.1824
[13:49:39]   Epoch 088 [2350/2849]  reg=-0.9671  cls=0.3524  rmse=0.1822
[13:49:39]   Epoch 088 [2400/2849]  reg=-0.9631  cls=0.3025  rmse=0.1820
[13:49:40]   Epoch 088 [2450/2849]  reg=-0.9564  cls=0.3243  rmse=0.1823
[13:49:40]   Epoch 088 [2500/2849]  reg=-0.9640  cls=0.2993  rmse=0.1824
[13:49:41]   Epoch 088 [2550/2849]  reg=-0.9632  cls=0.3401  rmse=0.1821
[13:49:41]   Epoch 088 [2600/2849]  reg=-0.9708  cls=0.3160  rmse=0.1822
[13:49:42]   Epoch 088 [2650/2849]  reg=-0.9655  cls=0.3308  rmse=0.1819
[13:49:42]   Epoch 088 [2700/2849]  reg=-0.9688  cls=0.3323  rmse=0.1817
[13:49:43]   Epoch 088 [2750/2849]  reg=-0.9691  cls=0.3088  rmse=0.1818
[13:49:43]   Epoch 088 [2800/2849]  reg=-0.9599  cls=0.3819  rmse=0.1816
[13:49:54] Epoch 088/100  lr=7.89e-06  train[reg=-0.9296 cls=0.3275 rmse=0.1814]  val[rmse=0.1785 cls=0.6159 xyz=(0.131,0.118,0.027) acc=0.925]  (45.7s)
[13:50:02]   Epoch 089 [  50/2849]  reg=-0.9507  cls=0.3464  rmse=0.1860
[13:50:03]   Epoch 089 [ 100/2849]  reg=-0.9647  cls=0.3466  rmse=0.1799
[13:50:03]   Epoch 089 [ 150/2849]  reg=-0.9647  cls=0.2983  rmse=0.1785
[13:50:04]   Epoch 089 [ 200/2849]  reg=-0.9694  cls=0.3818  rmse=0.1759
[13:50:04]   Epoch 089 [ 250/2849]  reg=-0.9606  cls=0.3154  rmse=0.1752
[13:50:05]   Epoch 089 [ 300/2849]  reg=-0.9677  cls=0.3452  rmse=0.1784
[13:50:05]   Epoch 089 [ 350/2849]  reg=-0.9640  cls=0.3275  rmse=0.1779
[13:50:06]   Epoch 089 [ 400/2849]  reg=-0.9600  cls=0.3126  rmse=0.1770
[13:50:06]   Epoch 089 [ 450/2849]  reg=-0.9670  cls=0.2967  rmse=0.1766
[13:50:06]   Epoch 089 [ 500/2849]  reg=19.8824  cls=0.3280  rmse=0.1840
[13:50:07]   Epoch 089 [ 550/2849]  reg=-0.9614  cls=0.3093  rmse=0.1839
[13:50:07]   Epoch 089 [ 600/2849]  reg=-0.9593  cls=0.3389  rmse=0.1827
[13:50:08]   Epoch 089 [ 650/2849]  reg=-0.9633  cls=0.3264  rmse=0.1818
[13:50:08]   Epoch 089 [ 700/2849]  reg=-0.9636  cls=0.3610  rmse=0.1821
[13:50:09]   Epoch 089 [ 750/2849]  reg=-0.9600  cls=0.3449  rmse=0.1814
[13:50:09]   Epoch 089 [ 800/2849]  reg=-0.9491  cls=0.3060  rmse=0.1817
[13:50:10]   Epoch 089 [ 850/2849]  reg=-0.9655  cls=0.3613  rmse=0.1811
[13:50:10]   Epoch 089 [ 900/2849]  reg=-0.9686  cls=0.2971  rmse=0.1806
[13:50:11]   Epoch 089 [ 950/2849]  reg=-0.9615  cls=0.3374  rmse=0.1802
[13:50:11]   Epoch 089 [1000/2849]  reg=-0.9684  cls=0.3167  rmse=0.1799
[13:50:12]   Epoch 089 [1050/2849]  reg=-0.9623  cls=0.3497  rmse=0.1795
[13:50:12]   Epoch 089 [1100/2849]  reg=-0.9645  cls=0.3465  rmse=0.1802
[13:50:13]   Epoch 089 [1150/2849]  reg=-0.9702  cls=0.3119  rmse=0.1833
[13:50:13]   Epoch 089 [1200/2849]  reg=-0.9642  cls=0.3136  rmse=0.1829
[13:50:14]   Epoch 089 [1250/2849]  reg=-0.9701  cls=0.3457  rmse=0.1824
[13:50:14]   Epoch 089 [1300/2849]  reg=-0.9454  cls=0.2929  rmse=0.1819
[13:50:15]   Epoch 089 [1350/2849]  reg=-0.9721  cls=0.3285  rmse=0.1816
[13:50:15]   Epoch 089 [1400/2849]  reg=-0.9675  cls=0.3701  rmse=0.1812
[13:50:16]   Epoch 089 [1450/2849]  reg=-0.9546  cls=0.3020  rmse=0.1813
[13:50:16]   Epoch 089 [1500/2849]  reg=-0.9690  cls=0.3517  rmse=0.1813
[13:50:17]   Epoch 089 [1550/2849]  reg=-0.9660  cls=0.2969  rmse=0.1810
[13:50:17]   Epoch 089 [1600/2849]  reg=-0.9699  cls=0.3444  rmse=0.1808
[13:50:17]   Epoch 089 [1650/2849]  reg=-0.9689  cls=0.3196  rmse=0.1805
[13:50:18]   Epoch 089 [1700/2849]  reg=-0.9615  cls=0.3321  rmse=0.1803
[13:50:18]   Epoch 089 [1750/2849]  reg=-0.9646  cls=0.3220  rmse=0.1800
[13:50:19]   Epoch 089 [1800/2849]  reg=-0.9587  cls=0.3181  rmse=0.1801
[13:50:19]   Epoch 089 [1850/2849]  reg=-0.9673  cls=0.3593  rmse=0.1798
[13:50:20]   Epoch 089 [1900/2849]  reg=-0.9712  cls=0.3077  rmse=0.1797
[13:50:20]   Epoch 089 [1950/2849]  reg=-0.9547  cls=0.3272  rmse=0.1799
[13:50:21]   Epoch 089 [2000/2849]  reg=-0.9623  cls=0.2992  rmse=0.1802
[13:50:21]   Epoch 089 [2050/2849]  reg=-0.9659  cls=0.2948  rmse=0.1800
[13:50:22]   Epoch 089 [2100/2849]  reg=-0.9614  cls=0.3670  rmse=0.1798
[13:50:22]   Epoch 089 [2150/2849]  reg=-0.9717  cls=0.3509  rmse=0.1797
[13:50:23]   Epoch 089 [2200/2849]  reg=-0.9626  cls=0.3379  rmse=0.1816
[13:50:23]   Epoch 089 [2250/2849]  reg=-0.9523  cls=0.3486  rmse=0.1814
[13:50:24]   Epoch 089 [2300/2849]  reg=-0.9504  cls=0.3117  rmse=0.1815
[13:50:24]   Epoch 089 [2350/2849]  reg=-0.9716  cls=0.3232  rmse=0.1813
[13:50:24]   Epoch 089 [2400/2849]  reg=-0.9664  cls=0.3438  rmse=0.1811
[13:50:25]   Epoch 089 [2450/2849]  reg=-0.9492  cls=0.3250  rmse=0.1809
[13:50:25]   Epoch 089 [2500/2849]  reg=-0.9636  cls=0.3022  rmse=0.1807
[13:50:26]   Epoch 089 [2550/2849]  reg=-0.9657  cls=0.3469  rmse=0.1805
[13:50:26]   Epoch 089 [2600/2849]  reg=-0.9633  cls=0.3556  rmse=0.1821
[13:50:27]   Epoch 089 [2650/2849]  reg=-0.9594  cls=0.3448  rmse=0.1819
[13:50:27]   Epoch 089 [2700/2849]  reg=-0.9634  cls=0.3480  rmse=0.1819
[13:50:28]   Epoch 089 [2750/2849]  reg=-0.9687  cls=0.3156  rmse=0.1817
[13:50:28]   Epoch 089 [2800/2849]  reg=-0.9628  cls=0.3278  rmse=0.1815
[13:50:39] Epoch 089/100  lr=7.12e-06  train[reg=-0.9295 cls=0.3268 rmse=0.1815]  val[rmse=0.1767 cls=0.6144 xyz=(0.129,0.118,0.027) acc=0.925]  (45.1s)
[13:50:39]   ckpt 저장: out_classifier2\checkpoints\best.pth
[13:50:47]   Epoch 090 [  50/2849]  reg=-0.9719  cls=0.3078  rmse=0.1740
[13:50:48]   Epoch 090 [ 100/2849]  reg=-0.9649  cls=0.3469  rmse=0.1792
[13:50:48]   Epoch 090 [ 150/2849]  reg=-0.9620  cls=0.3162  rmse=0.1813
[13:50:49]   Epoch 090 [ 200/2849]  reg=-0.9667  cls=0.3065  rmse=0.1799
[13:50:49]   Epoch 090 [ 250/2849]  reg=-0.9522  cls=0.3038  rmse=0.1784
[13:50:50]   Epoch 090 [ 300/2849]  reg=-0.9550  cls=0.3132  rmse=0.1773
[13:50:50]   Epoch 090 [ 350/2849]  reg=-0.9702  cls=0.3109  rmse=0.1764
[13:50:51]   Epoch 090 [ 400/2849]  reg=-0.9660  cls=0.3483  rmse=0.1752
[13:50:51]   Epoch 090 [ 450/2849]  reg=-0.9637  cls=0.3267  rmse=0.1752
[13:50:52]   Epoch 090 [ 500/2849]  reg=-0.9697  cls=0.3127  rmse=0.1749
[13:50:52]   Epoch 090 [ 550/2849]  reg=-0.9588  cls=0.3130  rmse=0.1760
[13:50:53]   Epoch 090 [ 600/2849]  reg=-0.9642  cls=0.3834  rmse=0.1755
[13:50:53]   Epoch 090 [ 650/2849]  reg=-0.9740  cls=0.3155  rmse=0.1754
[13:50:54]   Epoch 090 [ 700/2849]  reg=-0.9677  cls=0.3128  rmse=0.1756
[13:50:54]   Epoch 090 [ 750/2849]  reg=-0.9605  cls=0.3461  rmse=0.1805
[13:50:55]   Epoch 090 [ 800/2849]  reg=-0.9658  cls=0.3553  rmse=0.1801
[13:50:55]   Epoch 090 [ 850/2849]  reg=-0.9707  cls=0.3442  rmse=0.1804
[13:50:56]   Epoch 090 [ 900/2849]  reg=-0.9697  cls=0.3078  rmse=0.1798
[13:50:56]   Epoch 090 [ 950/2849]  reg=-0.9426  cls=0.3187  rmse=0.1795
[13:50:57]   Epoch 090 [1000/2849]  reg=-0.9671  cls=0.3201  rmse=0.1792
[13:50:57]   Epoch 090 [1050/2849]  reg=-0.9660  cls=0.3316  rmse=0.1795
[13:50:58]   Epoch 090 [1100/2849]  reg=-0.9647  cls=0.2911  rmse=0.1827
[13:50:58]   Epoch 090 [1150/2849]  reg=-0.9511  cls=0.3455  rmse=0.1830
[13:50:58]   Epoch 090 [1200/2849]  reg=-0.9583  cls=0.3144  rmse=0.1833
[13:50:59]   Epoch 090 [1250/2849]  reg=-0.9708  cls=0.3371  rmse=0.1829
[13:50:59]   Epoch 090 [1300/2849]  reg=-0.9677  cls=0.3128  rmse=0.1834
[13:51:00]   Epoch 090 [1350/2849]  reg=-0.9599  cls=0.3632  rmse=0.1830
[13:51:00]   Epoch 090 [1400/2849]  reg=-0.9665  cls=0.3053  rmse=0.1825
[13:51:01]   Epoch 090 [1450/2849]  reg=-0.9616  cls=0.3239  rmse=0.1827
[13:51:01]   Epoch 090 [1500/2849]  reg=-0.9674  cls=0.3026  rmse=0.1832
[13:51:02]   Epoch 090 [1550/2849]  reg=-0.9681  cls=0.3563  rmse=0.1829
[13:51:02]   Epoch 090 [1600/2849]  reg=-0.9557  cls=0.3014  rmse=0.1826
[13:51:03]   Epoch 090 [1650/2849]  reg=-0.9660  cls=0.3321  rmse=0.1823
[13:51:04]   Epoch 090 [1700/2849]  reg=-0.9549  cls=0.3769  rmse=0.1821
[13:51:04]   Epoch 090 [1750/2849]  reg=-0.9674  cls=0.3116  rmse=0.1818
[13:51:05]   Epoch 090 [1800/2849]  reg=-0.9605  cls=0.3069  rmse=0.1838
[13:51:05]   Epoch 090 [1850/2849]  reg=-0.9600  cls=0.3170  rmse=0.1834
[13:51:06]   Epoch 090 [1900/2849]  reg=-0.9584  cls=0.3068  rmse=0.1831
[13:51:06]   Epoch 090 [1950/2849]  reg=-0.9727  cls=0.2934  rmse=0.1827
[13:51:07]   Epoch 090 [2000/2849]  reg=-0.9676  cls=0.3155  rmse=0.1824
[13:51:07]   Epoch 090 [2050/2849]  reg=-0.9672  cls=0.3238  rmse=0.1824
[13:51:08]   Epoch 090 [2100/2849]  reg=-0.9589  cls=0.3188  rmse=0.1822
[13:51:08]   Epoch 090 [2150/2849]  reg=-0.9690  cls=0.3014  rmse=0.1820
[13:51:09]   Epoch 090 [2200/2849]  reg=-0.9658  cls=0.3461  rmse=0.1818
[13:51:09]   Epoch 090 [2250/2849]  reg=-0.9726  cls=0.3400  rmse=0.1836
[13:51:10]   Epoch 090 [2300/2849]  reg=-0.9741  cls=0.3244  rmse=0.1833
[13:51:10]   Epoch 090 [2350/2849]  reg=-0.9677  cls=0.3179  rmse=0.1830
[13:51:11]   Epoch 090 [2400/2849]  reg=-0.9676  cls=0.3195  rmse=0.1831
[13:51:11]   Epoch 090 [2450/2849]  reg=-0.9623  cls=0.3360  rmse=0.1828
[13:51:12]   Epoch 090 [2500/2849]  reg=-0.9589  cls=0.3187  rmse=0.1826
[13:51:12]   Epoch 090 [2550/2849]  reg=-0.9673  cls=0.3373  rmse=0.1824
[13:51:13]   Epoch 090 [2600/2849]  reg=-0.9572  cls=0.3673  rmse=0.1824
[13:51:13]   Epoch 090 [2650/2849]  reg=-0.9626  cls=0.3255  rmse=0.1825
[13:51:13]   Epoch 090 [2700/2849]  reg=-0.9668  cls=0.3356  rmse=0.1823
[13:51:14]   Epoch 090 [2750/2849]  reg=-0.9600  cls=0.3336  rmse=0.1820
[13:51:14]   Epoch 090 [2800/2849]  reg=-0.9606  cls=0.3191  rmse=0.1819
[13:51:25] Epoch 090/100  lr=6.40e-06  train[reg=-0.9294 cls=0.3273 rmse=0.1817]  val[rmse=0.1769 cls=0.6143 xyz=(0.130,0.117,0.027) acc=0.924]  (46.2s)
[13:51:25]   ckpt 저장: out_classifier2\checkpoints\epoch_090.pth
[13:51:34]   Epoch 091 [  50/2849]  reg=-0.9728  cls=0.3275  rmse=0.1892
[13:51:34]   Epoch 091 [ 100/2849]  reg=-0.9679  cls=0.3241  rmse=0.1806
[13:51:35]   Epoch 091 [ 150/2849]  reg=-0.9621  cls=0.3146  rmse=0.1775
[13:51:35]   Epoch 091 [ 200/2849]  reg=-0.9634  cls=0.3133  rmse=0.1758
[13:51:36]   Epoch 091 [ 250/2849]  reg=-0.9614  cls=0.3579  rmse=0.1752
[13:51:36]   Epoch 091 [ 300/2849]  reg=-0.9643  cls=0.3026  rmse=0.1768
[13:51:37]   Epoch 091 [ 350/2849]  reg=-0.9674  cls=0.3436  rmse=0.1771
[13:51:37]   Epoch 091 [ 400/2849]  reg=-0.9692  cls=0.3240  rmse=0.1779
[13:51:38]   Epoch 091 [ 450/2849]  reg=-0.9643  cls=0.3865  rmse=0.1774
[13:51:39]   Epoch 091 [ 500/2849]  reg=-0.9574  cls=0.3068  rmse=0.1771
[13:51:39]   Epoch 091 [ 550/2849]  reg=-0.9693  cls=0.3526  rmse=0.1763
[13:51:40]   Epoch 091 [ 600/2849]  reg=-0.9616  cls=0.3315  rmse=0.1826
[13:51:40]   Epoch 091 [ 650/2849]  reg=-0.9684  cls=0.3319  rmse=0.1819
[13:51:41]   Epoch 091 [ 700/2849]  reg=-0.9694  cls=0.3277  rmse=0.1812
[13:51:41]   Epoch 091 [ 750/2849]  reg=-0.9709  cls=0.3189  rmse=0.1858
[13:51:42]   Epoch 091 [ 800/2849]  reg=-0.9587  cls=0.3521  rmse=0.1855
[13:51:42]   Epoch 091 [ 850/2849]  reg=-0.9637  cls=0.3140  rmse=0.1854
[13:51:43]   Epoch 091 [ 900/2849]  reg=-0.9669  cls=0.3349  rmse=0.1847
[13:51:43]   Epoch 091 [ 950/2849]  reg=-0.9615  cls=0.3014  rmse=0.1846
[13:51:44]   Epoch 091 [1000/2849]  reg=-0.9614  cls=0.3417  rmse=0.1849
[13:51:44]   Epoch 091 [1050/2849]  reg=-0.9614  cls=0.3207  rmse=0.1843
[13:51:45]   Epoch 091 [1100/2849]  reg=-0.9607  cls=0.3384  rmse=0.1836
[13:51:45]   Epoch 091 [1150/2849]  reg=-0.9628  cls=0.3301  rmse=0.1836
[13:51:46]   Epoch 091 [1200/2849]  reg=-0.9701  cls=0.3082  rmse=0.1833
[13:51:46]   Epoch 091 [1250/2849]  reg=-0.9653  cls=0.3567  rmse=0.1827
[13:51:47]   Epoch 091 [1300/2849]  reg=-0.9666  cls=0.3381  rmse=0.1828
[13:51:47]   Epoch 091 [1350/2849]  reg=-0.9693  cls=0.3025  rmse=0.1824
[13:51:47]   Epoch 091 [1400/2849]  reg=-0.9611  cls=0.3218  rmse=0.1821
[13:51:48]   Epoch 091 [1450/2849]  reg=-0.9621  cls=0.3039  rmse=0.1817
[13:51:48]   Epoch 091 [1500/2849]  reg=-0.9646  cls=0.3504  rmse=0.1819
[13:51:49]   Epoch 091 [1550/2849]  reg=-0.9664  cls=0.3284  rmse=0.1815
[13:51:49]   Epoch 091 [1600/2849]  reg=-0.9599  cls=0.3981  rmse=0.1837
[13:51:50]   Epoch 091 [1650/2849]  reg=-0.9724  cls=0.3252  rmse=0.1832
[13:51:50]   Epoch 091 [1700/2849]  reg=-0.9590  cls=0.3581  rmse=0.1828
[13:51:51]   Epoch 091 [1750/2849]  reg=-0.9623  cls=0.3114  rmse=0.1826
[13:51:51]   Epoch 091 [1800/2849]  reg=-0.9673  cls=0.3089  rmse=0.1823
[13:51:52]   Epoch 091 [1850/2849]  reg=-0.9648  cls=0.3464  rmse=0.1819
[13:51:52]   Epoch 091 [1900/2849]  reg=-0.9657  cls=0.3441  rmse=0.1816
[13:51:53]   Epoch 091 [1950/2849]  reg=-0.9594  cls=0.3017  rmse=0.1814
[13:51:53]   Epoch 091 [2000/2849]  reg=-0.9538  cls=0.3054  rmse=0.1812
[13:51:54]   Epoch 091 [2050/2849]  reg=-0.9626  cls=0.2895  rmse=0.1813
[13:51:54]   Epoch 091 [2100/2849]  reg=-0.9658  cls=0.3158  rmse=0.1829
[13:51:55]   Epoch 091 [2150/2849]  reg=-0.9670  cls=0.3471  rmse=0.1829
[13:51:55]   Epoch 091 [2200/2849]  reg=-0.9644  cls=0.3433  rmse=0.1827
[13:51:55]   Epoch 091 [2250/2849]  reg=-0.9692  cls=0.3425  rmse=0.1824
[13:51:56]   Epoch 091 [2300/2849]  reg=-0.9627  cls=0.3384  rmse=0.1822
[13:51:56]   Epoch 091 [2350/2849]  reg=-0.9652  cls=0.3407  rmse=0.1825
[13:51:57]   Epoch 091 [2400/2849]  reg=-0.9651  cls=0.3176  rmse=0.1822
[13:51:57]   Epoch 091 [2450/2849]  reg=-0.9604  cls=0.3183  rmse=0.1820
[13:51:58]   Epoch 091 [2500/2849]  reg=-0.9643  cls=0.3096  rmse=0.1817
[13:51:58]   Epoch 091 [2550/2849]  reg=-0.9604  cls=0.3261  rmse=0.1817
[13:51:59]   Epoch 091 [2600/2849]  reg=-0.9642  cls=0.3549  rmse=0.1818
[13:51:59]   Epoch 091 [2650/2849]  reg=-0.9556  cls=0.3202  rmse=0.1816
[13:52:00]   Epoch 091 [2700/2849]  reg=-0.9590  cls=0.3342  rmse=0.1816
[13:52:00]   Epoch 091 [2750/2849]  reg=-0.9741  cls=0.3358  rmse=0.1817
[13:52:00]   Epoch 091 [2800/2849]  reg=-0.9648  cls=0.3136  rmse=0.1815
[13:52:11] Epoch 091/100  lr=5.71e-06  train[reg=-0.9295 cls=0.3270 rmse=0.1814]  val[rmse=0.1773 cls=0.6142 xyz=(0.130,0.118,0.027) acc=0.924]  (46.3s)
[13:52:20]   Epoch 092 [  50/2849]  reg=-0.9669  cls=0.3586  rmse=0.1733
[13:52:21]   Epoch 092 [ 100/2849]  reg=-0.9669  cls=0.3149  rmse=0.1730
[13:52:21]   Epoch 092 [ 150/2849]  reg=-0.9631  cls=0.3367  rmse=0.1726
[13:52:21]   Epoch 092 [ 200/2849]  reg=-0.9636  cls=0.3198  rmse=0.1727
[13:52:22]   Epoch 092 [ 250/2849]  reg=-0.9578  cls=0.3283  rmse=0.1729
[13:52:22]   Epoch 092 [ 300/2849]  reg=-0.9626  cls=0.3005  rmse=0.1726
[13:52:23]   Epoch 092 [ 350/2849]  reg=-0.9713  cls=0.3171  rmse=0.1724
[13:52:23]   Epoch 092 [ 400/2849]  reg=-0.9608  cls=0.3111  rmse=0.1724
[13:52:24]   Epoch 092 [ 450/2849]  reg=-0.9642  cls=0.3102  rmse=0.1724
[13:52:24]   Epoch 092 [ 500/2849]  reg=-0.9577  cls=0.3821  rmse=0.1799
[13:52:25]   Epoch 092 [ 550/2849]  reg=-0.9623  cls=0.3127  rmse=0.1789
[13:52:25]   Epoch 092 [ 600/2849]  reg=-0.9618  cls=0.3748  rmse=0.1794
[13:52:26]   Epoch 092 [ 650/2849]  reg=-0.9662  cls=0.3140  rmse=0.1790
[13:52:26]   Epoch 092 [ 700/2849]  reg=-0.9632  cls=0.3115  rmse=0.1851
[13:52:27]   Epoch 092 [ 750/2849]  reg=-0.9647  cls=0.3333  rmse=0.1845
[13:52:27]   Epoch 092 [ 800/2849]  reg=-0.9726  cls=0.2877  rmse=0.1835
[13:52:28]   Epoch 092 [ 850/2849]  reg=-0.9717  cls=0.3429  rmse=0.1827
[13:52:28]   Epoch 092 [ 900/2849]  reg=-0.9693  cls=0.3122  rmse=0.1835
[13:52:29]   Epoch 092 [ 950/2849]  reg=-0.9668  cls=0.3630  rmse=0.1827
[13:52:30]   Epoch 092 [1000/2849]  reg=-0.9590  cls=0.3241  rmse=0.1820
[13:52:30]   Epoch 092 [1050/2849]  reg=-0.9672  cls=0.3214  rmse=0.1822
[13:52:31]   Epoch 092 [1100/2849]  reg=-0.9575  cls=0.3140  rmse=0.1818
[13:52:31]   Epoch 092 [1150/2849]  reg=-0.9675  cls=0.3277  rmse=0.1814
[13:52:32]   Epoch 092 [1200/2849]  reg=-0.9716  cls=0.2986  rmse=0.1814
[13:52:32]   Epoch 092 [1250/2849]  reg=-0.9621  cls=0.3134  rmse=0.1810
[13:52:33]   Epoch 092 [1300/2849]  reg=-0.9658  cls=0.3148  rmse=0.1837
[13:52:33]   Epoch 092 [1350/2849]  reg=-0.9685  cls=0.3708  rmse=0.1837
[13:52:34]   Epoch 092 [1400/2849]  reg=-0.9648  cls=0.3466  rmse=0.1842
[13:52:34]   Epoch 092 [1450/2849]  reg=-0.9618  cls=0.3148  rmse=0.1841
[13:52:35]   Epoch 092 [1500/2849]  reg=-0.9614  cls=0.3418  rmse=0.1842
[13:52:35]   Epoch 092 [1550/2849]  reg=-0.9627  cls=0.3423  rmse=0.1846
[13:52:36]   Epoch 092 [1600/2849]  reg=-0.9637  cls=0.3182  rmse=0.1842
[13:52:36]   Epoch 092 [1650/2849]  reg=-0.9647  cls=0.3499  rmse=0.1839
[13:52:37]   Epoch 092 [1700/2849]  reg=-0.9670  cls=0.3273  rmse=0.1835
[13:52:37]   Epoch 092 [1750/2849]  reg=-0.9682  cls=0.3531  rmse=0.1832
[13:52:38]   Epoch 092 [1800/2849]  reg=-0.9704  cls=0.3167  rmse=0.1829
[13:52:38]   Epoch 092 [1850/2849]  reg=-0.9657  cls=0.3255  rmse=0.1826
[13:52:39]   Epoch 092 [1900/2849]  reg=-0.9553  cls=0.3336  rmse=0.1823
[13:52:39]   Epoch 092 [1950/2849]  reg=-0.9698  cls=0.3090  rmse=0.1820
[13:52:40]   Epoch 092 [2000/2849]  reg=-0.9719  cls=0.3604  rmse=0.1820
[13:52:40]   Epoch 092 [2050/2849]  reg=-0.9636  cls=0.3085  rmse=0.1818
[13:52:41]   Epoch 092 [2100/2849]  reg=-0.9671  cls=0.3421  rmse=0.1834
[13:52:41]   Epoch 092 [2150/2849]  reg=-0.9633  cls=0.3243  rmse=0.1836
[13:52:42]   Epoch 092 [2200/2849]  reg=-0.9593  cls=0.3546  rmse=0.1833
[13:52:42]   Epoch 092 [2250/2849]  reg=-0.9615  cls=0.3155  rmse=0.1831
[13:52:43]   Epoch 092 [2300/2849]  reg=-0.9638  cls=0.3163  rmse=0.1828
[13:52:43]   Epoch 092 [2350/2849]  reg=-0.9607  cls=0.3029  rmse=0.1825
[13:52:44]   Epoch 092 [2400/2849]  reg=-0.9769  cls=0.3181  rmse=0.1823
[13:52:44]   Epoch 092 [2450/2849]  reg=-0.9618  cls=0.3213  rmse=0.1824
[13:52:45]   Epoch 092 [2500/2849]  reg=-0.9676  cls=0.3362  rmse=0.1822
[13:52:45]   Epoch 092 [2550/2849]  reg=-0.9666  cls=0.3071  rmse=0.1820
[13:52:46]   Epoch 092 [2600/2849]  reg=-0.9719  cls=0.3536  rmse=0.1819
[13:52:46]   Epoch 092 [2650/2849]  reg=-0.9557  cls=0.3296  rmse=0.1818
[13:52:47]   Epoch 092 [2700/2849]  reg=-0.9669  cls=0.3210  rmse=0.1816
[13:52:47]   Epoch 092 [2750/2849]  reg=-0.9643  cls=0.3610  rmse=0.1814
[13:52:48]   Epoch 092 [2800/2849]  reg=-0.9676  cls=0.3590  rmse=0.1812
[13:52:58] Epoch 092/100  lr=5.07e-06  train[reg=-0.9295 cls=0.3270 rmse=0.1813]  val[rmse=0.1770 cls=0.6133 xyz=(0.130,0.118,0.027) acc=0.925]  (47.2s)
[13:53:07]   Epoch 093 [  50/2849]  reg=-0.9610  cls=0.3509  rmse=0.1831
[13:53:08]   Epoch 093 [ 100/2849]  reg=-0.9608  cls=0.3310  rmse=0.1839
[13:53:08]   Epoch 093 [ 150/2849]  reg=-0.9711  cls=0.3064  rmse=0.1798
[13:53:09]   Epoch 093 [ 200/2849]  reg=-0.9748  cls=0.3406  rmse=0.1840
[13:53:09]   Epoch 093 [ 250/2849]  reg=-0.9609  cls=0.3263  rmse=0.1819
[13:53:10]   Epoch 093 [ 300/2849]  reg=-0.9704  cls=0.3289  rmse=0.1823
[13:53:10]   Epoch 093 [ 350/2849]  reg=-0.9673  cls=0.3451  rmse=0.1824
[13:53:11]   Epoch 093 [ 400/2849]  reg=-0.9715  cls=0.3238  rmse=0.1920
[13:53:11]   Epoch 093 [ 450/2849]  reg=-0.9567  cls=0.3209  rmse=0.1899
[13:53:12]   Epoch 093 [ 500/2849]  reg=-0.9681  cls=0.2994  rmse=0.1881
[13:53:12]   Epoch 093 [ 550/2849]  reg=-0.9603  cls=0.3382  rmse=0.1867
[13:53:13]   Epoch 093 [ 600/2849]  reg=-0.9675  cls=0.3308  rmse=0.1857
[13:53:13]   Epoch 093 [ 650/2849]  reg=-0.9614  cls=0.3221  rmse=0.1843
[13:53:14]   Epoch 093 [ 700/2849]  reg=-0.9595  cls=0.3249  rmse=0.1833
[13:53:14]   Epoch 093 [ 750/2849]  reg=-0.9523  cls=0.3130  rmse=0.1825
[13:53:15]   Epoch 093 [ 800/2849]  reg=-0.9663  cls=0.3098  rmse=0.1820
[13:53:15]   Epoch 093 [ 850/2849]  reg=-0.9637  cls=0.3301  rmse=0.1821
[13:53:15]   Epoch 093 [ 900/2849]  reg=-0.9683  cls=0.3274  rmse=0.1815
[13:53:16]   Epoch 093 [ 950/2849]  reg=-0.9615  cls=0.3409  rmse=0.1810
[13:53:16]   Epoch 093 [1000/2849]  reg=-0.9669  cls=0.3575  rmse=0.1811
[13:53:17]   Epoch 093 [1050/2849]  reg=-0.9490  cls=0.3507  rmse=0.1813
[13:53:18]   Epoch 093 [1100/2849]  reg=-0.9677  cls=0.3181  rmse=0.1807
[13:53:18]   Epoch 093 [1150/2849]  reg=-0.9516  cls=0.3077  rmse=0.1809
[13:53:19]   Epoch 093 [1200/2849]  reg=-0.9655  cls=0.3240  rmse=0.1811
[13:53:19]   Epoch 093 [1250/2849]  reg=-0.9657  cls=0.3413  rmse=0.1805
[13:53:20]   Epoch 093 [1300/2849]  reg=-0.9572  cls=0.3450  rmse=0.1802
[13:53:20]   Epoch 093 [1350/2849]  reg=-0.9564  cls=0.3351  rmse=0.1798
[13:53:21]   Epoch 093 [1400/2849]  reg=-0.9654  cls=0.3287  rmse=0.1799
[13:53:21]   Epoch 093 [1450/2849]  reg=-0.9617  cls=0.3376  rmse=0.1801
[13:53:22]   Epoch 093 [1500/2849]  reg=-0.9611  cls=0.3130  rmse=0.1798
[13:53:22]   Epoch 093 [1550/2849]  reg=-0.9526  cls=0.3251  rmse=0.1796
[13:53:23]   Epoch 093 [1600/2849]  reg=-0.9563  cls=0.3317  rmse=0.1793
[13:53:23]   Epoch 093 [1650/2849]  reg=-0.9596  cls=0.3037  rmse=0.1796
[13:53:24]   Epoch 093 [1700/2849]  reg=-0.9573  cls=0.3199  rmse=0.1794
[13:53:24]   Epoch 093 [1750/2849]  reg=-0.9606  cls=0.3005  rmse=0.1792
[13:53:25]   Epoch 093 [1800/2849]  reg=-0.9511  cls=0.3329  rmse=0.1791
[13:53:25]   Epoch 093 [1850/2849]  reg=-0.9601  cls=0.3690  rmse=0.1789
[13:53:26]   Epoch 093 [1900/2849]  reg=-0.9573  cls=0.3071  rmse=0.1791
[13:53:26]   Epoch 093 [1950/2849]  reg=-0.9658  cls=0.3374  rmse=0.1790
[13:53:27]   Epoch 093 [2000/2849]  reg=-0.9619  cls=0.3352  rmse=0.1808
[13:53:27]   Epoch 093 [2050/2849]  reg=-0.9509  cls=0.3497  rmse=0.1808
[13:53:28]   Epoch 093 [2100/2849]  reg=-0.9513  cls=0.3439  rmse=0.1806
[13:53:28]   Epoch 093 [2150/2849]  reg=-0.9617  cls=0.3419  rmse=0.1808
[13:53:29]   Epoch 093 [2200/2849]  reg=-0.9685  cls=0.3490  rmse=0.1806
[13:53:29]   Epoch 093 [2250/2849]  reg=-0.9654  cls=0.3813  rmse=0.1804
[13:53:30]   Epoch 093 [2300/2849]  reg=-0.9677  cls=0.3295  rmse=0.1803
[13:53:30]   Epoch 093 [2350/2849]  reg=-0.9623  cls=0.3193  rmse=0.1801
[13:53:31]   Epoch 093 [2400/2849]  reg=-0.9694  cls=0.3200  rmse=0.1799
[13:53:31]   Epoch 093 [2450/2849]  reg=-0.9692  cls=0.3136  rmse=0.1814
[13:53:32]   Epoch 093 [2500/2849]  reg=-0.9700  cls=0.3617  rmse=0.1812
[13:53:32]   Epoch 093 [2550/2849]  reg=-0.9651  cls=0.3523  rmse=0.1825
[13:53:33]   Epoch 093 [2600/2849]  reg=-0.9445  cls=0.2994  rmse=0.1824
[13:53:33]   Epoch 093 [2650/2849]  reg=-0.9692  cls=0.2872  rmse=0.1822
[13:53:34]   Epoch 093 [2700/2849]  reg=-0.9597  cls=0.3216  rmse=0.1820
[13:53:34]   Epoch 093 [2750/2849]  reg=-0.9628  cls=0.3277  rmse=0.1818
[13:53:35]   Epoch 093 [2800/2849]  reg=-0.9659  cls=0.3469  rmse=0.1816
[13:53:45] Epoch 093/100  lr=4.48e-06  train[reg=-0.9295 cls=0.3271 rmse=0.1814]  val[rmse=0.1769 cls=0.6135 xyz=(0.130,0.117,0.027) acc=0.924]  (47.0s)
[13:53:54]   Epoch 094 [  50/2849]  reg=-0.9627  cls=0.3453  rmse=0.1695
[13:53:55]   Epoch 094 [ 100/2849]  reg=-0.9680  cls=0.2989  rmse=0.1722
[13:53:55]   Epoch 094 [ 150/2849]  reg=-0.9572  cls=0.3231  rmse=0.1765
[13:53:56]   Epoch 094 [ 200/2849]  reg=-0.9540  cls=0.3097  rmse=0.1748
[13:53:56]   Epoch 094 [ 250/2849]  reg=-0.9652  cls=0.3170  rmse=0.1749
[13:53:57]   Epoch 094 [ 300/2849]  reg=-0.9624  cls=0.3578  rmse=0.1743
[13:53:57]   Epoch 094 [ 350/2849]  reg=-0.9694  cls=0.3207  rmse=0.1738
[13:53:58]   Epoch 094 [ 400/2849]  reg=-0.9730  cls=0.3225  rmse=0.1741
[13:53:58]   Epoch 094 [ 450/2849]  reg=-0.9635  cls=0.3129  rmse=0.1754
[13:53:59]   Epoch 094 [ 500/2849]  reg=-0.9737  cls=0.3475  rmse=0.1746
[13:53:59]   Epoch 094 [ 550/2849]  reg=-0.9668  cls=0.3264  rmse=0.1755
[13:54:00]   Epoch 094 [ 600/2849]  reg=-0.9644  cls=0.3181  rmse=0.1768
[13:54:00]   Epoch 094 [ 650/2849]  reg=-0.9651  cls=0.3652  rmse=0.1763
[13:54:01]   Epoch 094 [ 700/2849]  reg=-0.9614  cls=0.2955  rmse=0.1760
[13:54:01]   Epoch 094 [ 750/2849]  reg=-0.9680  cls=0.3341  rmse=0.1757
[13:54:02]   Epoch 094 [ 800/2849]  reg=-0.9738  cls=0.3127  rmse=0.1754
[13:54:02]   Epoch 094 [ 850/2849]  reg=-0.9592  cls=0.3018  rmse=0.1750
[13:54:03]   Epoch 094 [ 900/2849]  reg=-0.9675  cls=0.3418  rmse=0.1759
[13:54:03]   Epoch 094 [ 950/2849]  reg=-0.9536  cls=0.3199  rmse=0.1762
[13:54:04]   Epoch 094 [1000/2849]  reg=-0.9544  cls=0.3107  rmse=0.1765
[13:54:04]   Epoch 094 [1050/2849]  reg=-0.9653  cls=0.3555  rmse=0.1762
[13:54:05]   Epoch 094 [1100/2849]  reg=-0.9664  cls=0.3155  rmse=0.1762
[13:54:05]   Epoch 094 [1150/2849]  reg=-0.9724  cls=0.3025  rmse=0.1765
[13:54:06]   Epoch 094 [1200/2849]  reg=-0.9672  cls=0.3391  rmse=0.1774
[13:54:06]   Epoch 094 [1250/2849]  reg=-0.9482  cls=0.3019  rmse=0.1809
[13:54:07]   Epoch 094 [1300/2849]  reg=-0.9601  cls=0.3672  rmse=0.1810
[13:54:07]   Epoch 094 [1350/2849]  reg=-0.9537  cls=0.3116  rmse=0.1806
[13:54:08]   Epoch 094 [1400/2849]  reg=-0.9536  cls=0.3379  rmse=0.1806
[13:54:08]   Epoch 094 [1450/2849]  reg=-0.9733  cls=0.2874  rmse=0.1804
[13:54:09]   Epoch 094 [1500/2849]  reg=-0.9632  cls=0.3186  rmse=0.1801
[13:54:09]   Epoch 094 [1550/2849]  reg=-0.9589  cls=0.2957  rmse=0.1799
[13:54:10]   Epoch 094 [1600/2849]  reg=-0.9706  cls=0.3456  rmse=0.1802
[13:54:10]   Epoch 094 [1650/2849]  reg=-0.9612  cls=0.3215  rmse=0.1800
[13:54:11]   Epoch 094 [1700/2849]  reg=-0.9540  cls=0.3092  rmse=0.1798
[13:54:11]   Epoch 094 [1750/2849]  reg=-0.9672  cls=0.3632  rmse=0.1817
[13:54:11]   Epoch 094 [1800/2849]  reg=-0.9671  cls=0.3359  rmse=0.1814
[13:54:12]   Epoch 094 [1850/2849]  reg=-0.9690  cls=0.3212  rmse=0.1812
[13:54:12]   Epoch 094 [1900/2849]  reg=-0.9706  cls=0.3250  rmse=0.1809
[13:54:13]   Epoch 094 [1950/2849]  reg=-0.9627  cls=0.3223  rmse=0.1826
[13:54:13]   Epoch 094 [2000/2849]  reg=-0.9599  cls=0.3215  rmse=0.1825
[13:54:14]   Epoch 094 [2050/2849]  reg=-0.9686  cls=0.3260  rmse=0.1844
[13:54:14]   Epoch 094 [2100/2849]  reg=-0.9687  cls=0.3008  rmse=0.1841
[13:54:15]   Epoch 094 [2150/2849]  reg=-0.9655  cls=0.2910  rmse=0.1838
[13:54:15]   Epoch 094 [2200/2849]  reg=-0.9665  cls=0.3142  rmse=0.1838
[13:54:16]   Epoch 094 [2250/2849]  reg=-0.9664  cls=0.3092  rmse=0.1836
[13:54:16]   Epoch 094 [2300/2849]  reg=-0.9691  cls=0.2989  rmse=0.1832
[13:54:17]   Epoch 094 [2350/2849]  reg=-0.9622  cls=0.3244  rmse=0.1830
[13:54:17]   Epoch 094 [2400/2849]  reg=-0.9665  cls=0.3225  rmse=0.1828
[13:54:18]   Epoch 094 [2450/2849]  reg=-0.9657  cls=0.3172  rmse=0.1826
[13:54:18]   Epoch 094 [2500/2849]  reg=-0.9688  cls=0.3235  rmse=0.1824
[13:54:19]   Epoch 094 [2550/2849]  reg=-0.9624  cls=0.3283  rmse=0.1824
[13:54:19]   Epoch 094 [2600/2849]  reg=-0.9709  cls=0.3223  rmse=0.1822
[13:54:20]   Epoch 094 [2650/2849]  reg=-0.9582  cls=0.3191  rmse=0.1820
[13:54:20]   Epoch 094 [2700/2849]  reg=-0.9710  cls=0.3045  rmse=0.1819
[13:54:21]   Epoch 094 [2750/2849]  reg=-0.9658  cls=0.3262  rmse=0.1818
[13:54:21]   Epoch 094 [2800/2849]  reg=-0.9675  cls=0.3348  rmse=0.1816
[13:54:32] Epoch 094/100  lr=3.93e-06  train[reg=-0.9296 cls=0.3271 rmse=0.1814]  val[rmse=0.1770 cls=0.6137 xyz=(0.130,0.118,0.027) acc=0.924]  (46.8s)
[13:54:41]   Epoch 095 [  50/2849]  reg=-0.9484  cls=0.3010  rmse=0.1723
[13:54:41]   Epoch 095 [ 100/2849]  reg=-0.9656  cls=0.3312  rmse=0.1715
[13:54:42]   Epoch 095 [ 150/2849]  reg=-0.9630  cls=0.3087  rmse=0.1765
[13:54:42]   Epoch 095 [ 200/2849]  reg=-0.9506  cls=0.3147  rmse=0.1745
[13:54:43]   Epoch 095 [ 250/2849]  reg=-0.9753  cls=0.3120  rmse=0.1742
[13:54:43]   Epoch 095 [ 300/2849]  reg=-0.9693  cls=0.3462  rmse=0.1740
[13:54:44]   Epoch 095 [ 350/2849]  reg=-0.9604  cls=0.2998  rmse=0.1738
[13:54:44]   Epoch 095 [ 400/2849]  reg=-0.9631  cls=0.3148  rmse=0.1733
[13:54:45]   Epoch 095 [ 450/2849]  reg=-0.9549  cls=0.3250  rmse=0.1743
[13:54:45]   Epoch 095 [ 500/2849]  reg=20.5974  cls=0.2984  rmse=0.1822
[13:54:46]   Epoch 095 [ 550/2849]  reg=-0.9656  cls=0.3142  rmse=0.1882
[13:54:46]   Epoch 095 [ 600/2849]  reg=-0.9636  cls=0.3300  rmse=0.1931
[13:54:47]   Epoch 095 [ 650/2849]  reg=-0.9695  cls=0.2920  rmse=0.1913
[13:54:47]   Epoch 095 [ 700/2849]  reg=-0.9683  cls=0.3234  rmse=0.1901
[13:54:48]   Epoch 095 [ 750/2849]  reg=-0.9617  cls=0.3042  rmse=0.1886
[13:54:48]   Epoch 095 [ 800/2849]  reg=-0.9543  cls=0.3205  rmse=0.1878
[13:54:49]   Epoch 095 [ 850/2849]  reg=-0.9401  cls=0.3228  rmse=0.1868
[13:54:49]   Epoch 095 [ 900/2849]  reg=-0.9557  cls=0.3307  rmse=0.1862
[13:54:50]   Epoch 095 [ 950/2849]  reg=-0.9567  cls=0.3355  rmse=0.1853
[13:54:50]   Epoch 095 [1000/2849]  reg=-0.9705  cls=0.3221  rmse=0.1847
[13:54:51]   Epoch 095 [1050/2849]  reg=-0.9591  cls=0.3810  rmse=0.1847
[13:54:51]   Epoch 095 [1100/2849]  reg=-0.9595  cls=0.3145  rmse=0.1841
[13:54:52]   Epoch 095 [1150/2849]  reg=-0.9575  cls=0.3292  rmse=0.1835
[13:54:52]   Epoch 095 [1200/2849]  reg=-0.9651  cls=0.3298  rmse=0.1841
[13:54:53]   Epoch 095 [1250/2849]  reg=-0.9720  cls=0.2938  rmse=0.1842
[13:54:53]   Epoch 095 [1300/2849]  reg=-0.9602  cls=0.3159  rmse=0.1838
[13:54:54]   Epoch 095 [1350/2849]  reg=-0.9670  cls=0.3173  rmse=0.1834
[13:54:54]   Epoch 095 [1400/2849]  reg=-0.9682  cls=0.3300  rmse=0.1831
[13:54:55]   Epoch 095 [1450/2849]  reg=-0.1555  cls=0.3269  rmse=0.1831
[13:54:55]   Epoch 095 [1500/2849]  reg=-0.9756  cls=0.3211  rmse=0.1827
[13:54:56]   Epoch 095 [1550/2849]  reg=-0.9673  cls=0.3108  rmse=0.1827
[13:54:56]   Epoch 095 [1600/2849]  reg=-0.9675  cls=0.3188  rmse=0.1827
[13:54:57]   Epoch 095 [1650/2849]  reg=-0.9648  cls=0.3474  rmse=0.1825
[13:54:57]   Epoch 095 [1700/2849]  reg=-0.9622  cls=0.3281  rmse=0.1826
[13:54:58]   Epoch 095 [1750/2849]  reg=-0.9663  cls=0.3790  rmse=0.1826
[13:54:58]   Epoch 095 [1800/2849]  reg=-0.9550  cls=0.3564  rmse=0.1823
[13:54:59]   Epoch 095 [1850/2849]  reg=-0.9539  cls=0.3084  rmse=0.1820
[13:54:59]   Epoch 095 [1900/2849]  reg=-0.9582  cls=0.3236  rmse=0.1817
[13:55:00]   Epoch 095 [1950/2849]  reg=-0.9591  cls=0.3284  rmse=0.1815
[13:55:00]   Epoch 095 [2000/2849]  reg=-0.9618  cls=0.3675  rmse=0.1813
[13:55:01]   Epoch 095 [2050/2849]  reg=-0.9648  cls=0.3393  rmse=0.1810
[13:55:01]   Epoch 095 [2100/2849]  reg=-0.9692  cls=0.3207  rmse=0.1808
[13:55:02]   Epoch 095 [2150/2849]  reg=-0.9647  cls=0.3405  rmse=0.1806
[13:55:02]   Epoch 095 [2200/2849]  reg=-0.9707  cls=0.3185  rmse=0.1824
[13:55:03]   Epoch 095 [2250/2849]  reg=-0.9608  cls=0.3285  rmse=0.1822
[13:55:03]   Epoch 095 [2300/2849]  reg=-0.9639  cls=0.3179  rmse=0.1824
[13:55:04]   Epoch 095 [2350/2849]  reg=-0.9608  cls=0.3436  rmse=0.1823
[13:55:04]   Epoch 095 [2400/2849]  reg=-0.9668  cls=0.3524  rmse=0.1820
[13:55:05]   Epoch 095 [2450/2849]  reg=-0.9711  cls=0.3221  rmse=0.1818
[13:55:05]   Epoch 095 [2500/2849]  reg=-0.9675  cls=0.3373  rmse=0.1815
[13:55:06]   Epoch 095 [2550/2849]  reg=-0.9701  cls=0.2962  rmse=0.1817
[13:55:06]   Epoch 095 [2600/2849]  reg=-0.9642  cls=0.3048  rmse=0.1815
[13:55:07]   Epoch 095 [2650/2849]  reg=-0.9584  cls=0.3523  rmse=0.1815
[13:55:07]   Epoch 095 [2700/2849]  reg=-0.9441  cls=0.3208  rmse=0.1816
[13:55:08]   Epoch 095 [2750/2849]  reg=-0.9651  cls=0.3364  rmse=0.1814
[13:55:08]   Epoch 095 [2800/2849]  reg=-0.9685  cls=0.3300  rmse=0.1812
[13:55:19] Epoch 095/100  lr=3.42e-06  train[reg=-0.9296 cls=0.3264 rmse=0.1812]  val[rmse=0.1771 cls=0.6133 xyz=(0.130,0.117,0.027) acc=0.924]  (46.4s)
[13:55:27]   Epoch 096 [  50/2849]  reg=-0.9688  cls=0.3486  rmse=0.1716
[13:55:27]   Epoch 096 [ 100/2849]  reg=-0.9730  cls=0.3296  rmse=0.1727
[13:55:28]   Epoch 096 [ 150/2849]  reg=-0.9733  cls=0.3226  rmse=0.1731
[13:55:28]   Epoch 096 [ 200/2849]  reg=-0.9722  cls=0.3188  rmse=0.1725
[13:55:29]   Epoch 096 [ 250/2849]  reg=-0.9588  cls=0.3190  rmse=0.1777
[13:55:29]   Epoch 096 [ 300/2849]  reg=-0.9633  cls=0.3719  rmse=0.1928
[13:55:30]   Epoch 096 [ 350/2849]  reg=-0.9609  cls=0.3495  rmse=0.1899
[13:55:30]   Epoch 096 [ 400/2849]  reg=-0.9702  cls=0.3260  rmse=0.1872
[13:55:31]   Epoch 096 [ 450/2849]  reg=-0.9715  cls=0.3086  rmse=0.1868
[13:55:31]   Epoch 096 [ 500/2849]  reg=-0.9631  cls=0.3177  rmse=0.1854
[13:55:32]   Epoch 096 [ 550/2849]  reg=-0.9589  cls=0.3255  rmse=0.1854
[13:55:32]   Epoch 096 [ 600/2849]  reg=-0.9637  cls=0.3180  rmse=0.1843
[13:55:33]   Epoch 096 [ 650/2849]  reg=-0.9655  cls=0.3274  rmse=0.1832
[13:55:33]   Epoch 096 [ 700/2849]  reg=-0.9672  cls=0.3234  rmse=0.1834
[13:55:34]   Epoch 096 [ 750/2849]  reg=-0.9706  cls=0.3104  rmse=0.1846
[13:55:34]   Epoch 096 [ 800/2849]  reg=-0.9671  cls=0.3597  rmse=0.1838
[13:55:35]   Epoch 096 [ 850/2849]  reg=-0.9675  cls=0.2872  rmse=0.1883
[13:55:35]   Epoch 096 [ 900/2849]  reg=-0.9589  cls=0.3057  rmse=0.1881
[13:55:36]   Epoch 096 [ 950/2849]  reg=-0.9606  cls=0.3145  rmse=0.1873
[13:55:36]   Epoch 096 [1000/2849]  reg=-0.9640  cls=0.3427  rmse=0.1870
[13:55:37]   Epoch 096 [1050/2849]  reg=-0.9654  cls=0.3462  rmse=0.1869
[13:55:37]   Epoch 096 [1100/2849]  reg=-0.9638  cls=0.3319  rmse=0.1863
[13:55:38]   Epoch 096 [1150/2849]  reg=-0.9601  cls=0.3309  rmse=0.1891
[13:55:38]   Epoch 096 [1200/2849]  reg=-0.9586  cls=0.3284  rmse=0.1890
[13:55:39]   Epoch 096 [1250/2849]  reg=-0.9674  cls=0.3186  rmse=0.1883
[13:55:39]   Epoch 096 [1300/2849]  reg=-0.9700  cls=0.3253  rmse=0.1877
[13:55:40]   Epoch 096 [1350/2849]  reg=-0.9678  cls=0.3316  rmse=0.1876
[13:55:40]   Epoch 096 [1400/2849]  reg=-0.9649  cls=0.3119  rmse=0.1870
[13:55:41]   Epoch 096 [1450/2849]  reg=-0.9532  cls=0.3293  rmse=0.1864
[13:55:41]   Epoch 096 [1500/2849]  reg=-0.9668  cls=0.3372  rmse=0.1864
[13:55:41]   Epoch 096 [1550/2849]  reg=-0.9685  cls=0.3339  rmse=0.1863
[13:55:42]   Epoch 096 [1600/2849]  reg=-0.9703  cls=0.3160  rmse=0.1858
[13:55:42]   Epoch 096 [1650/2849]  reg=-0.9729  cls=0.3201  rmse=0.1854
[13:55:43]   Epoch 096 [1700/2849]  reg=-0.9721  cls=0.3294  rmse=0.1850
[13:55:43]   Epoch 096 [1750/2849]  reg=-0.9612  cls=0.3493  rmse=0.1846
[13:55:44]   Epoch 096 [1800/2849]  reg=-0.9661  cls=0.3254  rmse=0.1842
[13:55:44]   Epoch 096 [1850/2849]  reg=-0.9632  cls=0.3227  rmse=0.1839
[13:55:45]   Epoch 096 [1900/2849]  reg=-0.9636  cls=0.3724  rmse=0.1839
[13:55:45]   Epoch 096 [1950/2849]  reg=-0.9626  cls=0.3071  rmse=0.1836
[13:55:46]   Epoch 096 [2000/2849]  reg=-0.9636  cls=0.3405  rmse=0.1832
[13:55:46]   Epoch 096 [2050/2849]  reg=-0.9684  cls=0.2935  rmse=0.1829
[13:55:47]   Epoch 096 [2100/2849]  reg=-0.9675  cls=0.3321  rmse=0.1829
[13:55:47]   Epoch 096 [2150/2849]  reg=-0.9690  cls=0.3298  rmse=0.1826
[13:55:48]   Epoch 096 [2200/2849]  reg=-0.9613  cls=0.3372  rmse=0.1823
[13:55:48]   Epoch 096 [2250/2849]  reg=-0.9655  cls=0.2975  rmse=0.1820
[13:55:49]   Epoch 096 [2300/2849]  reg=-0.9710  cls=0.3185  rmse=0.1818
[13:55:49]   Epoch 096 [2350/2849]  reg=-0.9682  cls=0.3293  rmse=0.1815
[13:55:50]   Epoch 096 [2400/2849]  reg=-0.9674  cls=0.3195  rmse=0.1813
[13:55:50]   Epoch 096 [2450/2849]  reg=-0.9624  cls=0.3806  rmse=0.1811
[13:55:51]   Epoch 096 [2500/2849]  reg=-0.9661  cls=0.2959  rmse=0.1809
[13:55:51]   Epoch 096 [2550/2849]  reg=-0.9632  cls=0.3147  rmse=0.1808
[13:55:52]   Epoch 096 [2600/2849]  reg=-0.9649  cls=0.3586  rmse=0.1806
[13:55:52]   Epoch 096 [2650/2849]  reg=-0.9646  cls=0.3237  rmse=0.1804
[13:55:52]   Epoch 096 [2700/2849]  reg=-0.9625  cls=0.3275  rmse=0.1818
[13:55:53]   Epoch 096 [2750/2849]  reg=-0.9653  cls=0.3466  rmse=0.1816
[13:55:53]   Epoch 096 [2800/2849]  reg=-0.9698  cls=0.3217  rmse=0.1814
[13:56:04] Epoch 096/100  lr=2.97e-06  train[reg=-0.9297 cls=0.3268 rmse=0.1812]  val[rmse=0.1769 cls=0.6173 xyz=(0.130,0.117,0.027) acc=0.924]  (45.2s)
[13:56:12]   Epoch 097 [  50/2849]  reg=-0.9605  cls=0.3372  rmse=0.1723
[13:56:13]   Epoch 097 [ 100/2849]  reg=-0.9681  cls=0.3103  rmse=0.1726
[13:56:13]   Epoch 097 [ 150/2849]  reg=-0.9603  cls=0.2997  rmse=0.1718
[13:56:14]   Epoch 097 [ 200/2849]  reg=-0.9709  cls=0.3166  rmse=0.1722
[13:56:14]   Epoch 097 [ 250/2849]  reg=-0.9705  cls=0.3054  rmse=0.1720
[13:56:15]   Epoch 097 [ 300/2849]  reg=-0.9666  cls=0.3048  rmse=0.1719
[13:56:15]   Epoch 097 [ 350/2849]  reg=-0.9648  cls=0.3307  rmse=0.1720
[13:56:16]   Epoch 097 [ 400/2849]  reg=-0.9700  cls=0.3286  rmse=0.1824
[13:56:16]   Epoch 097 [ 450/2849]  reg=-0.9650  cls=0.3361  rmse=0.1812
[13:56:17]   Epoch 097 [ 500/2849]  reg=-0.9610  cls=0.3448  rmse=0.1802
[13:56:17]   Epoch 097 [ 550/2849]  reg=-0.9443  cls=0.3359  rmse=0.1795
[13:56:18]   Epoch 097 [ 600/2849]  reg=-0.9685  cls=0.3419  rmse=0.1790
[13:56:18]   Epoch 097 [ 650/2849]  reg=-0.9660  cls=0.3510  rmse=0.1787
[13:56:19]   Epoch 097 [ 700/2849]  reg=-0.9555  cls=0.2969  rmse=0.1796
[13:56:19]   Epoch 097 [ 750/2849]  reg=-0.9522  cls=0.3361  rmse=0.1791
[13:56:20]   Epoch 097 [ 800/2849]  reg=-0.9704  cls=0.3007  rmse=0.1784
[13:56:20]   Epoch 097 [ 850/2849]  reg=-0.9661  cls=0.3212  rmse=0.1783
[13:56:21]   Epoch 097 [ 900/2849]  reg=-0.9597  cls=0.3301  rmse=0.1794
[13:56:21]   Epoch 097 [ 950/2849]  reg=-0.9588  cls=0.3213  rmse=0.1796
[13:56:22]   Epoch 097 [1000/2849]  reg=-0.9713  cls=0.3039  rmse=0.1793
[13:56:22]   Epoch 097 [1050/2849]  reg=-0.9630  cls=0.3221  rmse=0.1790
[13:56:23]   Epoch 097 [1100/2849]  reg=-0.9654  cls=0.3209  rmse=0.1785
[13:56:23]   Epoch 097 [1150/2849]  reg=-0.9610  cls=0.3093  rmse=0.1780
[13:56:24]   Epoch 097 [1200/2849]  reg=-0.9669  cls=0.3252  rmse=0.1843
[13:56:24]   Epoch 097 [1250/2849]  reg=-0.9703  cls=0.3095  rmse=0.1838
[13:56:25]   Epoch 097 [1300/2849]  reg=-0.9699  cls=0.3255  rmse=0.1832
[13:56:25]   Epoch 097 [1350/2849]  reg=-0.9674  cls=0.3028  rmse=0.1833
[13:56:26]   Epoch 097 [1400/2849]  reg=-0.9701  cls=0.3139  rmse=0.1829
[13:56:26]   Epoch 097 [1450/2849]  reg=-0.9741  cls=0.3231  rmse=0.1829
[13:56:27]   Epoch 097 [1500/2849]  reg=-0.9682  cls=0.3220  rmse=0.1830
[13:56:27]   Epoch 097 [1550/2849]  reg=-0.9669  cls=0.3060  rmse=0.1830
[13:56:28]   Epoch 097 [1600/2849]  reg=-0.9743  cls=0.2940  rmse=0.1830
[13:56:28]   Epoch 097 [1650/2849]  reg=-0.9712  cls=0.3366  rmse=0.1831
[13:56:29]   Epoch 097 [1700/2849]  reg=-0.9550  cls=0.3239  rmse=0.1828
[13:56:29]   Epoch 097 [1750/2849]  reg=-0.9612  cls=0.3316  rmse=0.1825
[13:56:30]   Epoch 097 [1800/2849]  reg=-0.9617  cls=0.3076  rmse=0.1823
[13:56:30]   Epoch 097 [1850/2849]  reg=-0.9639  cls=0.3178  rmse=0.1820
[13:56:31]   Epoch 097 [1900/2849]  reg=-0.9629  cls=0.3469  rmse=0.1818
[13:56:31]   Epoch 097 [1950/2849]  reg=-0.9615  cls=0.3245  rmse=0.1820
[13:56:32]   Epoch 097 [2000/2849]  reg=-0.9670  cls=0.3119  rmse=0.1837
[13:56:32]   Epoch 097 [2050/2849]  reg=-0.9689  cls=0.2904  rmse=0.1837
[13:56:32]   Epoch 097 [2100/2849]  reg=-0.9653  cls=0.3273  rmse=0.1837
[13:56:33]   Epoch 097 [2150/2849]  reg=-0.9520  cls=0.3265  rmse=0.1834
[13:56:33]   Epoch 097 [2200/2849]  reg=-0.9599  cls=0.3373  rmse=0.1835
[13:56:34]   Epoch 097 [2250/2849]  reg=-0.9641  cls=0.3153  rmse=0.1832
[13:56:35]   Epoch 097 [2300/2849]  reg=-0.9505  cls=0.3274  rmse=0.1829
[13:56:35]   Epoch 097 [2350/2849]  reg=-0.9644  cls=0.3312  rmse=0.1827
[13:56:36]   Epoch 097 [2400/2849]  reg=-0.2679  cls=0.3504  rmse=0.1828
[13:56:36]   Epoch 097 [2450/2849]  reg=-0.9735  cls=0.3157  rmse=0.1828
[13:56:37]   Epoch 097 [2500/2849]  reg=-0.9542  cls=0.3459  rmse=0.1826
[13:56:37]   Epoch 097 [2550/2849]  reg=-0.9576  cls=0.3177  rmse=0.1824
[13:56:38]   Epoch 097 [2600/2849]  reg=-0.9666  cls=0.3398  rmse=0.1821
[13:56:38]   Epoch 097 [2650/2849]  reg=-0.9603  cls=0.3284  rmse=0.1822
[13:56:39]   Epoch 097 [2700/2849]  reg=-0.9676  cls=0.3542  rmse=0.1820
[13:56:39]   Epoch 097 [2750/2849]  reg=-0.9717  cls=0.3120  rmse=0.1818
[13:56:40]   Epoch 097 [2800/2849]  reg=-0.9616  cls=0.3525  rmse=0.1817
[13:56:50] Epoch 097/100  lr=2.56e-06  train[reg=-0.9294 cls=0.3270 rmse=0.1815]  val[rmse=0.1766 cls=0.6151 xyz=(0.129,0.117,0.027) acc=0.924]  (46.5s)
[13:56:50]   ckpt 저장: out_classifier2\checkpoints\best.pth
[13:56:59]   Epoch 098 [  50/2849]  reg=-0.9653  cls=0.3134  rmse=0.1729
[13:56:59]   Epoch 098 [ 100/2849]  reg=-0.9629  cls=0.3392  rmse=0.1726
[13:57:00]   Epoch 098 [ 150/2849]  reg=-0.9613  cls=0.3225  rmse=0.1726
[13:57:00]   Epoch 098 [ 200/2849]  reg=-0.9636  cls=0.3002  rmse=0.1756
[13:57:01]   Epoch 098 [ 250/2849]  reg=-0.9606  cls=0.3275  rmse=0.1740
[13:57:01]   Epoch 098 [ 300/2849]  reg=-0.9311  cls=0.2955  rmse=0.1740
[13:57:02]   Epoch 098 [ 350/2849]  reg=-0.9612  cls=0.3234  rmse=0.1736
[13:57:02]   Epoch 098 [ 400/2849]  reg=-0.9675  cls=0.3411  rmse=0.1738
[13:57:03]   Epoch 098 [ 450/2849]  reg=-0.9702  cls=0.3284  rmse=0.1736
[13:57:03]   Epoch 098 [ 500/2849]  reg=-0.9634  cls=0.3212  rmse=0.1735
[13:57:04]   Epoch 098 [ 550/2849]  reg=-0.9621  cls=0.3135  rmse=0.1732
[13:57:04]   Epoch 098 [ 600/2849]  reg=-0.9560  cls=0.3045  rmse=0.1795
[13:57:05]   Epoch 098 [ 650/2849]  reg=-0.9683  cls=0.3111  rmse=0.1791
[13:57:05]   Epoch 098 [ 700/2849]  reg=-0.9535  cls=0.3482  rmse=0.1786
[13:57:05]   Epoch 098 [ 750/2849]  reg=-0.9714  cls=0.2982  rmse=0.1782
[13:57:06]   Epoch 098 [ 800/2849]  reg=-0.9642  cls=0.3333  rmse=0.1777
[13:57:06]   Epoch 098 [ 850/2849]  reg=-0.9639  cls=0.2905  rmse=0.1821
[13:57:07]   Epoch 098 [ 900/2849]  reg=-0.9627  cls=0.3292  rmse=0.1830
[13:57:07]   Epoch 098 [ 950/2849]  reg=-0.9705  cls=0.3073  rmse=0.1824
[13:57:08]   Epoch 098 [1000/2849]  reg=-0.9550  cls=0.3075  rmse=0.1825
[13:57:08]   Epoch 098 [1050/2849]  reg=-0.9606  cls=0.3042  rmse=0.1821
[13:57:09]   Epoch 098 [1100/2849]  reg=-0.9716  cls=0.2880  rmse=0.1851
[13:57:09]   Epoch 098 [1150/2849]  reg=-0.9684  cls=0.2954  rmse=0.1845
[13:57:10]   Epoch 098 [1200/2849]  reg=-0.9517  cls=0.3093  rmse=0.1844
[13:57:10]   Epoch 098 [1250/2849]  reg=-0.9578  cls=0.3266  rmse=0.1838
[13:57:11]   Epoch 098 [1300/2849]  reg=-0.9613  cls=0.3127  rmse=0.1839
[13:57:11]   Epoch 098 [1350/2849]  reg=-0.9683  cls=0.3037  rmse=0.1833
[13:57:12]   Epoch 098 [1400/2849]  reg=-0.9409  cls=0.3259  rmse=0.1830
[13:57:13]   Epoch 098 [1450/2849]  reg=-0.9700  cls=0.3001  rmse=0.1831
[13:57:13]   Epoch 098 [1500/2849]  reg=-0.9659  cls=0.3145  rmse=0.1834
[13:57:14]   Epoch 098 [1550/2849]  reg=-0.9715  cls=0.3176  rmse=0.1831
[13:57:14]   Epoch 098 [1600/2849]  reg=-0.9720  cls=0.3504  rmse=0.1827
[13:57:15]   Epoch 098 [1650/2849]  reg=-0.9612  cls=0.3163  rmse=0.1825
[13:57:15]   Epoch 098 [1700/2849]  reg=-0.9641  cls=0.3222  rmse=0.1822
[13:57:15]   Epoch 098 [1750/2849]  reg=-0.9536  cls=0.3054  rmse=0.1818
[13:57:16]   Epoch 098 [1800/2849]  reg=-0.9606  cls=0.3085  rmse=0.1820
[13:57:17]   Epoch 098 [1850/2849]  reg=-0.9609  cls=0.3110  rmse=0.1817
[13:57:17]   Epoch 098 [1900/2849]  reg=-0.9661  cls=0.3272  rmse=0.1817
[13:57:17]   Epoch 098 [1950/2849]  reg=-0.9658  cls=0.3204  rmse=0.1818
[13:57:18]   Epoch 098 [2000/2849]  reg=-0.9684  cls=0.4106  rmse=0.1816
[13:57:19]   Epoch 098 [2050/2849]  reg=-0.9661  cls=0.3470  rmse=0.1819
[13:57:19]   Epoch 098 [2100/2849]  reg=-0.9631  cls=0.3261  rmse=0.1817
[13:57:20]   Epoch 098 [2150/2849]  reg=-0.9626  cls=0.3353  rmse=0.1815
[13:57:20]   Epoch 098 [2200/2849]  reg=-0.9599  cls=0.3157  rmse=0.1812
[13:57:21]   Epoch 098 [2250/2849]  reg=-0.9655  cls=0.2949  rmse=0.1810
[13:57:21]   Epoch 098 [2300/2849]  reg=-0.9727  cls=0.3428  rmse=0.1811
[13:57:22]   Epoch 098 [2350/2849]  reg=-0.9557  cls=0.2995  rmse=0.1809
[13:57:22]   Epoch 098 [2400/2849]  reg=-0.9745  cls=0.3403  rmse=0.1807
[13:57:23]   Epoch 098 [2450/2849]  reg=-0.9570  cls=0.3310  rmse=0.1805
[13:57:23]   Epoch 098 [2500/2849]  reg=-0.9763  cls=0.3374  rmse=0.1805
[13:57:24]   Epoch 098 [2550/2849]  reg=-0.9603  cls=0.3187  rmse=0.1803
[13:57:24]   Epoch 098 [2600/2849]  reg=-0.9571  cls=0.2920  rmse=0.1803
[13:57:25]   Epoch 098 [2650/2849]  reg=-0.9749  cls=0.3139  rmse=0.1817
[13:57:25]   Epoch 098 [2700/2849]  reg=-0.9660  cls=0.3231  rmse=0.1815
[13:57:26]   Epoch 098 [2750/2849]  reg=-0.9591  cls=0.3206  rmse=0.1814
[13:57:26]   Epoch 098 [2800/2849]  reg=-0.9633  cls=0.3068  rmse=0.1812
[13:57:37] Epoch 098/100  lr=2.19e-06  train[reg=-0.9297 cls=0.3269 rmse=0.1812]  val[rmse=0.1770 cls=0.6144 xyz=(0.130,0.117,0.027) acc=0.924]  (46.6s)
[13:57:46]   Epoch 099 [  50/2849]  reg=-0.9693  cls=0.3361  rmse=0.1828
[13:57:46]   Epoch 099 [ 100/2849]  reg=-0.9602  cls=0.3360  rmse=0.1776
[13:57:47]   Epoch 099 [ 150/2849]  reg=-0.9639  cls=0.3405  rmse=0.1804
[13:57:47]   Epoch 099 [ 200/2849]  reg=-0.9705  cls=0.3543  rmse=0.1775
[13:57:48]   Epoch 099 [ 250/2849]  reg=-0.9688  cls=0.3402  rmse=0.1766
[13:57:48]   Epoch 099 [ 300/2849]  reg=-0.9688  cls=0.3317  rmse=0.1764
[13:57:49]   Epoch 099 [ 350/2849]  reg=-0.9612  cls=0.3426  rmse=0.1757
[13:57:49]   Epoch 099 [ 400/2849]  reg=-0.9571  cls=0.3103  rmse=0.1756
[13:57:50]   Epoch 099 [ 450/2849]  reg=-0.9688  cls=0.3323  rmse=0.1753
[13:57:50]   Epoch 099 [ 500/2849]  reg=-0.9602  cls=0.2995  rmse=0.1748
[13:57:51]   Epoch 099 [ 550/2849]  reg=-0.9689  cls=0.3136  rmse=0.1744
[13:57:51]   Epoch 099 [ 600/2849]  reg=-0.9611  cls=0.3271  rmse=0.1754
[13:57:52]   Epoch 099 [ 650/2849]  reg=-0.9679  cls=0.3374  rmse=0.1762
[13:57:52]   Epoch 099 [ 700/2849]  reg=-0.9618  cls=0.3232  rmse=0.1769
[13:57:53]   Epoch 099 [ 750/2849]  reg=-0.9653  cls=0.3234  rmse=0.1765
[13:57:53]   Epoch 099 [ 800/2849]  reg=-0.9694  cls=0.3042  rmse=0.1760
[13:57:54]   Epoch 099 [ 850/2849]  reg=-0.9609  cls=0.3057  rmse=0.1757
[13:57:54]   Epoch 099 [ 900/2849]  reg=-0.9647  cls=0.3336  rmse=0.1753
[13:57:55]   Epoch 099 [ 950/2849]  reg=-0.9647  cls=0.3368  rmse=0.1753
[13:57:55]   Epoch 099 [1000/2849]  reg=-0.9690  cls=0.3486  rmse=0.1749
[13:57:56]   Epoch 099 [1050/2849]  reg=-0.9641  cls=0.3194  rmse=0.1749
[13:57:56]   Epoch 099 [1100/2849]  reg=-0.9660  cls=0.3702  rmse=0.1748
[13:57:57]   Epoch 099 [1150/2849]  reg=-0.9615  cls=0.3152  rmse=0.1747
[13:57:57]   Epoch 099 [1200/2849]  reg=-0.9583  cls=0.3182  rmse=0.1752
[13:57:58]   Epoch 099 [1250/2849]  reg=-0.9699  cls=0.3423  rmse=0.1759
[13:57:58]   Epoch 099 [1300/2849]  reg=-0.9664  cls=0.3497  rmse=0.1756
[13:57:59]   Epoch 099 [1350/2849]  reg=-0.9544  cls=0.3282  rmse=0.1755
[13:57:59]   Epoch 099 [1400/2849]  reg=-0.9640  cls=0.3574  rmse=0.1758
[13:58:00]   Epoch 099 [1450/2849]  reg=-0.9674  cls=0.3334  rmse=0.1762
[13:58:00]   Epoch 099 [1500/2849]  reg=-0.9732  cls=0.3437  rmse=0.1769
[13:58:01]   Epoch 099 [1550/2849]  reg=-0.9646  cls=0.3018  rmse=0.1767
[13:58:01]   Epoch 099 [1600/2849]  reg=-0.9585  cls=0.3090  rmse=0.1797
[13:58:02]   Epoch 099 [1650/2849]  reg=-0.9439  cls=0.3500  rmse=0.1794
[13:58:02]   Epoch 099 [1700/2849]  reg=-0.9651  cls=0.3468  rmse=0.1791
[13:58:03]   Epoch 099 [1750/2849]  reg=-0.9635  cls=0.3164  rmse=0.1833
[13:58:03]   Epoch 099 [1800/2849]  reg=-0.9655  cls=0.2941  rmse=0.1829
[13:58:04]   Epoch 099 [1850/2849]  reg=-0.9601  cls=0.3817  rmse=0.1830
[13:58:04]   Epoch 099 [1900/2849]  reg=-0.9616  cls=0.3104  rmse=0.1827
[13:58:05]   Epoch 099 [1950/2849]  reg=-0.9616  cls=0.3654  rmse=0.1825
[13:58:05]   Epoch 099 [2000/2849]  reg=-0.9641  cls=0.3436  rmse=0.1823
[13:58:06]   Epoch 099 [2050/2849]  reg=-0.9543  cls=0.3187  rmse=0.1820
[13:58:06]   Epoch 099 [2100/2849]  reg=-0.9649  cls=0.3103  rmse=0.1818
[13:58:07]   Epoch 099 [2150/2849]  reg=-0.9661  cls=0.3104  rmse=0.1816
[13:58:07]   Epoch 099 [2200/2849]  reg=-0.9659  cls=0.3190  rmse=0.1814
[13:58:08]   Epoch 099 [2250/2849]  reg=-0.9469  cls=0.3710  rmse=0.1812
[13:58:08]   Epoch 099 [2300/2849]  reg=-0.9713  cls=0.3093  rmse=0.1809
[13:58:09]   Epoch 099 [2350/2849]  reg=-0.9637  cls=0.3812  rmse=0.1810
[13:58:09]   Epoch 099 [2400/2849]  reg=-0.9638  cls=0.3369  rmse=0.1808
[13:58:10]   Epoch 099 [2450/2849]  reg=-0.9636  cls=0.3220  rmse=0.1807
[13:58:10]   Epoch 099 [2500/2849]  reg=-0.9556  cls=0.3013  rmse=0.1805
[13:58:11]   Epoch 099 [2550/2849]  reg=-0.9637  cls=0.3381  rmse=0.1803
[13:58:11]   Epoch 099 [2600/2849]  reg=-0.9678  cls=0.3159  rmse=0.1801
[13:58:12]   Epoch 099 [2650/2849]  reg=-0.9719  cls=0.3074  rmse=0.1800
[13:58:12]   Epoch 099 [2700/2849]  reg=-0.9604  cls=0.2999  rmse=0.1799
[13:58:13]   Epoch 099 [2750/2849]  reg=-0.9499  cls=0.3384  rmse=0.1800
[13:58:13]   Epoch 099 [2800/2849]  reg=-0.9674  cls=0.3505  rmse=0.1812
[13:58:24] Epoch 099/100  lr=1.88e-06  train[reg=-0.9296 cls=0.3265 rmse=0.1813]  val[rmse=0.1769 cls=0.6139 xyz=(0.130,0.117,0.027) acc=0.924]  (47.5s)
[13:58:34]   Epoch 100 [  50/2849]  reg=-0.9597  cls=0.3091  rmse=0.1735
[13:58:34]   Epoch 100 [ 100/2849]  reg=-0.9663  cls=0.3310  rmse=0.1716
[13:58:35]   Epoch 100 [ 150/2849]  reg=-0.9668  cls=0.3055  rmse=0.1712
[13:58:35]   Epoch 100 [ 200/2849]  reg=-0.9550  cls=0.3384  rmse=0.1719
[13:58:36]   Epoch 100 [ 250/2849]  reg=-0.9632  cls=0.3241  rmse=0.1719
[13:58:36]   Epoch 100 [ 300/2849]  reg=-0.9525  cls=0.3235  rmse=0.1746
[13:58:37]   Epoch 100 [ 350/2849]  reg=-0.9537  cls=0.3116  rmse=0.1743
[13:58:37]   Epoch 100 [ 400/2849]  reg=-0.9668  cls=0.3307  rmse=0.1853
[13:58:38]   Epoch 100 [ 450/2849]  reg=-0.9649  cls=0.2918  rmse=0.1840
[13:58:38]   Epoch 100 [ 500/2849]  reg=-0.9697  cls=0.3443  rmse=0.1837
[13:58:39]   Epoch 100 [ 550/2849]  reg=-0.9694  cls=0.3319  rmse=0.1827
[13:58:40]   Epoch 100 [ 600/2849]  reg=-0.9614  cls=0.3056  rmse=0.1813
[13:58:40]   Epoch 100 [ 650/2849]  reg=-0.9617  cls=0.3419  rmse=0.1806
[13:58:41]   Epoch 100 [ 700/2849]  reg=-0.9619  cls=0.3319  rmse=0.1800
[13:58:41]   Epoch 100 [ 750/2849]  reg=-0.9687  cls=0.3690  rmse=0.1794
[13:58:42]   Epoch 100 [ 800/2849]  reg=-0.9565  cls=0.3388  rmse=0.1790
[13:58:42]   Epoch 100 [ 850/2849]  reg=-0.9576  cls=0.3320  rmse=0.1787
[13:58:43]   Epoch 100 [ 900/2849]  reg=-0.9597  cls=0.3147  rmse=0.1790
[13:58:43]   Epoch 100 [ 950/2849]  reg=-0.9481  cls=0.3330  rmse=0.1792
[13:58:44]   Epoch 100 [1000/2849]  reg=-0.9732  cls=0.3897  rmse=0.1795
[13:58:44]   Epoch 100 [1050/2849]  reg=-0.9535  cls=0.3060  rmse=0.1793
[13:58:45]   Epoch 100 [1100/2849]  reg=-0.9593  cls=0.3364  rmse=0.1796
[13:58:46]   Epoch 100 [1150/2849]  reg=-0.9630  cls=0.3334  rmse=0.1793
[13:58:46]   Epoch 100 [1200/2849]  reg=-0.9640  cls=0.3084  rmse=0.1791
[13:58:47]   Epoch 100 [1250/2849]  reg=-0.9572  cls=0.3152  rmse=0.1789
[13:58:47]   Epoch 100 [1300/2849]  reg=-0.9690  cls=0.3668  rmse=0.1786
[13:58:48]   Epoch 100 [1350/2849]  reg=-0.9660  cls=0.3231  rmse=0.1792
[13:58:48]   Epoch 100 [1400/2849]  reg=-0.9683  cls=0.3001  rmse=0.1790
[13:58:49]   Epoch 100 [1450/2849]  reg=-0.9683  cls=0.3401  rmse=0.1792
[13:58:49]   Epoch 100 [1500/2849]  reg=-0.9633  cls=0.3141  rmse=0.1789
[13:58:50]   Epoch 100 [1550/2849]  reg=-0.9682  cls=0.3543  rmse=0.1787
[13:58:50]   Epoch 100 [1600/2849]  reg=-0.9647  cls=0.3276  rmse=0.1785
[13:58:51]   Epoch 100 [1650/2849]  reg=-0.9587  cls=0.3191  rmse=0.1785
[13:58:51]   Epoch 100 [1700/2849]  reg=-0.9663  cls=0.3326  rmse=0.1784
[13:58:52]   Epoch 100 [1750/2849]  reg=-0.9665  cls=0.3454  rmse=0.1782
[13:58:52]   Epoch 100 [1800/2849]  reg=-0.9773  cls=0.3578  rmse=0.1781
[13:58:53]   Epoch 100 [1850/2849]  reg=-0.9559  cls=0.2950  rmse=0.1781
[13:58:53]   Epoch 100 [1900/2849]  reg=-0.9747  cls=0.3551  rmse=0.1779
[13:58:54]   Epoch 100 [1950/2849]  reg=-0.9639  cls=0.3291  rmse=0.1780
[13:58:54]   Epoch 100 [2000/2849]  reg=-0.9628  cls=0.3003  rmse=0.1781
[13:58:55]   Epoch 100 [2050/2849]  reg=-0.9645  cls=0.3208  rmse=0.1799
[13:58:55]   Epoch 100 [2100/2849]  reg=-0.9644  cls=0.3520  rmse=0.1816
[13:58:56]   Epoch 100 [2150/2849]  reg=-0.9636  cls=0.3194  rmse=0.1813
[13:58:56]   Epoch 100 [2200/2849]  reg=-0.9607  cls=0.3043  rmse=0.1814
[13:58:57]   Epoch 100 [2250/2849]  reg=-0.9675  cls=0.3267  rmse=0.1812
[13:58:57]   Epoch 100 [2300/2849]  reg=-0.9650  cls=0.3145  rmse=0.1809
[13:58:58]   Epoch 100 [2350/2849]  reg=-0.9509  cls=0.3145  rmse=0.1807
[13:58:59]   Epoch 100 [2400/2849]  reg=-0.9704  cls=0.3243  rmse=0.1806
[13:58:59]   Epoch 100 [2450/2849]  reg=-0.9608  cls=0.2992  rmse=0.1804
[13:58:59]   Epoch 100 [2500/2849]  reg=-0.9680  cls=0.3481  rmse=0.1807
[13:59:00]   Epoch 100 [2550/2849]  reg=-0.9590  cls=0.3443  rmse=0.1804
[13:59:00]   Epoch 100 [2600/2849]  reg=-0.9685  cls=0.3083  rmse=0.1803
[13:59:01]   Epoch 100 [2650/2849]  reg=-0.9706  cls=0.2976  rmse=0.1803
[13:59:01]   Epoch 100 [2700/2849]  reg=-0.9400  cls=0.3770  rmse=0.1801
[13:59:02]   Epoch 100 [2750/2849]  reg=-0.9676  cls=0.3180  rmse=0.1799
[13:59:03]   Epoch 100 [2800/2849]  reg=-0.9672  cls=0.3106  rmse=0.1798
[13:59:14] Epoch 100/100  lr=1.61e-06  train[reg=-0.9369 cls=0.3269 rmse=0.1799]  val[rmse=0.1769 cls=0.6144 xyz=(0.130,0.117,0.027) acc=0.924]  (49.2s)
[13:59:14]   ckpt 저장: out_classifier2\checkpoints\epoch_100.pth
[13:59:14] 학습 완료. Best val rmse_hard: 0.1766
[13:59:14] ============================================================
[13:59:14] 테스트 평가 (best.pth 로드)
[13:59:23] Test  rmse=0.1712  xyz=(0.120,0.119,0.025)  cls=0.5457  acc=0.939
